year,month,province,age_group,role,accidents,injuries,serious_injuries,minor_injuries,fatalities
2024,1,Agrigento,55-59,Driver,1,1,0,1,0
2024,2,Agrigento,20-24,Driver,3,2,0,2,0
2024,2,Agrigento,30-44,Driver,2,2,1,1,0
2024,2,Agrigento,30-44,Passenger,1,1,1,0,0
2024,2,Agrigento,45-54,Driver,1,1,0,1,0
2024,2,Agrigento,55-59,Driver,2,2,2,0,0
2024,3,Agrigento,20-24,Driver,1,1,0,1,0
2024,3,Agrigento,25-29,Passenger,1,1,0,1,0
2024,3,Agrigento,30-44,Driver,2,1,0,1,0
2024,3,Agrigento,30-44,Passenger,1,0,0,0,0
2024,3,Agrigento,45-54,Driver,1,1,0,1,0
2024,3,Agrigento,55-59,Driver,1,1,0,1,0
2024,3,Agrigento,65+,Driver,1,0,0,0,0
2024,4,Agrigento,18-20,Driver,1,1,0,1,0
2024,4,Agrigento,18-20,Passenger,1,1,0,1,0
2024,4,Agrigento,20-24,Driver,2,1,0,1,0
2024,4,Agrigento,20-24,Pedestrian,1,0,0,0,0
2024,4,Agrigento,25-29,Driver,1,1,0,1,0
2024,4,Agrigento,25-29,Passenger,1,1,0,1,0
2024,4,Agrigento,30-44,Driver,3,3,1,2,0
2024,4,Agrigento,30-44,Passenger,1,1,0,1,0
2024,4,Agrigento,45-54,Driver,2,2,0,2,0
2024,4,Agrigento,45-54,Passenger,3,2,0,2,0
2024,4,Agrigento,55-59,Passenger,4,4,0,4,0
2024,4,Agrigento,55-59,Pedestrian,1,1,1,0,0
2024,4,Agrigento,60-64,Driver,1,1,0,1,0
2024,4,Agrigento,65+,Passenger,1,0,0,0,0
2024,5,Agrigento,30-44,Driver,1,1,0,1,0
2024,6,Agrigento,18-20,Driver,3,2,1,1,0
2024,6,Agrigento,20-24,Driver,4,4,0,4,0
2024,6,Agrigento,20-24,Pedestrian,1,1,0,1,0
2024,6,Agrigento,25-29,Driver,4,4,0,4,0
2024,6,Agrigento,30-44,Driver,8,8,1,7,0
2024,6,Agrigento,45-54,Driver,3,2,0,2,0
2024,6,Agrigento,45-54,Passenger,1,1,0,1,0
2024,6,Agrigento,55-59,Driver,4,4,1,3,0
2024,6,Agrigento,55-59,Passenger,1,1,0,1,0
2024,6,Agrigento,65+,Driver,1,1,0,1,0
2024,7,Agrigento,18-20,Passenger,1,1,0,1,0
2024,7,Agrigento,20-24,Driver,2,2,1,1,0
2024,7,Agrigento,20-24,Passenger,1,1,0,1,0
2024,7,Agrigento,25-29,Driver,1,1,0,1,0
2024,7,Agrigento,30-44,Driver,1,1,0,1,0
2024,7,Agrigento,30-44,Passenger,1,1,0,1,0
2024,7,Agrigento,45-54,Driver,2,1,0,1,0
2024,7,Agrigento,45-54,Passenger,2,2,1,1,0
2024,7,Agrigento,45-54,Pedestrian,1,1,1,0,0
2024,7,Agrigento,55-59,Driver,1,1,1,0,0
2024,7,Agrigento,55-59,Passenger,1,0,0,0,0
2024,7,Agrigento,60-64,Driver,2,2,0,2,0
2024,7,Agrigento,65+,Passenger,1,0,0,0,0
2024,8,Agrigento,18-20,Driver,2,2,1,1,0
2024,8,Agrigento,20-24,Driver,3,2,0,2,0
2024,8,Agrigento,20-24,Passenger,1,0,0,0,0
2024,8,Agrigento,30-44,Driver,2,2,0,2,0
2024,8,Agrigento,30-44,Passenger,1,1,0,1,0
2024,8,Agrigento,45-54,Passenger,1,0,0,0,0
2024,8,Agrigento,45-54,Pedestrian,1,1,0,1,0
2024,8,Agrigento,55-59,Driver,2,2,0,2,0
2024,8,Agrigento,60-64,Driver,1,1,0,1,0
2024,8,Agrigento,60-64,Passenger,1,1,0,1,0
2024,9,Agrigento,20-24,Driver,1,0,0,0,0
2024,9,Agrigento,25-29,Driver,1,0,0,0,0
2024,9,Agrigento,25-29,Pedestrian,2,1,0,1,0
2024,9,Agrigento,30-44,Driver,7,7,0,7,0
2024,9,Agrigento,30-44,Passenger,3,3,0,3,1
2024,9,Agrigento,55-59,Driver,1,1,0,1,0
2024,9,Agrigento,60-64,Driver,1,0,0,0,0
2024,9,Agrigento,60-64,Pedestrian,1,0,0,0,1
2024,10,Agrigento,18-20,Passenger,1,1,0,1,0
2024,10,Agrigento,20-24,Driver,1,1,0,1,0
2024,10,Agrigento,20-24,Passenger,1,0,0,0,0
2024,10,Agrigento,25-29,Driver,3,3,2,1,0
2024,10,Agrigento,25-29,Passenger,1,1,0,1,0
2024,10,Agrigento,30-44,Driver,4,3,1,2,0
2024,10,Agrigento,30-44,Passenger,4,4,2,2,0
2024,10,Agrigento,45-54,Driver,1,1,0,1,0
2024,10,Agrigento,45-54,Passenger,2,2,0,2,0
2024,10,Agrigento,60-64,Driver,1,1,0,1,0
2024,11,Agrigento,18-20,Driver,1,0,0,0,0
2024,11,Agrigento,25-29,Driver,1,0,0,0,0
2024,11,Agrigento,30-44,Passenger,3,3,2,1,0
2024,11,Agrigento,55-59,Driver,1,1,1,0,0
2024,12,Agrigento,18-20,Driver,1,1,0,1,0
2024,12,Agrigento,18-20,Passenger,1,1,0,1,0
2024,12,Agrigento,20-24,Driver,2,2,0,2,0
2024,12,Agrigento,20-24,Passenger,1,1,0,1,1
2024,12,Agrigento,25-29,Driver,1,1,0,1,0
2024,12,Agrigento,25-29,Pedestrian,1,0,0,0,0
2024,12,Agrigento,30-44,Driver,2,1,1,0,0
2024,12,Agrigento,30-44,Passenger,2,1,0,1,0
2024,12,Agrigento,30-44,Pedestrian,1,1,0,1,0
2024,12,Agrigento,45-54,Driver,2,2,0,2,0
2024,12,Agrigento,55-59,Passenger,1,1,1,0,0
2024,12,Agrigento,60-64,Driver,2,0,0,0,0
2024,12,Agrigento,65+,Driver,2,1,0,1,0
2024,1,Alessandria,18-20,Driver,1,1,0,1,0
2024,1,Alessandria,18-20,Passenger,2,2,0,2,0
2024,1,Alessandria,20-24,Driver,2,2,0,2,0
2024,1,Alessandria,25-29,Driver,1,1,0,1,0
2024,1,Alessandria,25-29,Passenger,1,1,0,1,0
2024,1,Alessandria,30-44,Driver,3,2,1,1,0
2024,1,Alessandria,30-44,Passenger,1,0,0,0,0
2024,1,Alessandria,30-44,Pedestrian,1,1,0,1,0
2024,1,Alessandria,45-54,Driver,2,1,0,1,0
2024,1,Alessandria,45-54,Passenger,1,1,0,1,0
2024,1,Alessandria,55-59,Driver,3,3,2,1,0
2024,1,Alessandria,55-59,Passenger,1,1,1,0,0
2024,1,Alessandria,65+,Driver,1,1,0,1,0
2024,2,Alessandria,18-20,Driver,3,3,0,3,0
2024,2,Alessandria,18-20,Pedestrian,1,1,0,1,0
2024,2,Alessandria,20-24,Passenger,1,1,0,1,0
2024,2,Alessandria,30-44,Driver,3,3,0,3,0
2024,2,Alessandria,30-44,Pedestrian,1,1,1,0,0
2024,2,Alessandria,55-59,Driver,1,1,0,1,0
2024,2,Alessandria,60-64,Driver,1,1,1,0,0
2024,2,Alessandria,65+,Pedestrian,1,1,1,0,0
2024,3,Alessandria,18-20,Driver,1,1,1,0,0
2024,3,Alessandria,18-20,Passenger,1,1,0,1,0
2024,3,Alessandria,20-24,Driver,2,2,0,2,0
2024,3,Alessandria,20-24,Passenger,2,2,0,2,0
2024,3,Alessandria,25-29,Passenger,2,2,0,2,0
2024,3,Alessandria,30-44,Driver,2,2,1,1,0
2024,3,Alessandria,30-44,Passenger,1,0,0,0,0
2024,3,Alessandria,45-54,Driver,4,3,1,2,0
2024,3,Alessandria,60-64,Driver,4,3,0,3,0
2024,3,Alessandria,65+,Driver,1,1,0,1,0
2024,4,Alessandria,20-24,Driver,1,1,1,0,0
2024,4,Alessandria,25-29,Driver,1,1,0,1,0
2024,4,Alessandria,30-44,Driver,1,1,0,1,0
2024,4,Alessandria,45-54,Driver,1,1,0,1,0
2024,4,Alessandria,45-54,Passenger,1,1,1,0,0
2024,5,Alessandria,18-20,Driver,1,1,0,1,0
2024,5,Alessandria,20-24,Driver,1,1,0,1,0
2024,5,Alessandria,20-24,Passenger,3,2,0,2,0
2024,5,Alessandria,25-29,Driver,2,0,0,0,0
2024,5,Alessandria,30-44,Driver,2,2,0,2,0
2024,5,Alessandria,30-44,Passenger,2,1,1,0,0
2024,5,Alessandria,30-44,Pedestrian,1,1,0,1,0
2024,5,Alessandria,45-54,Driver,1,1,1,0,0
2024,6,Alessandria,18-20,Passenger,1,1,0,1,0
2024,6,Alessandria,20-24,Driver,3,3,1,2,0
2024,6,Alessandria,20-24,Passenger,2,2,0,2,0
2024,6,Alessandria,25-29,Driver,1,1,0,1,0
2024,6,Alessandria,25-29,Passenger,2,2,0,2,0
2024,6,Alessandria,30-44,Driver,2,2,0,2,0
2024,6,Alessandria,30-44,Pedestrian,1,1,0,1,0
2024,6,Alessandria,45-54,Driver,3,3,1,2,0
2024,6,Alessandria,60-64,Driver,2,2,0,2,0
2024,6,Alessandria,65+,Driver,1,1,0,1,0
2024,7,Alessandria,18-20,Driver,1,1,0,1,0
2024,7,Alessandria,20-24,Driver,2,2,0,2,0
2024,7,Alessandria,20-24,Passenger,1,1,1,0,0
2024,7,Alessandria,25-29,Driver,2,2,0,2,0
2024,7,Alessandria,25-29,Passenger,1,1,0,1,0
2024,7,Alessandria,30-44,Driver,1,1,0,1,0
2024,7,Alessandria,45-54,Driver,5,4,0,4,0
2024,7,Alessandria,55-59,Driver,2,2,1,1,0
2024,7,Alessandria,55-59,Pedestrian,1,1,0,1,0
2024,7,Alessandria,65+,Driver,1,0,0,0,0
2024,8,Alessandria,18-20,Driver,2,2,0,2,0
2024,8,Alessandria,18-20,Passenger,1,1,1,0,0
2024,8,Alessandria,20-24,Driver,1,1,0,1,0
2024,8,Alessandria,20-24,Passenger,1,1,0,1,0
2024,8,Alessandria,25-29,Driver,1,1,0,1,0
2024,8,Alessandria,25-29,Pedestrian,2,2,2,0,0
2024,8,Alessandria,30-44,Driver,5,5,1,4,0
2024,8,Alessandria,30-44,Passenger,4,4,1,3,0
2024,8,Alessandria,45-54,Driver,2,2,0,2,0
2024,8,Alessandria,55-59,Driver,3,2,1,1,0
2024,8,Alessandria,55-59,Pedestrian,2,2,1,1,0
2024,8,Alessandria,65+,Driver,1,1,1,0,0
2024,9,Alessandria,20-24,Driver,2,1,0,1,0
2024,9,Alessandria,25-29,Driver,2,2,0,2,0
2024,9,Alessandria,30-44,Driver,1,0,0,0,0
2024,9,Alessandria,30-44,Pedestrian,1,1,0,1,0
2024,9,Alessandria,45-54,Passenger,3,1,0,1,0
2024,9,Alessandria,55-59,Driver,3,2,0,2,0
2024,9,Alessandria,55-59,Passenger,1,1,0,1,0
2024,10,Alessandria,18-20,Driver,1,1,0,1,0
2024,10,Alessandria,20-24,Driver,4,3,2,1,0
2024,10,Alessandria,20-24,Passenger,2,2,0,2,0
2024,10,Alessandria,25-29,Driver,1,1,0,1,0
2024,10,Alessandria,25-29,Passenger,1,1,1,0,0
2024,10,Alessandria,30-44,Driver,5,5,1,4,0
2024,10,Alessandria,30-44,Passenger,3,3,0,3,0
2024,10,Alessandria,45-54,Driver,3,3,0,3,0
2024,10,Alessandria,55-59,Driver,5,5,1,4,0
2024,10,Alessandria,60-64,Passenger,1,1,1,0,0
2024,10,Alessandria,65+,Passenger,1,1,0,1,0
2024,11,Alessandria,60-64,Passenger,1,0,0,0,0
2024,12,Alessandria,18-20,Driver,1,1,0,1,0
2024,12,Alessandria,20-24,Passenger,1,1,0,1,0
2024,12,Alessandria,20-24,Pedestrian,2,2,0,2,0
2024,12,Alessandria,25-29,Driver,1,1,0,1,0
2024,12,Alessandria,30-44,Driver,6,6,3,3,0
2024,12,Alessandria,30-44,Passenger,2,1,0,1,0
2024,12,Alessandria,45-54,Driver,2,2,0,2,0
2024,12,Alessandria,45-54,Passenger,2,1,1,0,0
2024,12,Alessandria,45-54,Pedestrian,1,0,0,0,0
2024,12,Alessandria,55-59,Driver,1,1,0,1,0
2024,12,Alessandria,60-64,Passenger,1,1,1,0,0
2024,12,Alessandria,65+,Driver,2,1,0,1,0
2024,1,Ancona,18-20,Passenger,1,0,0,0,0
2024,1,Ancona,20-24,Driver,1,1,0,1,0
2024,1,Ancona,30-44,Driver,1,1,0,1,0
2024,1,Ancona,30-44,Passenger,2,1,0,1,0
2024,1,Ancona,45-54,Driver,1,0,0,0,0
2024,1,Ancona,55-59,Driver,2,2,0,2,0
2024,2,Ancona,18-20,Driver,1,1,0,1,0
2024,2,Ancona,20-24,Driver,1,1,0,1,0
2024,2,Ancona,20-24,Passenger,1,0,0,0,0
2024,2,Ancona,25-29,Driver,2,1,0,1,0
2024,2,Ancona,25-29,Passenger,1,0,0,0,0
2024,2,Ancona,25-29,Pedestrian,1,1,1,0,0
2024,2,Ancona,30-44,Driver,1,0,0,0,0
2024,2,Ancona,30-44,Passenger,1,1,0,1,0
2024,2,Ancona,45-54,Driver,2,2,0,2,0
2024,2,Ancona,55-59,Passenger,1,1,0,1,0
2024,2,Ancona,60-64,Driver,1,1,0,1,0
2024,2,Ancona,60-64,Pedestrian,1,1,1,0,0
2024,2,Ancona,65+,Passenger,2,2,1,1,0
2024,3,Ancona,18-20,Driver,4,3,0,3,0
2024,3,Ancona,18-20,Pedestrian,1,1,0,1,0
2024,3,Ancona,20-24,Driver,1,0,0,0,0
2024,3,Ancona,20-24,Passenger,1,0,0,0,0
2024,3,Ancona,25-29,Driver,3,3,0,3,0
2024,3,Ancona,25-29,Passenger,1,1,0,1,0
2024,3,Ancona,25-29,Pedestrian,1,1,1,0,0
2024,3,Ancona,30-44,Driver,6,6,0,6,0
2024,3,Ancona,30-44,Passenger,1,1,1,0,0
2024,3,Ancona,30-44,Pedestrian,1,0,0,0,0
2024,3,Ancona,45-54,Driver,7,5,1,4,0
2024,3,Ancona,45-54,Pedestrian,2,1,1,0,0
2024,3,Ancona,55-59,Driver,2,2,0,2,0
2024,3,Ancona,60-64,Driver,2,2,0,2,0
2024,3,Ancona,60-64,Passenger,1,1,0,1,0
2024,3,Ancona,65+,Passenger,1,1,0,1,0
2024,4,Ancona,18-20,Driver,2,1,1,0,0
2024,4,Ancona,18-20,Pedestrian,1,1,0,1,0
2024,4,Ancona,25-29,Driver,4,2,0,2,0
2024,4,Ancona,30-44,Pedestrian,2,2,1,1,0
2024,4,Ancona,45-54,Driver,3,2,0,2,0
2024,4,Ancona,45-54,Pedestrian,1,1,0,1,0
2024,4,Ancona,55-59,Driver,1,0,0,0,0
2024,4,Ancona,55-59,Passenger,1,1,0,1,0
2024,4,Ancona,65+,Passenger,1,0,0,0,0
2024,5,Ancona,25-29,Driver,1,1,0,1,0
2024,5,Ancona,30-44,Passenger,1,1,0,1,0
2024,5,Ancona,45-54,Driver,3,2,0,2,0
2024,5,Ancona,55-59,Passenger,1,1,0,1,0
2024,6,Ancona,20-24,Driver,1,1,0,1,0
2024,6,Ancona,25-29,Driver,2,2,1,1,0
2024,6,Ancona,25-29,Passenger,1,1,0,1,0
2024,6,Ancona,25-29,Pedestrian,1,1,0,1,0
2024,6,Ancona,30-44,Driver,8,7,4,3,0
2024,6,Ancona,30-44,Passenger,2,2,0,2,0
2024,6,Ancona,30-44,Pedestrian,1,0,0,0,0
2024,6,Ancona,45-54,Driver,2,2,0,2,0
2024,6,Ancona,55-59,Passenger,1,1,0,1,0
2024,7,Ancona,18-20,Driver,2,0,0,0,0
2024,7,Ancona,18-20,Passenger,1,1,0,1,0
2024,7,Ancona,20-24,Driver,3,3,0,3,0
2024,7,Ancona,20-24,Pedestrian,3,3,0,3,0
2024,7,Ancona,25-29,Driver,3,2,1,1,0
2024,7,Ancona,25-29,Passenger,1,0,0,0,0
2024,7,Ancona,25-29,Pedestrian,1,1,0,1,0
2024,7,Ancona,30-44,Driver,4,4,1,3,0
2024,7,Ancona,30-44,Passenger,1,1,0,1,0
2024,7,Ancona,30-44,Pedestrian,1,0,0,0,0
2024,7,Ancona,45-54,Driver,3,3,1,2,0
2024,7,Ancona,55-59,Driver,1,1,1,0,0
2024,7,Ancona,55-59,Passenger,1,0,0,0,0
2024,8,Ancona,25-29,Driver,1,1,1,0,0
2024,8,Ancona,25-29,Passenger,1,1,0,1,0
2024,8,Ancona,30-44,Passenger,1,0,0,0,0
2024,8,Ancona,45-54,Driver,1,1,0,1,0
2024,8,Ancona,45-54,Passenger,1,1,0,1,0
2024,8,Ancona,55-59,Driver,1,1,0,1,0
2024,8,Ancona,60-64,Pedestrian,1,1,0,1,0
2024,9,Ancona,18-20,Driver,5,5,1,4,0
2024,9,Ancona,20-24,Driver,3,2,1,1,0
2024,9,Ancona,20-24,Passenger,2,2,0,2,0
2024,9,Ancona,25-29,Passenger,2,2,1,1,0
2024,9,Ancona,30-44,Driver,5,4,1,3,0
2024,9,Ancona,30-44,Passenger,4,4,1,3,0
2024,9,Ancona,30-44,Pedestrian,1,1,0,1,0
2024,9,Ancona,45-54,Driver,5,4,0,4,0
2024,9,Ancona,55-59,Driver,2,1,1,0,0
2024,9,Ancona,60-64,Driver,1,1,0,1,0
2024,9,Ancona,65+,Driver,2,1,0,1,0
2024,10,Ancona,20-24,Driver,2,2,0,2,0
2024,10,Ancona,20-24,Passenger,2,1,0,1,0
2024,10,Ancona,25-29,Driver,1,1,0,1,0
2024,10,Ancona,30-44,Driver,7,6,1,5,0
2024,10,Ancona,30-44,Passenger,5,5,0,5,0
2024,10,Ancona,45-54,Driver,5,5,1,4,0
2024,10,Ancona,55-59,Driver,1,1,0,1,0
2024,10,Ancona,55-59,Passenger,1,1,0,1,0
2024,10,Ancona,60-64,Passenger,1,1,0,1,0
2024,10,Ancona,60-64,Pedestrian,1,1,0,1,0
2024,10,Ancona,65+,Driver,1,0,0,0,0
2024,11,Ancona,18-20,Driver,1,1,0,1,0
2024,11,Ancona,18-20,Passenger,1,1,0,1,0
2024,11,Ancona,20-24,Driver,2,2,1,1,0
2024,11,Ancona,20-24,Passenger,1,1,0,1,0
2024,11,Ancona,20-24,Pedestrian,1,1,0,1,0
2024,11,Ancona,25-29,Driver,3,3,0,3,0
2024,11,Ancona,30-44,Driver,6,4,1,3,0
2024,11,Ancona,30-44,Passenger,2,2,0,2,0
2024,11,Ancona,30-44,Pedestrian,1,1,0,1,0
2024,11,Ancona,45-54,Passenger,2,2,0,2,0
2024,11,Ancona,55-59,Driver,3,3,0,3,0
2024,11,Ancona,60-64,Driver,1,1,0,1,0
2024,11,Ancona,60-64,Passenger,1,1,0,1,0
2024,12,Ancona,18-20,Driver,1,1,0,1,0
2024,12,Ancona,18-20,Passenger,1,1,0,1,0
2024,12,Ancona,20-24,Driver,1,1,0,1,0
2024,12,Ancona,20-24,Passenger,1,1,1,0,0
2024,12,Ancona,25-29,Driver,2,1,0,1,0
2024,12,Ancona,25-29,Passenger,1,1,1,0,0
2024,12,Ancona,25-29,Pedestrian,1,0,0,0,0
2024,12,Ancona,30-44,Driver,3,3,0,3,0
2024,12,Ancona,30-44,Passenger,2,2,1,1,0
2024,12,Ancona,45-54,Driver,4,4,0,4,0
2024,12,Ancona,45-54,Passenger,1,1,0,1,0
2024,12,Ancona,55-59,Driver,1,1,1,0,0
2024,12,Ancona,55-59,Passenger,2,1,0,1,0
2024,12,Ancona,55-59,Pedestrian,1,1,1,0,0
2024,1,Aosta,20-24,Driver,1,1,0,1,0
2024,1,Aosta,30-44,Driver,1,1,0,1,0
2024,1,Aosta,30-44,Passenger,1,0,0,0,0
2024,1,Aosta,45-54,Passenger,1,0,0,0,0
2024,1,Aosta,55-59,Driver,1,1,0,1,0
2024,1,Aosta,55-59,Passenger,1,1,0,1,0
2024,1,Aosta,55-59,Pedestrian,1,1,0,1,0
2024,2,Aosta,18-20,Driver,1,1,0,1,0
2024,2,Aosta,18-20,Pedestrian,1,1,0,1,0
2024,2,Aosta,30-44,Passenger,1,1,0,1,0
2024,2,Aosta,45-54,Driver,1,1,0,1,0
2024,2,Aosta,45-54,Passenger,1,0,0,0,0
2024,3,Aosta,45-54,Driver,1,1,0,1,0
2024,4,Aosta,25-29,Passenger,1,1,1,0,0
2024,4,Aosta,30-44,Driver,1,1,0,1,0
2024,5,Aosta,18-20,Driver,1,1,0,1,0
2024,5,Aosta,18-20,Passenger,1,0,0,0,0
2024,5,Aosta,20-24,Driver,1,0,0,0,0
2024,5,Aosta,25-29,Passenger,1,1,0,1,0
2024,5,Aosta,30-44,Driver,1,1,0,1,0
2024,5,Aosta,60-64,Passenger,1,0,0,0,0
2024,6,Aosta,18-20,Driver,2,2,0,2,0
2024,6,Aosta,18-20,Passenger,1,1,0,1,0
2024,6,Aosta,25-29,Driver,1,1,0,1,0
2024,6,Aosta,30-44,Driver,2,1,0,1,0
2024,7,Aosta,20-24,Driver,1,0,0,0,0
2024,7,Aosta,30-44,Driver,1,1,0,1,0
2024,7,Aosta,55-59,Pedestrian,1,0,0,0,0
2024,8,Aosta,18-20,Passenger,1,0,0,0,0
2024,8,Aosta,25-29,Driver,1,1,0,1,0
2024,8,Aosta,30-44,Driver,1,1,0,1,0
2024,8,Aosta,55-59,Driver,1,0,0,0,0
2024,9,Aosta,18-20,Driver,1,1,0,1,0
2024,9,Aosta,25-29,Driver,1,1,0,1,0
2024,9,Aosta,25-29,Passenger,1,1,1,0,0
2024,9,Aosta,30-44,Driver,2,2,0,2,0
2024,9,Aosta,45-54,Driver,2,2,0,2,0
2024,9,Aosta,45-54,Passenger,1,1,1,0,0
2024,9,Aosta,60-64,Passenger,1,1,1,0,0
2024,10,Aosta,18-20,Driver,1,1,0,1,0
2024,10,Aosta,20-24,Driver,2,2,1,1,0
2024,10,Aosta,20-24,Passenger,1,1,0,1,0
2024,10,Aosta,30-44,Driver,1,1,0,1,0
2024,10,Aosta,45-54,Driver,1,0,0,0,0
2024,10,Aosta,55-59,Driver,1,1,0,1,0
2024,11,Aosta,20-24,Driver,3,3,2,1,0
2024,11,Aosta,30-44,Driver,3,1,0,1,0
2024,11,Aosta,30-44,Pedestrian,1,1,1,0,0
2024,11,Aosta,45-54,Driver,2,2,2,0,0
2024,11,Aosta,45-54,Passenger,1,1,0,1,0
2024,11,Aosta,55-59,Pedestrian,1,1,0,1,0
2024,11,Aosta,60-64,Driver,1,0,0,0,0
2024,12,Aosta,30-44,Pedestrian,1,1,0,1,0
2024,1,Arezzo,18-20,Driver,1,1,0,1,0
2024,1,Arezzo,20-24,Driver,3,3,0,3,0
2024,1,Arezzo,25-29,Driver,2,2,2,0,0
2024,1,Arezzo,25-29,Passenger,1,1,0,1,0
2024,1,Arezzo,30-44,Driver,2,2,1,1,0
2024,1,Arezzo,30-44,Passenger,2,1,0,1,0
2024,1,Arezzo,45-54,Driver,1,1,0,1,0
2024,1,Arezzo,45-54,Passenger,1,1,0,1,0
2024,1,Arezzo,55-59,Driver,1,1,0,1,0
2024,1,Arezzo,65+,Passenger,1,0,0,0,0
2024,2,Arezzo,18-20,Pedestrian,1,1,0,1,0
2024,2,Arezzo,20-24,Driver,1,1,0,1,0
2024,2,Arezzo,30-44,Driver,1,1,1,0,0
2024,2,Arezzo,45-54,Pedestrian,1,1,0,1,0
2024,2,Arezzo,55-59,Driver,2,1,1,0,0
2024,3,Arezzo,18-20,Driver,1,1,1,0,0
2024,3,Arezzo,18-20,Pedestrian,1,1,0,1,0
2024,3,Arezzo,20-24,Driver,4,3,0,3,0
2024,3,Arezzo,20-24,Passenger,1,1,0,1,0
2024,3,Arezzo,25-29,Driver,2,2,0,2,0
2024,3,Arezzo,25-29,Passenger,1,1,0,1,0
2024,3,Arezzo,30-44,Driver,1,1,0,1,0
2024,3,Arezzo,30-44,Passenger,2,2,0,2,0
2024,3,Arezzo,45-54,Driver,4,4,0,4,0
2024,3,Arezzo,45-54,Passenger,4,4,2,2,0
2024,3,Arezzo,55-59,Driver,2,2,1,1,0
2024,3,Arezzo,55-59,Pedestrian,1,1,0,1,0
2024,3,Arezzo,60-64,Driver,1,1,0,1,0
2024,3,Arezzo,65+,Passenger,1,1,0,1,0
2024,4,Arezzo,18-20,Driver,1,1,0,1,0
2024,4,Arezzo,20-24,Driver,5,3,1,2,0
2024,4,Arezzo,25-29,Driver,3,2,2,0,1
2024,4,Arezzo,30-44,Driver,4,2,0,2,0
2024,4,Arezzo,30-44,Passenger,1,1,1,0,0
2024,4,Arezzo,45-54,Driver,2,2,0,2,0
2024,4,Arezzo,55-59,Driver,2,1,0,1,0
2024,4,Arezzo,65+,Driver,1,0,0,0,0
2024,4,Arezzo,65+,Passenger,1,1,0,1,0
2024,5,Arezzo,18-20,Driver,1,1,1,0,0
2024,5,Arezzo,18-20,Passenger,1,1,0,1,0
2024,5,Arezzo,20-24,Driver,3,3,0,3,0
2024,5,Arezzo,20-24,Passenger,1,1,0,1,0
2024,5,Arezzo,25-29,Driver,2,0,0,0,0
2024,5,Arezzo,30-44,Driver,1,0,0,0,0
2024,5,Arezzo,30-44,Passenger,1,1,1,0,0
2024,5,Arezzo,45-54,Driver,1,0,0,0,0
2024,5,Arezzo,45-54,Passenger,2,2,1,1,0
2024,6,Arezzo,18-20,Driver,1,1,0,1,0
2024,6,Arezzo,25-29,Driver,1,1,0,1,0
2024,6,Arezzo,25-29,Passenger,1,0,0,0,0
2024,6,Arezzo,30-44,Driver,2,2,0,2,0
2024,6,Arezzo,30-44,Pedestrian,1,1,0,1,0
2024,6,Arezzo,45-54,Passenger,1,1,0,1,0
2024,6,Arezzo,55-59,Driver,1,1,0,1,0
2024,6,Arezzo,60-64,Passenger,1,1,0,1,0
2024,7,Arezzo,18-20,Driver,1,1,0,1,0
2024,7,Arezzo,18-20,Passenger,1,1,0,1,0
2024,7,Arezzo,20-24,Driver,2,2,0,2,0
2024,7,Arezzo,20-24,Pedestrian,1,1,0,1,0
2024,7,Arezzo,25-29,Driver,4,2,0,2,0
2024,7,Arezzo,30-44,Driver,1,0,0,0,0
2024,7,Arezzo,30-44,Pedestrian,1,1,0,1,0
2024,7,Arezzo,45-54,Driver,3,3,1,2,0
2024,7,Arezzo,45-54,Passenger,2,2,0,2,0
2024,7,Arezzo,45-54,Pedestrian,2,2,0,2,0
2024,8,Arezzo,18-20,Driver,2,2,1,1,0
2024,8,Arezzo,20-24,Driver,5,5,1,4,0
2024,8,Arezzo,20-24,Passenger,1,1,0,1,0
2024,8,Arezzo,25-29,Driver,1,1,0,1,0
2024,8,Arezzo,30-44,Passenger,1,1,0,1,0
2024,8,Arezzo,45-54,Driver,2,2,1,1,0
2024,8,Arezzo,60-64,Driver,2,2,1,1,0
2024,9,Arezzo,20-24,Driver,1,1,0,1,0
2024,9,Arezzo,25-29,Driver,3,2,1,1,0
2024,9,Arezzo,30-44,Driver,5,3,0,3,0
2024,9,Arezzo,30-44,Passenger,1,1,0,1,0
2024,9,Arezzo,45-54,Driver,3,3,0,3,0
2024,9,Arezzo,45-54,Pedestrian,1,1,1,0,0
2024,9,Arezzo,55-59,Driver,1,1,0,1,0
2024,9,Arezzo,60-64,Driver,1,1,0,1,0
2024,9,Arezzo,60-64,Passenger,1,1,1,0,0
2024,10,Arezzo,18-20,Driver,1,1,0,1,0
2024,10,Arezzo,18-20,Passenger,1,1,0,1,0
2024,10,Arezzo,20-24,Driver,3,2,1,1,0
2024,10,Arezzo,20-24,Passenger,2,2,0,2,0
2024,10,Arezzo,25-29,Driver,1,1,0,1,0
2024,10,Arezzo,30-44,Driver,1,1,1,0,0
2024,10,Arezzo,30-44,Passenger,1,0,0,0,0
2024,10,Arezzo,45-54,Driver,4,3,0,3,0
2024,10,Arezzo,55-59,Driver,1,1,0,1,0
2024,11,Arezzo,18-20,Pedestrian,1,1,0,1,0
2024,11,Arezzo,20-24,Passenger,1,0,0,0,0
2024,11,Arezzo,20-24,Pedestrian,1,1,0,1,0
2024,11,Arezzo,30-44,Driver,1,1,0,1,0
2024,11,Arezzo,30-44,Passenger,1,1,0,1,0
2024,11,Arezzo,45-54,Driver,1,1,0,1,0
2024,11,Arezzo,60-64,Passenger,1,0,0,0,0
2024,12,Arezzo,18-20,Driver,2,2,1,1,0
2024,12,Arezzo,20-24,Driver,1,0,0,0,0
2024,12,Arezzo,25-29,Driver,1,1,0,1,0
2024,12,Arezzo,30-44,Driver,2,2,2,0,0
2024,12,Arezzo,45-54,Driver,3,3,0,3,0
2024,12,Arezzo,45-54,Passenger,3,2,0,2,0
2024,12,Arezzo,60-64,Passenger,1,0,0,0,1
2024,12,Arezzo,65+,Driver,1,1,0,1,0
2024,1,Ascoli Piceno,18-20,Driver,1,1,0,1,0
2024,1,Ascoli Piceno,30-44,Driver,2,2,0,2,0
2024,1,Ascoli Piceno,30-44,Passenger,1,1,1,0,0
2024,1,Ascoli Piceno,45-54,Driver,4,3,0,3,0
2024,1,Ascoli Piceno,65+,Driver,1,1,0,1,0
2024,1,Ascoli Piceno,65+,Passenger,1,1,0,1,0
2024,2,Ascoli Piceno,30-44,Driver,2,2,1,1,0
2024,2,Ascoli Piceno,30-44,Passenger,1,0,0,0,0
2024,2,Ascoli Piceno,55-59,Passenger,1,1,1,0,0
2024,2,Ascoli Piceno,65+,Driver,1,1,0,1,0
2024,3,Ascoli Piceno,18-20,Driver,1,1,1,0,0
2024,3,Ascoli Piceno,20-24,Passenger,2,2,0,2,0
2024,3,Ascoli Piceno,25-29,Driver,3,3,0,3,0
2024,3,Ascoli Piceno,25-29,Passenger,1,1,1,0,0
2024,3,Ascoli Piceno,30-44,Driver,2,2,0,2,0
2024,3,Ascoli Piceno,30-44,Passenger,1,1,0,1,0
2024,3,Ascoli Piceno,30-44,Pedestrian,1,1,0,1,0
2024,3,Ascoli Piceno,45-54,Driver,2,1,0,1,0
2024,3,Ascoli Piceno,45-54,Passenger,1,0,0,0,0
2024,3,Ascoli Piceno,55-59,Driver,2,2,0,2,0
2024,3,Ascoli Piceno,65+,Driver,1,0,0,0,0
2024,4,Ascoli Piceno,18-20,Passenger,1,1,0,1,0
2024,4,Ascoli Piceno,20-24,Pedestrian,2,2,0,2,0
2024,4,Ascoli Piceno,25-29,Passenger,1,1,1,0,0
2024,4,Ascoli Piceno,30-44,Passenger,1,0,0,0,0
2024,4,Ascoli Piceno,55-59,Driver,1,1,0,1,0
2024,4,Ascoli Piceno,55-59,Passenger,1,1,0,1,0
2024,4,Ascoli Piceno,60-64,Driver,1,1,0,1,0
2024,4,Ascoli Piceno,60-64,Passenger,1,1,0,1,0
2024,4,Ascoli Piceno,65+,Driver,1,1,1,0,0
2024,5,Ascoli Piceno,18-20,Driver,1,1,0,1,0
2024,5,Ascoli Piceno,18-20,Passenger,1,1,1,0,0
2024,5,Ascoli Piceno,20-24,Driver,1,1,0,1,0
2024,5,Ascoli Piceno,25-29,Driver,3,3,0,3,0
2024,5,Ascoli Piceno,30-44,Driver,1,1,0,1,1
2024,5,Ascoli Piceno,30-44,Passenger,1,1,0,1,0
2024,5,Ascoli Piceno,45-54,Driver,1,1,0,1,0
2024,5,Ascoli Piceno,55-59,Driver,2,2,1,1,0
2024,6,Ascoli Piceno,18-20,Passenger,2,1,0,1,0
2024,6,Ascoli Piceno,18-20,Pedestrian,1,1,1,0,0
2024,6,Ascoli Piceno,20-24,Driver,1,1,0,1,0
2024,6,Ascoli Piceno,25-29,Driver,1,1,0,1,0
2024,6,Ascoli Piceno,25-29,Pedestrian,1,0,0,0,0
2024,6,Ascoli Piceno,45-54,Driver,1,0,0,0,0
2024,6,Ascoli Piceno,45-54,Passenger,1,1,0,1,0
2024,6,Ascoli Piceno,55-59,Driver,1,1,0,1,0
2024,6,Ascoli Piceno,60-64,Passenger,1,1,0,1,0
2024,7,Ascoli Piceno,20-24,Driver,3,3,0,3,0
2024,7,Ascoli Piceno,20-24,Pedestrian,1,1,1,0,0
2024,7,Ascoli Piceno,25-29,Driver,2,2,1,1,1
2024,7,Ascoli Piceno,25-29,Pedestrian,1,0,0,0,0
2024,7,Ascoli Piceno,30-44,Driver,4,2,2,0,0
2024,7,Ascoli Piceno,30-44,Passenger,1,0,0,0,0
2024,7,Ascoli Piceno,30-44,Pedestrian,1,0,0,0,0
2024,7,Ascoli Piceno,45-54,Driver,2,2,0,2,0
2024,7,Ascoli Piceno,55-59,Passenger,1,1,0,1,0
2024,8,Ascoli Piceno,18-20,Pedestrian,1,0,0,0,0
2024,8,Ascoli Piceno,20-24,Driver,1,1,0,1,0
2024,8,Ascoli Piceno,25-29,Driver,2,1,0,1,0
2024,8,Ascoli Piceno,30-44,Driver,1,1,0,1,0
2024,8,Ascoli Piceno,45-54,Driver,1,1,0,1,0
2024,9,Ascoli Piceno,20-24,Driver,1,0,0,0,0
2024,9,Ascoli Piceno,25-29,Driver,1,0,0,0,0
2024,9,Ascoli Piceno,30-44,Driver,4,3,0,3,0
2024,9,Ascoli Piceno,45-54,Driver,2,2,0,2,0
2024,9,Ascoli Piceno,65+,Driver,1,1,0,1,0
2024,10,Ascoli Piceno,20-24,Driver,1,1,0,1,0
2024,10,Ascoli Piceno,25-29,Driver,1,1,0,1,0
2024,10,Ascoli Piceno,30-44,Driver,2,2,0,2,0
2024,10,Ascoli Piceno,30-44,Passenger,1,1,0,1,0
2024,10,Ascoli Piceno,45-54,Driver,1,1,0,1,0
2024,10,Ascoli Piceno,45-54,Passenger,2,1,0,1,0
2024,10,Ascoli Piceno,55-59,Driver,1,1,0,1,0
2024,10,Ascoli Piceno,55-59,Passenger,1,1,0,1,0
2024,10,Ascoli Piceno,55-59,Pedestrian,1,1,1,0,0
2024,10,Ascoli Piceno,60-64,Driver,2,1,1,0,0
2024,11,Ascoli Piceno,18-20,Driver,1,0,0,0,0
2024,11,Ascoli Piceno,20-24,Driver,1,1,0,1,0
2024,11,Ascoli Piceno,25-29,Driver,1,1,0,1,0
2024,11,Ascoli Piceno,45-54,Driver,2,2,0,2,0
2024,11,Ascoli Piceno,55-59,Driver,2,2,0,2,0
2024,12,Ascoli Piceno,18-20,Pedestrian,2,1,0,1,0
2024,12,Ascoli Piceno,20-24,Driver,1,1,0,1,0
2024,12,Ascoli Piceno,25-29,Driver,1,1,0,1,0
2024,12,Ascoli Piceno,30-44,Driver,4,3,0,3,0
2024,12,Ascoli Piceno,30-44,Passenger,2,2,0,2,0
2024,12,Ascoli Piceno,45-54,Passenger,2,2,1,1,0
2024,12,Ascoli Piceno,55-59,Driver,1,1,0,1,0
2024,12,Ascoli Piceno,55-59,Passenger,1,1,0,1,0
2024,12,Ascoli Piceno,60-64,Driver,2,2,1,1,0
2024,1,Asti,20-24,Driver,1,1,0,1,0
2024,1,Asti,25-29,Driver,2,2,0,2,0
2024,1,Asti,25-29,Pedestrian,1,1,0,1,0
2024,1,Asti,30-44,Driver,3,3,0,3,0
2024,1,Asti,45-54,Driver,2,1,0,1,1
2024,1,Asti,45-54,Passenger,1,1,0,1,0
2024,1,Asti,55-59,Driver,1,1,0,1,0
2024,1,Asti,65+,Passenger,1,1,0,1,0
2024,2,Asti,18-20,Driver,1,0,0,0,0
2024,2,Asti,20-24,Driver,5,2,1,1,0
2024,2,Asti,25-29,Driver,3,3,0,3,0
2024,2,Asti,25-29,Passenger,1,1,0,1,0
2024,2,Asti,30-44,Driver,1,1,1,0,0
2024,2,Asti,30-44,Passenger,1,1,0,1,0
2024,2,Asti,30-44,Pedestrian,1,1,0,1,0
2024,2,Asti,45-54,Driver,2,1,0,1,0
2024,2,Asti,45-54,Pedestrian,1,1,0,1,0
2024,2,Asti,55-59,Pedestrian,1,0,0,0,0
2024,2,Asti,60-64,Passenger,1,1,0,1,0
2024,2,Asti,65+,Passenger,2,2,0,2,0
2024,3,Asti,25-29,Passenger,1,0,0,0,0
2024,4,Asti,20-24,Passenger,2,1,1,0,0
2024,4,Asti,20-24,Pedestrian,1,1,0,1,0
2024,4,Asti,25-29,Driver,1,1,0,1,0
2024,4,Asti,30-44,Driver,6,4,0,4,0
2024,4,Asti,30-44,Pedestrian,1,0,0,0,0
2024,4,Asti,45-54,Driver,3,2,0,2,0
2024,4,Asti,65+,Driver,1,1,0,1,0
2024,4,Asti,65+,Pedestrian,1,1,1,0,0
2024,5,Asti,18-20,Driver,2,2,1,1,0
2024,5,Asti,20-24,Driver,1,1,0,1,0
2024,5,Asti,20-24,Passenger,1,1,0,1,0
2024,5,Asti,20-24,Pedestrian,2,2,1,1,0
2024,5,Asti,25-29,Driver,1,0,0,0,0
2024,5,Asti,30-44,Driver,1,1,0,1,0
2024,5,Asti,45-54,Passenger,1,1,0,1,0
2024,5,Asti,65+,Passenger,1,1,0,1,0
2024,6,Asti,18-20,Driver,1,1,0,1,0
2024,6,Asti,20-24,Driver,1,1,1,0,0
2024,6,Asti,20-24,Passenger,1,1,0,1,0
2024,6,Asti,25-29,Passenger,1,1,0,1,0
2024,6,Asti,30-44,Driver,2,1,0,1,0
2024,6,Asti,30-44,Passenger,1,1,0,1,0
2024,7,Asti,18-20,Driver,1,1,0,1,0
2024,7,Asti,20-24,Driver,1,0,0,0,0
2024,7,Asti,25-29,Driver,4,4,0,4,0
2024,7,Asti,25-29,Passenger,1,1,1,0,0
2024,7,Asti,30-44,Driver,4,3,0,3,0
2024,7,Asti,45-54,Driver,3,3,0,3,0
2024,7,Asti,45-54,Passenger,1,1,0,1,0
2024,7,Asti,55-59,Driver,5,5,1,4,0
2024,7,Asti,55-59,Passenger,1,0,0,0,0
2024,7,Asti,60-64,Driver,3,2,1,1,0
2024,7,Asti,60-64,Passenger,2,2,1,1,0
2024,8,Asti,18-20,Driver,1,1,0,1,0
2024,8,Asti,18-20,Passenger,1,1,0,1,0
2024,8,Asti,20-24,Driver,2,2,0,2,0
2024,8,Asti,20-24,Passenger,1,1,0,1,0
2024,8,Asti,25-29,Driver,2,1,0,1,0
2024,8,Asti,30-44,Driver,3,1,0,1,0
2024,8,Asti,30-44,Passenger,2,2,0,2,0
2024,8,Asti,55-59,Driver,1,1,0,1,0
2024,8,Asti,55-59,Passenger,1,1,1,0,0
2024,9,Asti,18-20,Passenger,1,1,0,1,0
2024,9,Asti,20-24,Passenger,1,1,0,1,0
2024,9,Asti,25-29,Driver,3,3,0,3,0
2024,9,Asti,30-44,Driver,3,1,0,1,0
2024,9,Asti,30-44,Passenger,1,0,0,0,0
2024,9,Asti,45-54,Driver,3,3,1,2,0
2024,9,Asti,55-59,Driver,1,1,0,1,0
2024,9,Asti,60-64,Driver,2,1,0,1,0
2024,9,Asti,60-64,Passenger,1,0,0,0,0
2024,9,Asti,65+,Pedestrian,1,1,0,1,0
2024,10,Asti,18-20,Driver,2,1,1,0,0
2024,10,Asti,18-20,Passenger,1,1,1,0,0
2024,10,Asti,18-20,Pedestrian,1,0,0,0,0
2024,10,Asti,20-24,Driver,1,0,0,0,0
2024,10,Asti,20-24,Passenger,2,2,0,2,1
2024,10,Asti,25-29,Driver,4,1,0,1,0
2024,10,Asti,30-44,Driver,4,3,0,3,0
2024,10,Asti,30-44,Passenger,3,3,0,3,0
2024,10,Asti,45-54,Driver,2,2,1,1,0
2024,10,Asti,55-59,Pedestrian,1,0,0,0,0
2024,11,Asti,20-24,Passenger,1,1,0,1,0
2024,11,Asti,30-44,Passenger,1,0,0,0,0
2024,11,Asti,45-54,Driver,1,1,1,0,0
2024,11,Asti,55-59,Passenger,1,1,0,1,0
2024,11,Asti,60-64,Driver,2,1,0,1,0
2024,11,Asti,65+,Passenger,1,1,0,1,0
2024,12,Asti,30-44,Passenger,1,1,1,0,0
2024,12,Asti,45-54,Passenger,1,1,0,1,0
2024,1,Avellino,20-24,Driver,1,1,0,1,0
2024,1,Avellino,30-44,Driver,2,2,0,2,0
2024,1,Avellino,45-54,Driver,2,1,0,1,0
2024,1,Avellino,55-59,Driver,1,1,0,1,0
2024,1,Avellino,55-59,Passenger,1,1,0,1,0
2024,1,Avellino,65+,Driver,1,1,0,1,0
2024,1,Avellino,65+,Passenger,1,1,0,1,0
2024,2,Avellino,18-20,Driver,2,1,0,1,0
2024,2,Avellino,20-24,Driver,1,1,1,0,0
2024,2,Avellino,20-24,Passenger,1,0,0,0,0
2024,2,Avellino,25-29,Driver,3,3,2,1,0
2024,2,Avellino,30-44,Driver,2,0,0,0,0
2024,2,Avellino,30-44,Passenger,1,0,0,0,0
2024,2,Avellino,45-54,Driver,2,1,0,1,0
2024,2,Avellino,55-59,Passenger,1,1,0,1,0
2024,2,Avellino,55-59,Pedestrian,1,1,1,0,0
2024,2,Avellino,60-64,Passenger,1,0,0,0,0
2024,3,Avellino,18-20,Driver,2,1,0,1,0
2024,3,Avellino,20-24,Driver,2,2,1,1,0
2024,3,Avellino,25-29,Driver,1,1,0,1,0
2024,3,Avellino,25-29,Passenger,2,2,0,2,0
2024,3,Avellino,30-44,Driver,1,0,0,0,0
2024,3,Avellino,30-44,Passenger,2,2,2,0,0
2024,3,Avellino,45-54,Driver,3,2,0,2,1
2024,3,Avellino,55-59,Driver,4,3,1,2,0
2024,3,Avellino,65+,Passenger,2,2,0,2,0
2024,4,Avellino,18-20,Driver,1,0,0,0,0
2024,4,Avellino,20-24,Driver,3,1,0,1,0
2024,4,Avellino,25-29,Passenger,1,0,0,0,0
2024,4,Avellino,30-44,Driver,4,3,0,3,0
2024,4,Avellino,30-44,Passenger,1,1,0,1,0
2024,4,Avellino,45-54,Driver,2,2,1,1,0
2024,4,Avellino,45-54,Pedestrian,1,1,1,0,0
2024,4,Avellino,60-64,Driver,1,0,0,0,0
2024,5,Avellino,18-20,Driver,1,1,1,0,0
2024,5,Avellino,18-20,Passenger,2,1,0,1,0
2024,5,Avellino,20-24,Driver,2,1,1,0,1
2024,5,Avellino,20-24,Passenger,1,1,0,1,0
2024,5,Avellino,25-29,Driver,1,0,0,0,0
2024,5,Avellino,25-29,Passenger,1,1,0,1,0
2024,5,Avellino,25-29,Pedestrian,1,1,1,0,0
2024,5,Avellino,30-44,Driver,4,4,2,2,0
2024,5,Avellino,30-44,Passenger,2,2,0,2,0
2024,5,Avellino,30-44,Pedestrian,2,2,0,2,0
2024,5,Avellino,45-54,Driver,3,3,2,1,0
2024,5,Avellino,55-59,Driver,1,1,0,1,0
2024,5,Avellino,55-59,Passenger,1,1,0,1,0
2024,5,Avellino,55-59,Pedestrian,1,1,0,1,0
2024,5,Avellino,60-64,Driver,1,0,0,0,0
2024,5,Avellino,60-64,Passenger,1,1,0,1,0
2024,5,Avellino,60-64,Pedestrian,1,1,0,1,0
2024,6,Avellino,30-44,Driver,1,1,0,1,0
2024,7,Avellino,18-20,Passenger,1,1,1,0,0
2024,7,Avellino,20-24,Driver,2,2,0,2,0
2024,7,Avellino,25-29,Driver,1,0,0,0,0
2024,7,Avellino,30-44,Driver,2,2,0,2,0
2024,7,Avellino,45-54,Driver,6,6,1,5,0
2024,7,Avellino,55-59,Driver,1,1,0,1,0
2024,7,Avellino,60-64,Driver,1,1,0,1,0
2024,8,Avellino,18-20,Driver,1,1,1,0,0
2024,8,Avellino,20-24,Driver,3,2,1,1,0
2024,8,Avellino,25-29,Driver,1,1,0,1,0
2024,8,Avellino,30-44,Driver,1,0,0,0,0
2024,8,Avellino,45-54,Driver,2,2,1,1,0
2024,8,Avellino,45-54,Passenger,1,1,0,1,0
2024,8,Avellino,55-59,Driver,2,1,0,1,0
2024,8,Avellino,60-64,Driver,1,1,0,1,0
2024,9,Avellino,18-20,Driver,1,1,0,1,0
2024,9,Avellino,20-24,Driver,3,3,0,3,0
2024,9,Avellino,25-29,Passenger,1,1,0,1,0
2024,9,Avellino,30-44,Driver,2,0,0,0,0
2024,9,Avellino,30-44,Passenger,1,1,0,1,0
2024,9,Avellino,45-54,Driver,1,1,0,1,0
2024,9,Avellino,45-54,Passenger,1,1,1,0,0
2024,9,Avellino,55-59,Driver,1,1,0,1,0
2024,9,Avellino,55-59,Passenger,1,0,0,0,0
2024,10,Avellino,18-20,Passenger,1,1,0,1,0
2024,10,Avellino,20-24,Driver,3,1,0,1,0
2024,10,Avellino,20-24,Pedestrian,1,0,0,0,0
2024,10,Avellino,25-29,Driver,2,2,1,1,0
2024,10,Avellino,25-29,Pedestrian,1,1,1,0,0
2024,10,Avellino,30-44,Driver,2,2,0,2,0
2024,10,Avellino,30-44,Passenger,1,0,0,0,0
2024,10,Avellino,30-44,Pedestrian,1,1,0,1,0
2024,10,Avellino,45-54,Driver,1,0,0,0,0
2024,10,Avellino,45-54,Passenger,2,2,0,2,0
2024,10,Avellino,55-59,Driver,2,2,0,2,0
2024,10,Avellino,60-64,Driver,2,0,0,0,0
2024,10,Avellino,65+,Driver,1,1,0,1,0
2024,11,Avellino,18-20,Driver,1,1,1,0,0
2024,11,Avellino,25-29,Driver,1,0,0,0,0
2024,11,Avellino,25-29,Passenger,1,1,0,1,0
2024,11,Avellino,30-44,Driver,1,0,0,0,0
2024,11,Avellino,30-44,Passenger,1,1,0,1,0
2024,11,Avellino,30-44,Pedestrian,1,1,0,1,0
2024,11,Avellino,45-54,Driver,1,1,0,1,0
2024,11,Avellino,65+,Passenger,1,0,0,0,0
2024,12,Avellino,18-20,Driver,2,2,0,2,0
2024,12,Avellino,20-24,Driver,1,1,0,1,0
2024,12,Avellino,20-24,Passenger,1,1,0,1,0
2024,12,Avellino,25-29,Driver,3,3,1,2,0
2024,12,Avellino,25-29,Passenger,2,2,0,2,0
2024,12,Avellino,30-44,Driver,1,1,1,0,0
2024,12,Avellino,45-54,Driver,3,1,0,1,0
2024,12,Avellino,55-59,Driver,4,4,1,3,0
2024,12,Avellino,60-64,Driver,3,2,0,2,0
2024,1,Bari,18-20,Driver,4,2,0,2,0
2024,1,Bari,18-20,Passenger,1,0,0,0,0
2024,1,Bari,18-20,Pedestrian,1,1,0,1,0
2024,1,Bari,20-24,Driver,5,4,0,4,1
2024,1,Bari,20-24,Passenger,3,2,0,2,0
2024,1,Bari,20-24,Pedestrian,1,1,0,1,0
2024,1,Bari,25-29,Driver,3,2,0,2,0
2024,1,Bari,25-29,Passenger,2,1,0,1,0
2024,1,Bari,25-29,Pedestrian,1,1,0,1,0
2024,1,Bari,30-44,Driver,10,8,1,7,0
2024,1,Bari,30-44,Passenger,5,4,1,3,0
2024,1,Bari,45-54,Driver,4,4,1,3,0
2024,1,Bari,45-54,Passenger,2,1,0,1,0
2024,1,Bari,55-59,Driver,3,3,0,3,0
2024,1,Bari,55-59,Passenger,2,2,0,2,0
2024,1,Bari,60-64,Driver,3,2,0,2,0
2024,1,Bari,60-64,Passenger,1,1,0,1,0
2024,1,Bari,65+,Driver,1,1,0,1,0
2024,1,Bari,65+,Passenger,1,1,0,1,0
2024,2,Bari,18-20,Driver,6,2,0,2,0
2024,2,Bari,18-20,Passenger,4,3,1,2,0
2024,2,Bari,20-24,Driver,11,11,1,10,0
2024,2,Bari,20-24,Passenger,3,2,1,1,0
2024,2,Bari,20-24,Pedestrian,1,1,0,1,0
2024,2,Bari,25-29,Driver,13,10,3,7,0
2024,2,Bari,25-29,Passenger,4,4,0,4,0
2024,2,Bari,25-29,Pedestrian,1,0,0,0,0
2024,2,Bari,30-44,Driver,29,24,2,22,1
2024,2,Bari,30-44,Passenger,2,1,0,1,1
2024,2,Bari,45-54,Driver,18,16,2,14,1
2024,2,Bari,45-54,Passenger,2,2,1,1,0
2024,2,Bari,55-59,Driver,4,3,0,3,0
2024,2,Bari,55-59,Passenger,7,7,1,6,0
2024,2,Bari,60-64,Driver,5,3,0,3,0
2024,2,Bari,60-64,Passenger,4,4,2,2,0
2024,2,Bari,60-64,Pedestrian,1,1,1,0,0
2024,2,Bari,65+,Driver,5,3,0,3,0
2024,2,Bari,65+,Passenger,1,1,0,1,0
2024,2,Bari,65+,Pedestrian,3,2,0,2,0
2024,3,Bari,18-20,Driver,3,1,0,1,0
2024,3,Bari,18-20,Passenger,1,0,0,0,0
2024,3,Bari,18-20,Pedestrian,1,1,0,1,0
2024,3,Bari,20-24,Driver,9,7,0,7,0
2024,3,Bari,20-24,Passenger,5,4,1,3,0
2024,3,Bari,20-24,Pedestrian,1,1,0,1,0
2024,3,Bari,25-29,Driver,8,6,0,6,0
2024,3,Bari,25-29,Pedestrian,3,2,0,2,0
2024,3,Bari,30-44,Driver,12,11,2,9,0
2024,3,Bari,30-44,Passenger,7,6,1,5,0
2024,3,Bari,45-54,Driver,8,6,1,5,0
2024,3,Bari,45-54,Passenger,3,1,0,1,0
2024,3,Bari,55-59,Driver,6,5,0,5,0
2024,3,Bari,55-59,Pedestrian,2,2,0,2,0
2024,3,Bari,65+,Driver,3,3,1,2,0
2024,3,Bari,65+,Passenger,2,2,0,2,0
2024,4,Bari,18-20,Driver,2,2,1,1,0
2024,4,Bari,18-20,Pedestrian,1,1,0,1,0
2024,4,Bari,20-24,Driver,4,4,0,4,0
2024,4,Bari,25-29,Pedestrian,1,1,0,1,0
2024,4,Bari,30-44,Driver,1,1,1,0,0
2024,4,Bari,30-44,Passenger,3,2,0,2,0
2024,4,Bari,45-54,Driver,4,2,1,1,0
2024,4,Bari,45-54,Passenger,1,1,0,1,0
2024,4,Bari,60-64,Driver,2,2,0,2,0
2024,4,Bari,65+,Driver,1,1,0,1,0
2024,5,Bari,18-20,Driver,8,8,2,6,0
2024,5,Bari,18-20,Passenger,1,1,0,1,0
2024,5,Bari,18-20,Pedestrian,2,1,1,0,0
2024,5,Bari,20-24,Driver,6,5,0,5,0
2024,5,Bari,20-24,Passenger,5,4,0,4,0
2024,5,Bari,20-24,Pedestrian,2,2,1,1,0
2024,5,Bari,25-29,Driver,10,9,0,9,0
2024,5,Bari,25-29,Passenger,3,2,0,2,1
2024,5,Bari,30-44,Driver,20,11,1,10,0
2024,5,Bari,30-44,Passenger,4,3,0,3,0
2024,5,Bari,45-54,Driver,11,10,2,8,0
2024,5,Bari,45-54,Passenger,4,3,0,3,0
2024,5,Bari,45-54,Pedestrian,1,1,0,1,0
2024,5,Bari,55-59,Driver,7,7,1,6,0
2024,5,Bari,55-59,Passenger,3,3,0,3,0
2024,5,Bari,55-59,Pedestrian,2,2,0,2,0
2024,5,Bari,60-64,Driver,8,6,1,5,0
2024,5,Bari,60-64,Passenger,2,1,0,1,0
2024,5,Bari,60-64,Pedestrian,2,1,1,0,0
2024,5,Bari,65+,Driver,3,1,0,1,0
2024,5,Bari,65+,Passenger,2,2,0,2,0
2024,6,Bari,18-20,Driver,2,2,2,0,0
2024,6,Bari,18-20,Passenger,3,2,0,2,0
2024,6,Bari,20-24,Driver,10,8,0,8,0
2024,6,Bari,20-24,Passenger,1,1,0,1,0
2024,6,Bari,20-24,Pedestrian,1,1,0,1,0
2024,6,Bari,25-29,Driver,8,7,0,7,0
2024,6,Bari,25-29,Passenger,5,4,0,4,0
2024,6,Bari,25-29,Pedestrian,1,1,0,1,0
2024,6,Bari,30-44,Driver,17,13,2,11,1
2024,6,Bari,30-44,Passenger,3,3,0,3,0
2024,6,Bari,30-44,Pedestrian,3,2,0,2,0
2024,6,Bari,45-54,Driver,7,5,2,3,0
2024,6,Bari,45-54,Passenger,7,6,1,5,0
2024,6,Bari,45-54,Pedestrian,1,1,1,0,0
2024,6,Bari,55-59,Driver,4,3,0,3,0
2024,6,Bari,55-59,Passenger,2,2,0,2,0
2024,6,Bari,55-59,Pedestrian,1,1,0,1,0
2024,6,Bari,60-64,Driver,5,5,0,5,0
2024,6,Bari,60-64,Pedestrian,1,1,0,1,0
2024,6,Bari,65+,Driver,3,2,0,2,1
2024,6,Bari,65+,Passenger,3,3,0,3,0
2024,6,Bari,65+,Pedestrian,1,1,0,1,0
2024,7,Bari,18-20,Driver,5,5,1,4,0
2024,7,Bari,20-24,Driver,5,4,0,4,0
2024,7,Bari,20-24,Passenger,2,2,0,2,0
2024,7,Bari,20-24,Pedestrian,1,1,0,1,0
2024,7,Bari,25-29,Driver,4,3,0,3,0
2024,7,Bari,30-44,Driver,8,6,3,3,0
2024,7,Bari,30-44,Pedestrian,1,1,1,0,0
2024,7,Bari,45-54,Driver,9,8,3,5,0
2024,7,Bari,55-59,Driver,6,5,1,4,0
2024,7,Bari,55-59,Passenger,2,2,0,2,0
2024,7,Bari,55-59,Pedestrian,1,0,0,0,0
2024,7,Bari,60-64,Driver,2,2,1,1,0
2024,7,Bari,60-64,Passenger,1,1,0,1,0
2024,7,Bari,60-64,Pedestrian,1,1,1,0,0
2024,7,Bari,65+,Driver,5,3,0,3,0
2024,8,Bari,25-29,Passenger,1,0,0,0,0
2024,9,Bari,18-20,Driver,1,1,0,1,0
2024,9,Bari,18-20,Passenger,2,2,1,1,0
2024,9,Bari,20-24,Driver,4,4,1,3,0
2024,9,Bari,20-24,Passenger,1,1,1,0,0
2024,9,Bari,25-29,Driver,2,1,1,0,0
2024,9,Bari,25-29,Passenger,2,2,0,2,0
2024,9,Bari,25-29,Pedestrian,1,1,0,1,0
2024,9,Bari,30-44,Driver,6,6,2,4,1
2024,9,Bari,30-44,Passenger,1,1,0,1,0
2024,9,Bari,45-54,Driver,4,4,3,1,0
2024,9,Bari,45-54,Pedestrian,1,1,1,0,0
2024,9,Bari,55-59,Passenger,1,1,1,0,0
2024,9,Bari,55-59,Pedestrian,1,1,0,1,0
2024,9,Bari,60-64,Driver,2,1,0,1,0
2024,9,Bari,60-64,Passenger,1,1,0,1,0
2024,10,Bari,18-20,Driver,7,6,1,5,0
2024,10,Bari,18-20,Passenger,1,1,0,1,0
2024,10,Bari,20-24,Driver,8,4,1,3,0
2024,10,Bari,20-24,Passenger,9,7,1,6,0
2024,10,Bari,20-24,Pedestrian,2,2,0,2,0
2024,10,Bari,25-29,Driver,7,7,2,5,0
2024,10,Bari,25-29,Passenger,2,2,0,2,0
2024,10,Bari,30-44,Driver,19,16,1,15,0
2024,10,Bari,30-44,Passenger,8,6,1,5,0
2024,10,Bari,30-44,Pedestrian,3,2,0,2,0
2024,10,Bari,45-54,Driver,9,8,1,7,0
2024,10,Bari,45-54,Passenger,4,2,0,2,1
2024,10,Bari,45-54,Pedestrian,1,1,1,0,0
2024,10,Bari,55-59,Driver,7,7,3,4,0
2024,10,Bari,55-59,Passenger,1,1,0,1,0
2024,10,Bari,55-59,Pedestrian,1,1,0,1,0
2024,10,Bari,60-64,Driver,6,6,1,5,0
2024,10,Bari,60-64,Passenger,1,1,0,1,0
2024,10,Bari,65+,Driver,7,5,0,5,0
2024,10,Bari,65+,Passenger,2,2,1,1,0
2024,11,Bari,18-20,Driver,5,3,0,3,0
2024,11,Bari,18-20,Passenger,1,1,0,1,0
2024,11,Bari,20-24,Driver,13,11,1,10,0
2024,11,Bari,20-24,Passenger,2,2,1,1,0
2024,11,Bari,25-29,Driver,4,4,1,3,0
2024,11,Bari,25-29,Pedestrian,1,1,0,1,0
2024,11,Bari,30-44,Driver,13,12,4,8,0
2024,11,Bari,30-44,Passenger,3,3,0,3,0
2024,11,Bari,45-54,Driver,6,5,0,5,0
2024,11,Bari,45-54,Passenger,4,3,0,3,0
2024,11,Bari,45-54,Pedestrian,2,0,0,0,0
2024,11,Bari,55-59,Passenger,1,1,0,1,0
2024,11,Bari,55-59,Pedestrian,1,1,0,1,0
2024,11,Bari,60-64,Driver,2,1,0,1,0
2024,11,Bari,60-64,Passenger,1,0,0,0,0
2024,11,Bari,65+,Driver,2,2,1,1,0
2024,12,Bari,18-20,Driver,4,4,1,3,0
2024,12,Bari,20-24,Driver,6,5,0,5,0
2024,12,Bari,20-24,Passenger,3,2,0,2,0
2024,12,Bari,20-24,Pedestrian,1,1,0,1,0
2024,12,Bari,25-29,Driver,6,5,1,4,0
2024,12,Bari,25-29,Passenger,2,2,0,2,0
2024,12,Bari,25-29,Pedestrian,1,1,0,1,0
2024,12,Bari,30-44,Driver,7,6,1,5,0
2024,12,Bari,30-44,Passenger,2,2,0,2,0
2024,12,Bari,45-54,Driver,10,9,2,7,0
2024,12,Bari,45-54,Passenger,1,1,0,1,0
2024,12,Bari,45-54,Pedestrian,3,3,0,3,0
2024,12,Bari,55-59,Driver,4,4,0,4,0
2024,12,Bari,55-59,Pedestrian,1,1,0,1,0
2024,12,Bari,60-64,Driver,1,1,0,1,0
2024,12,Bari,60-64,Passenger,1,1,0,1,0
2024,12,Bari,60-64,Pedestrian,2,2,0,2,0
2024,12,Bari,65+,Driver,2,2,0,2,0
2024,1,Barletta-Andria-Trani,25-29,Driver,1,1,0,1,0
2024,2,Barletta-Andria-Trani,45-54,Passenger,1,1,0,1,0
2024,3,Barletta-Andria-Trani,18-20,Driver,2,2,0,2,0
2024,3,Barletta-Andria-Trani,18-20,Passenger,1,1,0,1,0
2024,3,Barletta-Andria-Trani,20-24,Driver,2,2,0,2,0
2024,3,Barletta-Andria-Trani,20-24,Passenger,1,1,1,0,0
2024,3,Barletta-Andria-Trani,20-24,Pedestrian,1,1,0,1,0
2024,3,Barletta-Andria-Trani,25-29,Driver,2,2,0,2,0
2024,3,Barletta-Andria-Trani,30-44,Driver,2,1,0,1,0
2024,3,Barletta-Andria-Trani,30-44,Passenger,2,1,1,0,0
2024,3,Barletta-Andria-Trani,45-54,Driver,2,1,0,1,0
2024,3,Barletta-Andria-Trani,45-54,Passenger,2,2,0,2,0
2024,3,Barletta-Andria-Trani,55-59,Passenger,1,0,0,0,0
2024,3,Barletta-Andria-Trani,60-64,Driver,1,1,0,1,0
2024,3,Barletta-Andria-Trani,65+,Passenger,1,0,0,0,0
2024,4,Barletta-Andria-Trani,18-20,Driver,2,2,1,1,0
2024,4,Barletta-Andria-Trani,18-20,Passenger,1,1,0,1,0
2024,4,Barletta-Andria-Trani,20-24,Driver,2,2,0,2,0
2024,4,Barletta-Andria-Trani,20-24,Passenger,1,1,0,1,0
2024,4,Barletta-Andria-Trani,25-29,Driver,2,2,0,2,0
2024,4,Barletta-Andria-Trani,25-29,Passenger,2,2,1,1,0
2024,4,Barletta-Andria-Trani,30-44,Driver,5,5,1,4,0
2024,4,Barletta-Andria-Trani,30-44,Passenger,1,1,0,1,0
2024,4,Barletta-Andria-Trani,30-44,Pedestrian,2,2,0,2,0
2024,4,Barletta-Andria-Trani,45-54,Driver,5,4,0,4,0
2024,4,Barletta-Andria-Trani,45-54,Passenger,2,1,0,1,0
2024,4,Barletta-Andria-Trani,45-54,Pedestrian,2,2,0,2,0
2024,4,Barletta-Andria-Trani,55-59,Driver,3,2,0,2,0
2024,4,Barletta-Andria-Trani,55-59,Passenger,1,1,1,0,0
2024,4,Barletta-Andria-Trani,55-59,Pedestrian,1,1,0,1,0
2024,4,Barletta-Andria-Trani,60-64,Driver,2,2,0,2,0
2024,5,Barletta-Andria-Trani,20-24,Driver,3,3,1,2,0
2024,5,Barletta-Andria-Trani,25-29,Driver,1,1,0,1,0
2024,5,Barletta-Andria-Trani,25-29,Passenger,1,1,0,1,0
2024,5,Barletta-Andria-Trani,25-29,Pedestrian,1,0,0,0,0
2024,5,Barletta-Andria-Trani,30-44,Passenger,2,2,1,1,0
2024,5,Barletta-Andria-Trani,45-54,Driver,1,1,0,1,0
2024,5,Barletta-Andria-Trani,45-54,Passenger,1,0,0,0,0
2024,5,Barletta-Andria-Trani,55-59,Driver,1,1,0,1,0
2024,5,Barletta-Andria-Trani,60-64,Driver,1,1,1,0,0
2024,5,Barletta-Andria-Trani,65+,Driver,1,1,0,1,0
2024,6,Barletta-Andria-Trani,18-20,Driver,2,1,0,1,0
2024,6,Barletta-Andria-Trani,20-24,Driver,3,3,1,2,0
2024,6,Barletta-Andria-Trani,25-29,Driver,1,0,0,0,0
2024,6,Barletta-Andria-Trani,25-29,Passenger,1,1,1,0,0
2024,6,Barletta-Andria-Trani,30-44,Driver,6,4,1,3,0
2024,6,Barletta-Andria-Trani,30-44,Pedestrian,1,0,0,0,0
2024,6,Barletta-Andria-Trani,45-54,Driver,7,5,0,5,0
2024,6,Barletta-Andria-Trani,45-54,Passenger,1,1,0,1,0
2024,6,Barletta-Andria-Trani,55-59,Driver,3,2,1,1,0
2024,6,Barletta-Andria-Trani,55-59,Passenger,1,1,1,0,0
2024,6,Barletta-Andria-Trani,60-64,Driver,2,2,2,0,0
2024,6,Barletta-Andria-Trani,60-64,Passenger,1,1,0,1,0
2024,7,Barletta-Andria-Trani,18-20,Driver,1,1,0,1,0
2024,7,Barletta-Andria-Trani,20-24,Driver,1,1,0,1,0
2024,7,Barletta-Andria-Trani,25-29,Driver,1,0,0,0,0
2024,7,Barletta-Andria-Trani,30-44,Driver,1,0,0,0,0
2024,7,Barletta-Andria-Trani,30-44,Pedestrian,1,1,0,1,0
2024,7,Barletta-Andria-Trani,45-54,Driver,2,2,0,2,0
2024,7,Barletta-Andria-Trani,55-59,Driver,1,1,0,1,0
2024,8,Barletta-Andria-Trani,18-20,Driver,1,1,0,1,0
2024,8,Barletta-Andria-Trani,20-24,Driver,2,2,2,0,1
2024,8,Barletta-Andria-Trani,25-29,Driver,1,0,0,0,0
2024,8,Barletta-Andria-Trani,30-44,Driver,1,1,0,1,0
2024,8,Barletta-Andria-Trani,30-44,Passenger,2,2,1,1,0
2024,8,Barletta-Andria-Trani,45-54,Driver,1,1,0,1,0
2024,8,Barletta-Andria-Trani,55-59,Driver,1,1,0,1,0
2024,8,Barletta-Andria-Trani,55-59,Passenger,1,1,1,0,0
2024,8,Barletta-Andria-Trani,55-59,Pedestrian,2,1,0,1,0
2024,9,Barletta-Andria-Trani,20-24,Driver,2,2,0,2,0
2024,9,Barletta-Andria-Trani,20-24,Passenger,1,1,0,1,0
2024,9,Barletta-Andria-Trani,30-44,Driver,1,1,0,1,0
2024,9,Barletta-Andria-Trani,45-54,Driver,1,0,0,0,0
2024,9,Barletta-Andria-Trani,45-54,Pedestrian,1,1,1,0,0
2024,9,Barletta-Andria-Trani,55-59,Driver,1,1,0,1,0
2024,9,Barletta-Andria-Trani,60-64,Driver,1,1,0,1,0
2024,10,Barletta-Andria-Trani,18-20,Driver,3,3,0,3,0
2024,10,Barletta-Andria-Trani,18-20,Passenger,1,1,1,0,0
2024,10,Barletta-Andria-Trani,20-24,Passenger,1,1,0,1,0
2024,10,Barletta-Andria-Trani,25-29,Driver,3,3,0,3,0
2024,10,Barletta-Andria-Trani,30-44,Driver,4,4,2,2,0
2024,10,Barletta-Andria-Trani,30-44,Passenger,1,0,0,0,0
2024,10,Barletta-Andria-Trani,45-54,Driver,1,1,0,1,0
2024,10,Barletta-Andria-Trani,55-59,Driver,1,1,0,1,0
2024,10,Barletta-Andria-Trani,65+,Driver,2,2,0,2,0
2024,10,Barletta-Andria-Trani,65+,Passenger,1,0,0,0,0
2024,11,Barletta-Andria-Trani,18-20,Driver,2,2,0,2,0
2024,11,Barletta-Andria-Trani,18-20,Passenger,1,1,0,1,0
2024,11,Barletta-Andria-Trani,20-24,Driver,3,2,1,1,0
2024,11,Barletta-Andria-Trani,20-24,Passenger,1,1,0,1,0
2024,11,Barletta-Andria-Trani,25-29,Driver,3,2,0,2,0
2024,11,Barletta-Andria-Trani,30-44,Driver,5,4,0,4,0
2024,11,Barletta-Andria-Trani,30-44,Passenger,6,5,1,4,0
2024,11,Barletta-Andria-Trani,30-44,Pedestrian,1,1,1,0,0
2024,11,Barletta-Andria-Trani,45-54,Driver,6,2,0,2,0
2024,11,Barletta-Andria-Trani,45-54,Passenger,2,2,1,1,0
2024,11,Barletta-Andria-Trani,55-59,Driver,3,2,0,2,0
2024,11,Barletta-Andria-Trani,55-59,Passenger,1,1,0,1,0
2024,11,Barletta-Andria-Trani,60-64,Driver,2,2,0,2,0
2024,11,Barletta-Andria-Trani,65+,Driver,3,2,0,2,0
2024,12,Barletta-Andria-Trani,18-20,Passenger,1,1,0,1,0
2024,12,Barletta-Andria-Trani,20-24,Driver,3,2,1,1,0
2024,12,Barletta-Andria-Trani,20-24,Passenger,1,1,0,1,0
2024,12,Barletta-Andria-Trani,25-29,Driver,1,0,0,0,0
2024,12,Barletta-Andria-Trani,25-29,Passenger,1,0,0,0,0
2024,12,Barletta-Andria-Trani,30-44,Driver,3,3,0,3,0
2024,12,Barletta-Andria-Trani,30-44,Passenger,2,2,1,1,0
2024,12,Barletta-Andria-Trani,30-44,Pedestrian,1,1,0,1,0
2024,12,Barletta-Andria-Trani,45-54,Driver,1,1,0,1,0
2024,12,Barletta-Andria-Trani,55-59,Driver,1,0,0,0,0
2024,12,Barletta-Andria-Trani,55-59,Pedestrian,1,1,1,0,0
2024,12,Barletta-Andria-Trani,60-64,Driver,1,1,0,1,0
2024,12,Barletta-Andria-Trani,60-64,Passenger,1,1,0,1,0
2024,12,Barletta-Andria-Trani,65+,Driver,1,1,1,0,0
2024,1,Belluno,20-24,Driver,1,1,0,1,0
2024,1,Belluno,20-24,Passenger,1,1,1,0,0
2024,1,Belluno,20-24,Pedestrian,1,1,0,1,0
2024,1,Belluno,25-29,Driver,1,1,0,1,0
2024,1,Belluno,30-44,Driver,2,2,0,2,0
2024,1,Belluno,30-44,Passenger,1,1,0,1,0
2024,1,Belluno,45-54,Driver,3,2,0,2,0
2024,1,Belluno,45-54,Passenger,1,1,0,1,0
2024,1,Belluno,55-59,Driver,2,1,0,1,0
2024,1,Belluno,60-64,Pedestrian,1,1,0,1,0
2024,2,Belluno,18-20,Driver,1,1,0,1,1
2024,2,Belluno,20-24,Driver,1,1,1,0,0
2024,2,Belluno,25-29,Driver,1,1,1,0,0
2024,2,Belluno,30-44,Driver,1,1,0,1,0
2024,2,Belluno,45-54,Driver,5,2,0,2,0
2024,2,Belluno,55-59,Driver,1,1,0,1,0
2024,2,Belluno,60-64,Driver,1,1,0,1,0
2024,3,Belluno,18-20,Driver,1,1,0,1,0
2024,3,Belluno,20-24,Driver,1,1,0,1,0
2024,3,Belluno,25-29,Passenger,1,1,0,1,0
2024,3,Belluno,30-44,Driver,2,2,0,2,0
2024,3,Belluno,30-44,Pedestrian,1,1,0,1,0
2024,3,Belluno,45-54,Driver,2,2,0,2,0
2024,3,Belluno,55-59,Driver,3,3,0,3,0
2024,3,Belluno,55-59,Passenger,1,1,0,1,0
2024,3,Belluno,60-64,Passenger,1,1,0,1,0
2024,4,Belluno,25-29,Driver,1,1,0,1,0
2024,4,Belluno,30-44,Pedestrian,1,1,0,1,0
2024,4,Belluno,55-59,Driver,1,0,0,0,0
2024,4,Belluno,55-59,Passenger,1,1,0,1,0
2024,5,Belluno,25-29,Driver,1,1,0,1,0
2024,6,Belluno,20-24,Driver,4,4,2,2,0
2024,6,Belluno,20-24,Pedestrian,1,1,0,1,0
2024,6,Belluno,30-44,Driver,1,1,0,1,0
2024,6,Belluno,45-54,Driver,2,2,1,1,0
2024,6,Belluno,45-54,Passenger,1,1,0,1,0
2024,6,Belluno,55-59,Driver,3,3,0,3,0
2024,6,Belluno,60-64,Passenger,1,1,0,1,0
2024,6,Belluno,60-64,Pedestrian,1,1,0,1,0
2024,7,Belluno,20-24,Driver,1,1,1,0,0
2024,7,Belluno,25-29,Passenger,1,1,0,1,0
2024,7,Belluno,30-44,Driver,2,2,0,2,0
2024,7,Belluno,30-44,Passenger,1,1,0,1,0
2024,7,Belluno,45-54,Passenger,1,1,0,1,0
2024,7,Belluno,45-54,Pedestrian,1,1,0,1,0
2024,7,Belluno,55-59,Driver,2,1,0,1,0
2024,8,Belluno,45-54,Driver,1,1,0,1,0
2024,8,Belluno,55-59,Driver,1,1,0,1,0
2024,8,Belluno,55-59,Passenger,1,0,0,0,0
2024,9,Belluno,18-20,Driver,1,1,0,1,0
2024,9,Belluno,25-29,Driver,1,1,0,1,0
2024,9,Belluno,30-44,Driver,1,1,1,0,0
2024,9,Belluno,45-54,Driver,2,2,0,2,0
2024,9,Belluno,55-59,Driver,1,1,0,1,0
2024,10,Belluno,25-29,Driver,1,1,0,1,0
2024,10,Belluno,30-44,Driver,1,1,0,1,0
2024,10,Belluno,45-54,Driver,1,1,0,1,0
2024,10,Belluno,55-59,Driver,1,0,0,0,0
2024,10,Belluno,60-64,Driver,1,1,0,1,0
2024,10,Belluno,60-64,Passenger,1,0,0,0,0
2024,10,Belluno,65+,Driver,1,1,0,1,0
2024,11,Belluno,18-20,Driver,1,1,0,1,0
2024,11,Belluno,18-20,Pedestrian,1,1,0,1,0
2024,11,Belluno,20-24,Driver,1,1,0,1,0
2024,11,Belluno,25-29,Passenger,2,2,2,0,0
2024,11,Belluno,30-44,Driver,2,2,0,2,0
2024,11,Belluno,30-44,Passenger,3,3,1,2,0
2024,11,Belluno,55-59,Driver,1,1,0,1,0
2024,11,Belluno,60-64,Driver,2,1,1,0,0
2024,11,Belluno,65+,Driver,1,1,0,1,0
2024,11,Belluno,65+,Passenger,1,1,0,1,0
2024,12,Belluno,18-20,Driver,1,1,0,1,0
2024,12,Belluno,20-24,Passenger,1,1,1,0,0
2024,12,Belluno,25-29,Driver,2,2,0,2,0
2024,12,Belluno,45-54,Driver,1,0,0,0,0
2024,12,Belluno,45-54,Passenger,1,1,0,1,0
2024,12,Belluno,55-59,Driver,1,1,0,1,0
2024,1,Benevento,30-44,Driver,1,1,0,1,0
2024,1,Benevento,60-64,Passenger,1,1,0,1,0
2024,1,Benevento,65+,Driver,1,0,0,0,0
2024,1,Benevento,65+,Pedestrian,1,1,0,1,0
2024,2,Benevento,18-20,Driver,2,2,0,2,0
2024,2,Benevento,18-20,Passenger,1,1,0,1,0
2024,2,Benevento,20-24,Driver,4,4,1,3,0
2024,2,Benevento,25-29,Driver,4,4,0,4,0
2024,2,Benevento,25-29,Passenger,1,1,0,1,0
2024,2,Benevento,30-44,Driver,1,1,0,1,0
2024,2,Benevento,30-44,Pedestrian,1,1,0,1,0
2024,2,Benevento,45-54,Driver,2,2,0,2,0
2024,2,Benevento,45-54,Passenger,1,1,0,1,0
2024,2,Benevento,60-64,Driver,3,3,0,3,0
2024,2,Benevento,60-64,Passenger,1,1,0,1,0
2024,2,Benevento,65+,Driver,1,1,0,1,0
2024,2,Benevento,65+,Passenger,1,0,0,0,0
2024,3,Benevento,18-20,Passenger,1,1,0,1,0
2024,3,Benevento,20-24,Driver,3,1,0,1,0
2024,3,Benevento,20-24,Passenger,1,1,0,1,0
2024,3,Benevento,20-24,Pedestrian,1,1,0,1,0
2024,3,Benevento,25-29,Driver,1,1,0,1,0
2024,3,Benevento,30-44,Driver,5,3,1,2,0
2024,3,Benevento,30-44,Passenger,1,1,0,1,0
2024,3,Benevento,45-54,Driver,4,4,1,3,0
2024,3,Benevento,45-54,Passenger,2,1,0,1,0
2024,3,Benevento,55-59,Driver,1,1,0,1,0
2024,3,Benevento,55-59,Passenger,1,1,0,1,0
2024,3,Benevento,65+,Driver,2,1,0,1,0
2024,3,Benevento,65+,Passenger,2,2,0,2,0
2024,4,Benevento,30-44,Passenger,1,1,0,1,0
2024,5,Benevento,18-20,Driver,1,1,1,0,0
2024,6,Benevento,20-24,Driver,2,2,1,1,0
2024,6,Benevento,25-29,Driver,2,2,0,2,0
2024,6,Benevento,25-29,Passenger,1,1,0,1,0
2024,6,Benevento,25-29,Pedestrian,1,1,1,0,0
2024,6,Benevento,30-44,Driver,3,1,0,1,0
2024,6,Benevento,45-54,Driver,3,3,0,3,1
2024,6,Benevento,45-54,Pedestrian,1,1,1,0,0
2024,6,Benevento,55-59,Driver,3,3,1,2,0
2024,6,Benevento,60-64,Passenger,1,0,0,0,0
2024,7,Benevento,18-20,Driver,2,2,0,2,0
2024,7,Benevento,20-24,Driver,1,1,0,1,0
2024,7,Benevento,25-29,Driver,1,1,0,1,0
2024,7,Benevento,25-29,Passenger,1,1,0,1,0
2024,7,Benevento,30-44,Driver,4,4,0,4,0
2024,7,Benevento,30-44,Passenger,1,1,0,1,0
2024,7,Benevento,45-54,Passenger,1,1,0,1,0
2024,7,Benevento,55-59,Passenger,1,1,0,1,0
2024,7,Benevento,65+,Driver,1,1,0,1,0
2024,8,Benevento,18-20,Passenger,1,0,0,0,0
2024,8,Benevento,20-24,Driver,2,2,0,2,0
2024,8,Benevento,20-24,Passenger,1,1,1,0,0
2024,8,Benevento,25-29,Driver,1,1,0,1,0
2024,8,Benevento,25-29,Passenger,2,2,1,1,0
2024,8,Benevento,30-44,Driver,2,1,0,1,0
2024,8,Benevento,30-44,Passenger,1,1,0,1,0
2024,8,Benevento,45-54,Driver,5,4,2,2,0
2024,8,Benevento,45-54,Passenger,1,1,0,1,0
2024,8,Benevento,55-59,Driver,1,1,0,1,0
2024,8,Benevento,65+,Driver,2,1,0,1,0
2024,9,Benevento,18-20,Driver,2,2,0,2,0
2024,9,Benevento,18-20,Pedestrian,1,1,0,1,0
2024,9,Benevento,20-24,Driver,3,3,0,3,0
2024,9,Benevento,25-29,Driver,1,1,0,1,0
2024,9,Benevento,25-29,Pedestrian,1,1,0,1,0
2024,9,Benevento,30-44,Driver,4,4,0,4,0
2024,9,Benevento,30-44,Passenger,2,2,1,1,0
2024,9,Benevento,45-54,Driver,4,3,1,2,0
2024,9,Benevento,45-54,Passenger,1,1,0,1,0
2024,9,Benevento,45-54,Pedestrian,2,1,0,1,0
2024,9,Benevento,55-59,Passenger,1,1,0,1,0
2024,9,Benevento,60-64,Driver,2,2,2,0,0
2024,9,Benevento,60-64,Passenger,1,0,0,0,0
2024,10,Benevento,18-20,Driver,1,1,0,1,0
2024,10,Benevento,18-20,Passenger,2,2,0,2,0
2024,10,Benevento,20-24,Driver,4,3,1,2,0
2024,10,Benevento,20-24,Passenger,2,1,1,0,0
2024,10,Benevento,20-24,Pedestrian,1,1,0,1,0
2024,10,Benevento,25-29,Driver,1,0,0,0,0
2024,10,Benevento,30-44,Driver,7,7,3,4,0
2024,10,Benevento,30-44,Passenger,1,1,0,1,0
2024,10,Benevento,30-44,Pedestrian,1,0,0,0,0
2024,10,Benevento,45-54,Driver,4,3,1,2,0
2024,10,Benevento,55-59,Driver,3,3,0,3,0
2024,10,Benevento,55-59,Passenger,1,0,0,0,0
2024,10,Benevento,65+,Driver,2,2,0,2,0
2024,11,Benevento,18-20,Driver,2,1,0,1,0
2024,11,Benevento,18-20,Passenger,1,1,0,1,0
2024,11,Benevento,20-24,Driver,1,1,0,1,0
2024,11,Benevento,20-24,Passenger,1,1,0,1,0
2024,11,Benevento,25-29,Passenger,2,1,0,1,0
2024,11,Benevento,45-54,Driver,3,3,1,2,0
2024,11,Benevento,45-54,Passenger,1,1,0,1,0
2024,11,Benevento,55-59,Driver,1,1,0,1,0
2024,11,Benevento,55-59,Passenger,2,2,1,1,0
2024,11,Benevento,65+,Driver,1,0,0,0,0
2024,12,Benevento,18-20,Driver,1,1,0,1,0
2024,12,Benevento,20-24,Passenger,1,1,0,1,0
2024,12,Benevento,25-29,Driver,3,3,1,2,0
2024,12,Benevento,30-44,Driver,7,6,0,6,0
2024,12,Benevento,30-44,Passenger,1,1,0,1,0
2024,12,Benevento,45-54,Driver,3,3,0,3,0
2024,12,Benevento,45-54,Pedestrian,1,1,0,1,0
2024,12,Benevento,55-59,Driver,1,1,0,1,0
2024,12,Benevento,55-59,Passenger,1,1,1,0,0
2024,12,Benevento,60-64,Driver,2,1,0,1,0
2024,12,Benevento,65+,Driver,2,1,0,1,0
2024,1,Bergamo,18-20,Driver,6,5,1,4,0
2024,1,Bergamo,18-20,Passenger,1,1,0,1,0
2024,1,Bergamo,20-24,Driver,5,5,0,5,0
2024,1,Bergamo,20-24,Passenger,1,1,1,0,0
2024,1,Bergamo,25-29,Driver,6,4,1,3,0
2024,1,Bergamo,25-29,Passenger,1,1,0,1,0
2024,1,Bergamo,30-44,Driver,6,6,1,5,0
2024,1,Bergamo,30-44,Passenger,3,3,1,2,0
2024,1,Bergamo,30-44,Pedestrian,1,1,0,1,0
2024,1,Bergamo,45-54,Driver,6,5,1,4,0
2024,1,Bergamo,45-54,Passenger,2,2,0,2,0
2024,1,Bergamo,45-54,Pedestrian,1,1,0,1,0
2024,1,Bergamo,55-59,Driver,5,4,2,2,0
2024,1,Bergamo,55-59,Passenger,2,2,1,1,0
2024,1,Bergamo,55-59,Pedestrian,1,1,1,0,0
2024,1,Bergamo,60-64,Driver,2,2,0,2,0
2024,1,Bergamo,60-64,Passenger,1,1,0,1,0
2024,1,Bergamo,65+,Driver,1,0,0,0,0
2024,2,Bergamo,18-20,Driver,3,3,0,3,0
2024,2,Bergamo,18-20,Passenger,1,1,1,0,0
2024,2,Bergamo,18-20,Pedestrian,1,1,0,1,0
2024,2,Bergamo,20-24,Driver,6,4,1,3,0
2024,2,Bergamo,20-24,Passenger,1,1,0,1,0
2024,2,Bergamo,20-24,Pedestrian,1,1,0,1,0
2024,2,Bergamo,25-29,Driver,10,8,1,7,0
2024,2,Bergamo,25-29,Passenger,1,1,0,1,0
2024,2,Bergamo,25-29,Pedestrian,2,2,0,2,0
2024,2,Bergamo,30-44,Driver,12,11,1,10,0
2024,2,Bergamo,30-44,Passenger,3,3,1,2,0
2024,2,Bergamo,30-44,Pedestrian,1,1,0,1,0
2024,2,Bergamo,45-54,Driver,15,13,1,12,0
2024,2,Bergamo,45-54,Passenger,4,3,0,3,0
2024,2,Bergamo,45-54,Pedestrian,1,1,1,0,0
2024,2,Bergamo,55-59,Driver,6,4,1,3,0
2024,2,Bergamo,55-59,Passenger,1,1,1,0,0
2024,2,Bergamo,55-59,Pedestrian,1,1,0,1,0
2024,2,Bergamo,60-64,Driver,5,4,0,4,0
2024,2,Bergamo,60-64,Passenger,3,3,0,3,0
2024,2,Bergamo,65+,Driver,2,2,0,2,0
2024,2,Bergamo,65+,Passenger,2,2,1,1,0
2024,3,Bergamo,18-20,Driver,5,5,0,5,0
2024,3,Bergamo,18-20,Passenger,2,2,1,1,0
2024,3,Bergamo,20-24,Driver,3,3,1,2,0
2024,3,Bergamo,20-24,Passenger,1,1,0,1,0
2024,3,Bergamo,25-29,Driver,4,3,1,2,0
2024,3,Bergamo,25-29,Passenger,1,1,0,1,0
2024,3,Bergamo,30-44,Driver,5,5,1,4,0
2024,3,Bergamo,30-44,Passenger,3,3,0,3,0
2024,3,Bergamo,30-44,Pedestrian,2,2,0,2,0
2024,3,Bergamo,45-54,Driver,1,1,0,1,0
2024,3,Bergamo,45-54,Passenger,2,2,1,1,0
2024,3,Bergamo,55-59,Driver,2,1,0,1,0
2024,3,Bergamo,55-59,Passenger,1,1,1,0,0
2024,3,Bergamo,60-64,Driver,2,2,1,1,0
2024,3,Bergamo,65+,Driver,3,2,0,2,0
2024,3,Bergamo,65+,Passenger,1,1,1,0,0
2024,4,Bergamo,18-20,Driver,1,1,0,1,0
2024,5,Bergamo,18-20,Driver,1,1,0,1,0
2024,5,Bergamo,18-20,Pedestrian,1,1,0,1,0
2024,5,Bergamo,20-24,Driver,3,3,0,3,0
2024,5,Bergamo,20-24,Passenger,3,3,0,3,0
2024,5,Bergamo,25-29,Driver,3,2,0,2,0
2024,5,Bergamo,25-29,Pedestrian,1,1,0,1,0
2024,5,Bergamo,30-44,Driver,4,1,0,1,0
2024,5,Bergamo,30-44,Passenger,2,1,0,1,0
2024,5,Bergamo,30-44,Pedestrian,1,1,0,1,0
2024,5,Bergamo,45-54,Driver,4,1,1,0,0
2024,5,Bergamo,55-59,Driver,1,1,0,1,0
2024,5,Bergamo,55-59,Pedestrian,1,0,0,0,0
2024,5,Bergamo,60-64,Driver,2,1,0,1,0
2024,5,Bergamo,60-64,Passenger,1,1,0,1,0
2024,5,Bergamo,65+,Passenger,1,1,0,1,0
2024,5,Bergamo,65+,Pedestrian,1,1,0,1,0
2024,6,Bergamo,18-20,Passenger,1,1,0,1,0
2024,6,Bergamo,20-24,Driver,3,3,1,2,0
2024,6,Bergamo,20-24,Passenger,1,1,0,1,0
2024,6,Bergamo,25-29,Driver,4,4,0,4,0
2024,6,Bergamo,30-44,Driver,6,6,0,6,0
2024,6,Bergamo,30-44,Pedestrian,2,0,0,0,0
2024,6,Bergamo,45-54,Driver,2,2,0,2,0
2024,6,Bergamo,45-54,Passenger,4,3,0,3,1
2024,6,Bergamo,45-54,Pedestrian,1,1,1,0,0
2024,6,Bergamo,55-59,Driver,4,2,1,1,0
2024,6,Bergamo,55-59,Passenger,2,2,0,2,0
2024,6,Bergamo,55-59,Pedestrian,1,1,0,1,0
2024,6,Bergamo,65+,Driver,2,2,1,1,0
2024,6,Bergamo,65+,Passenger,2,2,1,1,0
2024,7,Bergamo,18-20,Driver,1,1,0,1,0
2024,7,Bergamo,18-20,Passenger,2,2,0,2,0
2024,7,Bergamo,20-24,Driver,5,3,2,1,0
2024,7,Bergamo,30-44,Driver,2,2,0,2,0
2024,7,Bergamo,30-44,Passenger,1,1,0,1,0
2024,7,Bergamo,45-54,Driver,3,3,0,3,0
2024,7,Bergamo,55-59,Driver,3,3,1,2,0
2024,7,Bergamo,55-59,Passenger,1,1,0,1,0
2024,7,Bergamo,60-64,Driver,1,1,0,1,0
2024,7,Bergamo,65+,Driver,2,0,0,0,0
2024,8,Bergamo,45-54,Passenger,1,1,0,1,0
2024,9,Bergamo,18-20,Driver,1,1,0,1,0
2024,9,Bergamo,20-24,Driver,2,1,0,1,0
2024,9,Bergamo,20-24,Passenger,1,1,0,1,0
2024,9,Bergamo,25-29,Driver,3,3,0,3,0
2024,9,Bergamo,30-44,Driver,2,2,0,2,0
2024,9,Bergamo,30-44,Passenger,1,1,0,1,0
2024,9,Bergamo,45-54,Driver,1,1,0,1,0
2024,9,Bergamo,45-54,Passenger,1,1,0,1,0
2024,9,Bergamo,55-59,Driver,2,2,1,1,0
2024,9,Bergamo,60-64,Driver,1,1,0,1,0
2024,10,Bergamo,18-20,Driver,5,4,2,2,0
2024,10,Bergamo,18-20,Passenger,1,0,0,0,0
2024,10,Bergamo,18-20,Pedestrian,2,2,1,1,0
2024,10,Bergamo,20-24,Driver,9,6,1,5,0
2024,10,Bergamo,25-29,Driver,6,5,3,2,0
2024,10,Bergamo,25-29,Passenger,6,5,1,4,0
2024,10,Bergamo,30-44,Driver,6,6,0,6,0
2024,10,Bergamo,30-44,Passenger,4,4,1,3,0
2024,10,Bergamo,45-54,Driver,9,8,1,7,1
2024,10,Bergamo,45-54,Passenger,3,3,1,2,0
2024,10,Bergamo,45-54,Pedestrian,1,1,0,1,0
2024,10,Bergamo,55-59,Driver,10,8,3,5,0
2024,10,Bergamo,55-59,Passenger,3,3,0,3,0
2024,10,Bergamo,60-64,Driver,4,3,0,3,0
2024,10,Bergamo,60-64,Passenger,1,0,0,0,0
2024,10,Bergamo,60-64,Pedestrian,2,2,1,1,0
2024,10,Bergamo,65+,Driver,2,2,1,1,0
2024,11,Bergamo,30-44,Driver,1,1,0,1,0
2024,12,Bergamo,20-24,Driver,7,6,1,5,0
2024,12,Bergamo,20-24,Passenger,3,2,0,2,1
2024,12,Bergamo,20-24,Pedestrian,1,1,0,1,0
2024,12,Bergamo,25-29,Driver,2,2,0,2,0
2024,12,Bergamo,25-29,Passenger,1,1,0,1,0
2024,12,Bergamo,30-44,Driver,4,2,1,1,0
2024,12,Bergamo,30-44,Passenger,2,1,0,1,0
2024,12,Bergamo,30-44,Pedestrian,3,3,2,1,0
2024,12,Bergamo,45-54,Driver,2,2,0,2,0
2024,12,Bergamo,45-54,Passenger,2,2,0,2,0
2024,12,Bergamo,60-64,Driver,1,1,0,1,0
2024,12,Bergamo,60-64,Passenger,2,2,0,2,0
2024,12,Bergamo,65+,Driver,2,2,1,1,0
2024,1,Biella,20-24,Driver,1,1,0,1,0
2024,1,Biella,45-54,Driver,1,1,0,1,0
2024,2,Biella,18-20,Driver,1,1,0,1,0
2024,2,Biella,20-24,Driver,1,1,0,1,0
2024,2,Biella,20-24,Pedestrian,1,0,0,0,0
2024,2,Biella,30-44,Driver,2,2,0,2,0
2024,2,Biella,30-44,Passenger,1,0,0,0,0
2024,2,Biella,45-54,Driver,2,2,0,2,0
2024,3,Biella,20-24,Driver,2,2,0,2,0
2024,3,Biella,25-29,Passenger,2,2,1,1,0
2024,3,Biella,30-44,Driver,1,0,0,0,0
2024,3,Biella,55-59,Driver,1,1,0,1,0
2024,3,Biella,60-64,Driver,1,1,0,1,0
2024,4,Biella,18-20,Driver,1,1,0,1,0
2024,4,Biella,30-44,Driver,1,1,0,1,0
2024,4,Biella,60-64,Driver,1,1,1,0,0
2024,5,Biella,18-20,Passenger,1,0,0,0,0
2024,5,Biella,20-24,Driver,2,1,0,1,0
2024,5,Biella,30-44,Driver,1,1,0,1,0
2024,5,Biella,45-54,Driver,1,0,0,0,0
2024,5,Biella,45-54,Passenger,1,1,0,1,0
2024,5,Biella,65+,Driver,1,1,0,1,0
2024,6,Biella,20-24,Driver,1,1,1,0,0
2024,6,Biella,20-24,Passenger,1,1,0,1,0
2024,6,Biella,25-29,Driver,1,1,0,1,0
2024,6,Biella,30-44,Driver,1,1,0,1,0
2024,6,Biella,60-64,Driver,1,1,0,1,0
2024,6,Biella,65+,Driver,1,1,0,1,0
2024,7,Biella,18-20,Driver,2,2,1,1,0
2024,7,Biella,30-44,Passenger,1,1,0,1,0
2024,7,Biella,60-64,Pedestrian,1,1,0,1,0
2024,8,Biella,18-20,Passenger,1,1,0,1,0
2024,8,Biella,25-29,Passenger,1,0,0,0,0
2024,8,Biella,55-59,Driver,1,0,0,0,0
2024,8,Biella,60-64,Driver,1,1,0,1,0
2024,9,Biella,18-20,Driver,1,1,0,1,0
2024,9,Biella,20-24,Driver,1,0,0,0,0
2024,9,Biella,30-44,Driver,2,2,1,1,0
2024,9,Biella,45-54,Driver,1,0,0,0,0
2024,9,Biella,55-59,Pedestrian,1,1,0,1,0
2024,9,Biella,60-64,Passenger,1,1,0,1,0
2024,10,Biella,18-20,Driver,1,1,0,1,0
2024,10,Biella,25-29,Driver,1,0,0,0,0
2024,10,Biella,45-54,Driver,1,1,0,1,0
2024,10,Biella,45-54,Pedestrian,1,0,0,0,0
2024,10,Biella,60-64,Driver,2,2,0,2,0
2024,11,Biella,18-20,Driver,1,1,0,1,0
2024,11,Biella,30-44,Passenger,1,1,0,1,0
2024,11,Biella,45-54,Driver,1,1,0,1,0
2024,12,Biella,18-20,Driver,1,1,0,1,0
2024,12,Biella,20-24,Driver,1,1,1,0,0
2024,12,Biella,20-24,Passenger,1,0,0,0,0
2024,12,Biella,25-29,Passenger,1,1,0,1,0
2024,12,Biella,30-44,Driver,1,1,0,1,1
2024,12,Biella,65+,Pedestrian,1,1,1,0,0
2024,1,Bologna,18-20,Driver,7,6,1,5,0
2024,1,Bologna,18-20,Passenger,1,1,0,1,0
2024,1,Bologna,20-24,Driver,12,10,2,8,0
2024,1,Bologna,20-24,Passenger,7,5,2,3,0
2024,1,Bologna,20-24,Pedestrian,1,0,0,0,0
2024,1,Bologna,25-29,Driver,8,7,1,6,1
2024,1,Bologna,25-29,Passenger,1,1,0,1,0
2024,1,Bologna,25-29,Pedestrian,2,2,1,1,0
2024,1,Bologna,30-44,Driver,12,10,3,7,0
2024,1,Bologna,30-44,Passenger,6,6,2,4,0
2024,1,Bologna,30-44,Pedestrian,3,2,1,1,0
2024,1,Bologna,45-54,Driver,16,13,0,13,0
2024,1,Bologna,45-54,Passenger,7,5,0,5,1
2024,1,Bologna,45-54,Pedestrian,1,1,1,0,0
2024,1,Bologna,55-59,Driver,6,5,2,3,0
2024,1,Bologna,55-59,Passenger,3,3,0,3,0
2024,1,Bologna,55-59,Pedestrian,1,1,1,0,0
2024,1,Bologna,60-64,Driver,6,5,3,2,0
2024,1,Bologna,65+,Driver,6,6,0,6,0
2024,2,Bologna,18-20,Driver,8,8,2,6,0
2024,2,Bologna,18-20,Passenger,3,2,1,1,0
2024,2,Bologna,18-20,Pedestrian,1,1,1,0,0
2024,2,Bologna,20-24,Driver,15,11,1,10,0
2024,2,Bologna,20-24,Passenger,3,3,1,2,0
2024,2,Bologna,20-24,Pedestrian,1,0,0,0,0
2024,2,Bologna,25-29,Driver,12,12,2,10,1
2024,2,Bologna,25-29,Passenger,2,2,1,1,0
2024,2,Bologna,25-29,Pedestrian,1,1,0,1,0
2024,2,Bologna,30-44,Driver,12,10,4,6,0
2024,2,Bologna,30-44,Passenger,6,5,0,5,0
2024,2,Bologna,30-44,Pedestrian,2,2,0,2,0
2024,2,Bologna,45-54,Driver,7,5,0,5,0
2024,2,Bologna,45-54,Passenger,3,3,0,3,0
2024,2,Bologna,55-59,Driver,9,7,3,4,0
2024,2,Bologna,55-59,Passenger,3,3,0,3,0
2024,2,Bologna,60-64,Driver,4,4,0,4,0
2024,2,Bologna,60-64,Passenger,2,2,0,2,0
2024,2,Bologna,60-64,Pedestrian,1,1,0,1,0
2024,2,Bologna,65+,Driver,1,0,0,0,0
2024,3,Bologna,18-20,Driver,1,1,0,1,0
2024,3,Bologna,18-20,Pedestrian,2,2,0,2,0
2024,3,Bologna,20-24,Driver,2,2,1,1,0
2024,3,Bologna,25-29,Driver,2,1,0,1,0
2024,3,Bologna,25-29,Passenger,1,0,0,0,0
2024,3,Bologna,25-29,Pedestrian,1,1,0,1,0
2024,3,Bologna,30-44,Driver,8,7,1,6,0
2024,3,Bologna,30-44,Passenger,2,2,0,2,0
2024,3,Bologna,45-54,Driver,6,3,1,2,0
2024,3,Bologna,45-54,Passenger,2,1,0,1,0
2024,3,Bologna,55-59,Driver,2,2,0,2,0
2024,3,Bologna,55-59,Passenger,3,2,0,2,0
2024,3,Bologna,60-64,Driver,1,1,0,1,0
2024,3,Bologna,60-64,Passenger,1,1,0,1,0
2024,3,Bologna,65+,Driver,1,1,1,0,0
2024,4,Bologna,18-20,Driver,13,10,2,8,0
2024,4,Bologna,18-20,Passenger,1,1,0,1,0
2024,4,Bologna,20-24,Driver,12,11,1,10,0
2024,4,Bologna,20-24,Passenger,3,2,1,1,0
2024,4,Bologna,25-29,Driver,7,5,0,5,0
2024,4,Bologna,25-29,Passenger,4,4,3,1,0
2024,4,Bologna,30-44,Driver,15,11,1,10,0
2024,4,Bologna,30-44,Passenger,6,6,2,4,0
2024,4,Bologna,30-44,Pedestrian,1,0,0,0,0
2024,4,Bologna,45-54,Driver,17,14,5,9,0
2024,4,Bologna,45-54,Passenger,8,7,1,6,0
2024,4,Bologna,45-54,Pedestrian,1,1,0,1,0
2024,4,Bologna,55-59,Driver,8,7,1,6,0
2024,4,Bologna,55-59,Passenger,1,1,0,1,0
2024,4,Bologna,60-64,Driver,2,1,0,1,0
2024,4,Bologna,60-64,Passenger,1,0,0,0,0
2024,4,Bologna,60-64,Pedestrian,1,1,0,1,0
2024,4,Bologna,65+,Driver,2,1,0,1,0
2024,4,Bologna,65+,Passenger,1,1,1,0,0
2024,5,Bologna,18-20,Driver,5,5,1,4,0
2024,5,Bologna,20-24,Driver,3,2,0,2,0
2024,5,Bologna,20-24,Passenger,2,2,0,2,0
2024,5,Bologna,25-29,Driver,3,3,1,2,0
2024,5,Bologna,25-29,Passenger,1,1,0,1,0
2024,5,Bologna,25-29,Pedestrian,1,0,0,0,0
2024,5,Bologna,30-44,Driver,6,4,0,4,0
2024,5,Bologna,30-44,Passenger,8,5,0,5,0
2024,5,Bologna,30-44,Pedestrian,2,2,0,2,0
2024,5,Bologna,45-54,Driver,11,7,0,7,1
2024,5,Bologna,45-54,Passenger,1,1,0,1,0
2024,5,Bologna,45-54,Pedestrian,1,1,0,1,0
2024,5,Bologna,55-59,Driver,4,4,1,3,0
2024,5,Bologna,60-64,Driver,2,2,0,2,0
2024,5,Bologna,60-64,Passenger,2,2,1,1,0
2024,5,Bologna,65+,Passenger,1,1,1,0,0
2024,6,Bologna,18-20,Driver,5,4,2,2,0
2024,6,Bologna,18-20,Passenger,3,3,0,3,0
2024,6,Bologna,18-20,Pedestrian,1,1,0,1,0
2024,6,Bologna,20-24,Driver,4,4,2,2,0
2024,6,Bologna,25-29,Driver,6,6,2,4,0
2024,6,Bologna,25-29,Passenger,2,2,0,2,0
2024,6,Bologna,30-44,Driver,7,6,1,5,0
2024,6,Bologna,30-44,Passenger,5,5,0,5,0
2024,6,Bologna,30-44,Pedestrian,1,0,0,0,0
2024,6,Bologna,45-54,Driver,8,7,0,7,0
2024,6,Bologna,45-54,Passenger,3,3,0,3,0
2024,6,Bologna,45-54,Pedestrian,3,3,0,3,1
2024,6,Bologna,55-59,Driver,3,3,2,1,0
2024,6,Bologna,55-59,Passenger,2,2,0,2,0
2024,6,Bologna,65+,Driver,1,1,1,0,0
2024,7,Bologna,18-20,Driver,8,4,0,4,0
2024,7,Bologna,18-20,Passenger,2,2,1,1,0
2024,7,Bologna,20-24,Driver,16,14,2,12,0
2024,7,Bologna,20-24,Passenger,4,4,0,4,0
2024,7,Bologna,25-29,Driver,7,5,2,3,0
2024,7,Bologna,25-29,Passenger,4,4,0,4,0
2024,7,Bologna,25-29,Pedestrian,1,0,0,0,0
2024,7,Bologna,30-44,Driver,15,9,2,7,0
2024,7,Bologna,30-44,Passenger,5,5,1,4,0
2024,7,Bologna,30-44,Pedestrian,2,2,0,2,1
2024,7,Bologna,45-54,Driver,15,14,4,10,1
2024,7,Bologna,45-54,Passenger,2,2,0,2,0
2024,7,Bologna,55-59,Driver,4,4,1,3,0
2024,7,Bologna,55-59,Passenger,3,3,1,2,0
2024,7,Bologna,55-59,Pedestrian,1,1,0,1,0
2024,7,Bologna,60-64,Driver,7,7,2,5,0
2024,7,Bologna,60-64,Passenger,2,2,0,2,0
2024,7,Bologna,65+,Driver,6,4,0,4,1
2024,7,Bologna,65+,Passenger,2,1,0,1,0
2024,7,Bologna,65+,Pedestrian,1,1,1,0,0
2024,8,Bologna,18-20,Driver,3,2,1,1,0
2024,8,Bologna,18-20,Passenger,2,0,0,0,0
2024,8,Bologna,18-20,Pedestrian,1,1,1,0,0
2024,8,Bologna,20-24,Driver,6,3,0,3,0
2024,8,Bologna,20-24,Passenger,3,2,0,2,0
2024,8,Bologna,20-24,Pedestrian,1,0,0,0,0
2024,8,Bologna,25-29,Driver,5,5,2,3,0
2024,8,Bologna,25-29,Passenger,1,0,0,0,0
2024,8,Bologna,25-29,Pedestrian,1,1,1,0,0
2024,8,Bologna,30-44,Driver,13,11,3,8,0
2024,8,Bologna,30-44,Passenger,7,7,0,7,0
2024,8,Bologna,30-44,Pedestrian,1,1,0,1,0
2024,8,Bologna,45-54,Driver,6,6,1,5,0
2024,8,Bologna,45-54,Passenger,4,4,1,3,0
2024,8,Bologna,45-54,Pedestrian,1,0,0,0,0
2024,8,Bologna,55-59,Driver,3,3,2,1,0
2024,8,Bologna,55-59,Passenger,2,2,1,1,0
2024,8,Bologna,60-64,Driver,3,2,0,2,0
2024,8,Bologna,60-64,Pedestrian,1,1,0,1,0
2024,8,Bologna,65+,Passenger,2,2,1,1,0
2024,9,Bologna,18-20,Driver,7,5,0,5,0
2024,9,Bologna,18-20,Pedestrian,1,1,0,1,0
2024,9,Bologna,20-24,Driver,10,8,1,7,0
2024,9,Bologna,20-24,Passenger,6,5,0,5,0
2024,9,Bologna,20-24,Pedestrian,1,1,0,1,0
2024,9,Bologna,25-29,Driver,8,5,2,3,0
2024,9,Bologna,25-29,Passenger,2,2,0,2,0
2024,9,Bologna,25-29,Pedestrian,2,2,0,2,0
2024,9,Bologna,30-44,Driver,16,12,2,10,1
2024,9,Bologna,30-44,Passenger,9,6,1,5,0
2024,9,Bologna,30-44,Pedestrian,2,1,0,1,0
2024,9,Bologna,45-54,Driver,14,12,3,9,0
2024,9,Bologna,45-54,Passenger,5,4,0,4,0
2024,9,Bologna,45-54,Pedestrian,1,1,0,1,0
2024,9,Bologna,55-59,Driver,5,4,0,4,0
2024,9,Bologna,55-59,Passenger,2,2,0,2,0
2024,9,Bologna,60-64,Driver,4,4,0,4,0
2024,9,Bologna,60-64,Passenger,1,1,0,1,0
2024,9,Bologna,60-64,Pedestrian,1,1,0,1,0
2024,9,Bologna,65+,Pedestrian,1,1,0,1,0
2024,10,Bologna,18-20,Driver,8,6,2,4,0
2024,10,Bologna,18-20,Passenger,5,4,1,3,0
2024,10,Bologna,18-20,Pedestrian,1,1,0,1,0
2024,10,Bologna,20-24,Driver,15,10,1,9,0
2024,10,Bologna,20-24,Passenger,3,3,1,2,0
2024,10,Bologna,20-24,Pedestrian,3,3,0,3,0
2024,10,Bologna,25-29,Driver,11,8,1,7,0
2024,10,Bologna,25-29,Passenger,2,2,0,2,0
2024,10,Bologna,25-29,Pedestrian,2,1,0,1,0
2024,10,Bologna,30-44,Driver,15,13,1,12,0
2024,10,Bologna,30-44,Passenger,4,4,2,2,0
2024,10,Bologna,30-44,Pedestrian,2,2,0,2,0
2024,10,Bologna,45-54,Driver,10,8,2,6,0
2024,10,Bologna,45-54,Passenger,3,3,0,3,0
2024,10,Bologna,45-54,Pedestrian,2,1,0,1,0
2024,10,Bologna,55-59,Driver,4,3,0,3,0
2024,10,Bologna,60-64,Driver,4,4,0,4,0
2024,10,Bologna,60-64,Passenger,2,2,0,2,0
2024,10,Bologna,60-64,Pedestrian,1,1,0,1,0
2024,10,Bologna,65+,Driver,1,1,0,1,0
2024,11,Bologna,18-20,Driver,4,3,0,3,0
2024,11,Bologna,20-24,Driver,5,5,0,5,0
2024,11,Bologna,20-24,Passenger,3,2,1,1,0
2024,11,Bologna,20-24,Pedestrian,1,1,0,1,0
2024,11,Bologna,25-29,Driver,7,6,2,4,0
2024,11,Bologna,25-29,Passenger,2,2,1,1,0
2024,11,Bologna,30-44,Driver,6,5,1,4,0
2024,11,Bologna,30-44,Passenger,8,7,3,4,0
2024,11,Bologna,45-54,Driver,9,8,2,6,0
2024,11,Bologna,45-54,Passenger,5,4,0,4,0
2024,11,Bologna,55-59,Driver,3,3,0,3,0
2024,11,Bologna,60-64,Driver,2,1,0,1,0
2024,11,Bologna,60-64,Pedestrian,1,1,0,1,0
2024,11,Bologna,65+,Driver,3,3,0,3,0
2024,11,Bologna,65+,Passenger,1,1,1,0,0
2024,12,Bologna,18-20,Driver,5,5,0,5,0
2024,12,Bologna,18-20,Passenger,1,1,0,1,0
2024,12,Bologna,20-24,Driver,6,4,2,2,0
2024,12,Bologna,20-24,Passenger,4,4,1,3,0
2024,12,Bologna,25-29,Driver,3,2,1,1,0
2024,12,Bologna,30-44,Driver,5,4,0,4,0
2024,12,Bologna,30-44,Passenger,2,2,1,1,0
2024,12,Bologna,45-54,Driver,4,4,1,3,0
2024,12,Bologna,45-54,Passenger,1,1,0,1,0
2024,12,Bologna,45-54,Pedestrian,2,2,0,2,0
2024,12,Bologna,55-59,Driver,5,5,0,5,0
2024,12,Bologna,55-59,Passenger,4,4,1,3,0
2024,12,Bologna,60-64,Driver,1,0,0,0,0
2024,12,Bologna,65+,Driver,3,2,0,2,0
2024,12,Bologna,65+,Passenger,1,1,1,0,0
2024,12,Bologna,65+,Pedestrian,1,1,0,1,0
2024,1,Bolzano,18-20,Driver,3,3,1,2,0
2024,1,Bolzano,20-24,Driver,3,2,1,1,0
2024,1,Bolzano,20-24,Passenger,1,1,0,1,0
2024,1,Bolzano,25-29,Driver,3,3,1,2,0
2024,1,Bolzano,25-29,Passenger,3,2,0,2,0
2024,1,Bolzano,25-29,Pedestrian,1,1,1,0,0
2024,1,Bolzano,30-44,Driver,7,5,1,4,0
2024,1,Bolzano,30-44,Passenger,1,1,1,0,0
2024,1,Bolzano,45-54,Driver,1,1,0,1,0
2024,1,Bolzano,55-59,Passenger,2,1,0,1,0
2024,1,Bolzano,60-64,Driver,2,2,0,2,0
2024,1,Bolzano,65+,Driver,2,1,0,1,0
2024,2,Bolzano,18-20,Driver,1,1,0,1,0
2024,2,Bolzano,18-20,Passenger,1,1,0,1,0
2024,2,Bolzano,18-20,Pedestrian,1,0,0,0,0
2024,2,Bolzano,20-24,Passenger,1,1,0,1,0
2024,2,Bolzano,20-24,Pedestrian,1,1,0,1,0
2024,2,Bolzano,25-29,Driver,5,4,0,4,0
2024,2,Bolzano,25-29,Passenger,1,0,0,0,0
2024,2,Bolzano,30-44,Driver,6,3,0,3,0
2024,2,Bolzano,30-44,Passenger,2,2,0,2,0
2024,2,Bolzano,45-54,Driver,6,5,0,5,0
2024,2,Bolzano,45-54,Passenger,1,1,0,1,0
2024,2,Bolzano,55-59,Driver,1,0,0,0,0
2024,2,Bolzano,60-64,Driver,1,1,0,1,0
2024,2,Bolzano,60-64,Passenger,1,1,0,1,0
2024,2,Bolzano,65+,Driver,1,1,0,1,0
2024,2,Bolzano,65+,Passenger,1,1,0,1,0
2024,3,Bolzano,20-24,Driver,2,2,0,2,0
2024,3,Bolzano,25-29,Driver,1,0,0,0,0
2024,3,Bolzano,30-44,Driver,2,1,0,1,1
2024,3,Bolzano,45-54,Driver,1,1,0,1,0
2024,4,Bolzano,18-20,Driver,1,1,0,1,0
2024,4,Bolzano,18-20,Passenger,1,1,1,0,0
2024,4,Bolzano,20-24,Driver,1,1,0,1,0
2024,4,Bolzano,20-24,Passenger,2,2,0,2,0
2024,4,Bolzano,20-24,Pedestrian,1,1,0,1,0
2024,4,Bolzano,30-44,Driver,2,2,0,2,0
2024,4,Bolzano,30-44,Passenger,1,1,1,0,0
2024,4,Bolzano,45-54,Driver,1,1,1,0,0
2024,4,Bolzano,45-54,Pedestrian,1,1,0,1,0
2024,4,Bolzano,55-59,Driver,2,2,1,1,0
2024,4,Bolzano,55-59,Passenger,1,1,0,1,0
2024,4,Bolzano,60-64,Driver,1,0,0,0,0
2024,4,Bolzano,60-64,Passenger,2,0,0,0,0
2024,4,Bolzano,60-64,Pedestrian,1,0,0,0,0
2024,4,Bolzano,65+,Driver,4,3,0,3,0
2024,5,Bolzano,20-24,Driver,2,1,0,1,0
2024,5,Bolzano,25-29,Driver,2,1,0,1,0
2024,5,Bolzano,30-44,Driver,2,2,0,2,0
2024,5,Bolzano,45-54,Passenger,3,3,0,3,0
2024,5,Bolzano,55-59,Passenger,1,1,0,1,0
2024,5,Bolzano,60-64,Driver,3,3,0,3,0
2024,5,Bolzano,60-64,Passenger,2,2,1,1,0
2024,5,Bolzano,60-64,Pedestrian,1,1,0,1,0
2024,5,Bolzano,65+,Passenger,1,1,1,0,0
2024,6,Bolzano,25-29,Passenger,1,1,0,1,0
2024,7,Bolzano,18-20,Driver,1,1,1,0,0
2024,7,Bolzano,20-24,Driver,5,4,2,2,0
2024,7,Bolzano,20-24,Passenger,1,1,0,1,0
2024,7,Bolzano,25-29,Driver,2,2,1,1,0
2024,7,Bolzano,25-29,Passenger,1,1,0,1,0
2024,7,Bolzano,30-44,Driver,1,0,0,0,0
2024,7,Bolzano,30-44,Passenger,1,1,0,1,0
2024,7,Bolzano,45-54,Driver,4,4,0,4,0
2024,7,Bolzano,55-59,Driver,4,4,1,3,0
2024,7,Bolzano,55-59,Passenger,1,0,0,0,0
2024,7,Bolzano,60-64,Driver,3,3,0,3,0
2024,7,Bolzano,65+,Pedestrian,1,1,0,1,0
2024,8,Bolzano,18-20,Driver,1,1,0,1,0
2024,8,Bolzano,18-20,Passenger,1,1,0,1,0
2024,8,Bolzano,20-24,Driver,6,5,3,2,0
2024,8,Bolzano,20-24,Pedestrian,1,1,0,1,0
2024,8,Bolzano,25-29,Driver,4,4,1,3,0
2024,8,Bolzano,30-44,Driver,2,2,0,2,0
2024,8,Bolzano,30-44,Passenger,2,2,1,1,0
2024,8,Bolzano,45-54,Driver,2,2,1,1,0
2024,8,Bolzano,45-54,Passenger,1,0,0,0,0
2024,8,Bolzano,45-54,Pedestrian,1,1,0,1,0
2024,8,Bolzano,55-59,Driver,4,4,0,4,0
2024,8,Bolzano,55-59,Passenger,1,1,0,1,0
2024,8,Bolzano,60-64,Driver,1,1,0,1,0
2024,8,Bolzano,65+,Driver,1,1,0,1,0
2024,9,Bolzano,60-64,Passenger,1,1,0,1,0
2024,10,Bolzano,18-20,Driver,2,2,1,1,0
2024,10,Bolzano,18-20,Passenger,2,2,0,2,0
2024,10,Bolzano,20-24,Driver,4,4,0,4,0
2024,10,Bolzano,20-24,Passenger,1,1,1,0,0
2024,10,Bolzano,25-29,Driver,1,1,0,1,0
2024,10,Bolzano,30-44,Driver,2,1,0,1,0
2024,10,Bolzano,30-44,Passenger,1,1,1,0,0
2024,10,Bolzano,45-54,Driver,3,3,0,3,0
2024,10,Bolzano,45-54,Passenger,2,2,0,2,0
2024,10,Bolzano,55-59,Driver,3,3,1,2,0
2024,10,Bolzano,60-64,Driver,1,1,0,1,0
2024,10,Bolzano,60-64,Passenger,1,1,0,1,0
2024,10,Bolzano,65+,Driver,1,1,0,1,0
2024,10,Bolzano,65+,Passenger,1,1,0,1,0
2024,11,Bolzano,18-20,Driver,1,1,0,1,0
2024,11,Bolzano,20-24,Driver,2,2,0,2,0
2024,11,Bolzano,25-29,Driver,1,1,0,1,0
2024,11,Bolzano,25-29,Passenger,1,1,1,0,0
2024,11,Bolzano,30-44,Driver,1,1,1,0,0
2024,11,Bolzano,30-44,Passenger,2,2,0,2,0
2024,11,Bolzano,45-54,Driver,3,2,0,2,0
2024,11,Bolzano,55-59,Driver,2,1,0,1,1
2024,11,Bolzano,65+,Driver,1,1,0,1,0
2024,12,Bolzano,18-20,Driver,1,1,0,1,0
2024,12,Bolzano,20-24,Driver,3,2,0,2,0
2024,12,Bolzano,25-29,Driver,1,1,1,0,0
2024,12,Bolzano,25-29,Passenger,2,1,0,1,0
2024,12,Bolzano,30-44,Passenger,1,1,0,1,0
2024,12,Bolzano,30-44,Pedestrian,1,0,0,0,0
2024,12,Bolzano,60-64,Driver,1,1,0,1,0
2024,1,Brescia,18-20,Driver,1,1,0,1,0
2024,1,Brescia,20-24,Driver,1,1,0,1,0
2024,1,Brescia,25-29,Driver,1,1,1,0,0
2024,1,Brescia,25-29,Pedestrian,1,1,0,1,0
2024,1,Brescia,30-44,Passenger,1,1,0,1,0
2024,1,Brescia,60-64,Driver,1,1,1,0,0
2024,1,Brescia,65+,Pedestrian,1,1,0,1,0
2024,2,Brescia,18-20,Driver,1,1,0,1,0
2024,2,Brescia,18-20,Passenger,1,1,0,1,0
2024,2,Brescia,20-24,Driver,3,3,0,3,0
2024,2,Brescia,20-24,Passenger,2,1,0,1,0
2024,2,Brescia,20-24,Pedestrian,1,1,1,0,0
2024,2,Brescia,25-29,Driver,3,2,0,2,0
2024,2,Brescia,25-29,Pedestrian,1,1,0,1,0
2024,2,Brescia,30-44,Driver,8,7,1,6,0
2024,2,Brescia,45-54,Driver,2,2,1,1,0
2024,2,Brescia,45-54,Passenger,1,1,1,0,0
2024,2,Brescia,55-59,Driver,1,0,0,0,0
2024,2,Brescia,55-59,Pedestrian,1,1,0,1,0
2024,2,Brescia,60-64,Driver,1,1,0,1,0
2024,2,Brescia,65+,Driver,1,1,0,1,0
2024,2,Brescia,65+,Passenger,2,1,0,1,0
2024,3,Brescia,18-20,Driver,4,4,0,4,1
2024,3,Brescia,18-20,Pedestrian,1,1,0,1,0
2024,3,Brescia,20-24,Driver,1,1,0,1,0
2024,3,Brescia,20-24,Passenger,3,2,0,2,0
2024,3,Brescia,20-24,Pedestrian,1,1,0,1,0
2024,3,Brescia,25-29,Driver,2,1,1,0,0
2024,3,Brescia,25-29,Passenger,2,1,0,1,0
2024,3,Brescia,30-44,Driver,5,4,2,2,0
2024,3,Brescia,30-44,Passenger,4,4,0,4,0
2024,3,Brescia,30-44,Pedestrian,1,1,0,1,0
2024,3,Brescia,45-54,Driver,1,1,0,1,0
2024,3,Brescia,45-54,Passenger,1,0,0,0,0
2024,3,Brescia,60-64,Passenger,1,1,1,0,0
2024,3,Brescia,65+,Driver,1,1,0,1,0
2024,4,Brescia,25-29,Driver,1,1,0,1,0
2024,5,Brescia,18-20,Driver,2,2,0,2,0
2024,5,Brescia,18-20,Passenger,2,2,1,1,0
2024,5,Brescia,20-24,Driver,1,0,0,0,0
2024,5,Brescia,20-24,Passenger,3,2,0,2,0
2024,5,Brescia,20-24,Pedestrian,2,2,0,2,0
2024,5,Brescia,25-29,Driver,7,4,1,3,0
2024,5,Brescia,25-29,Passenger,5,2,1,1,0
2024,5,Brescia,25-29,Pedestrian,1,1,0,1,0
2024,5,Brescia,30-44,Driver,13,10,1,9,0
2024,5,Brescia,30-44,Passenger,4,4,1,3,0
2024,5,Brescia,30-44,Pedestrian,4,3,1,2,0
2024,5,Brescia,45-54,Driver,12,11,1,10,0
2024,5,Brescia,55-59,Driver,4,4,0,4,0
2024,5,Brescia,55-59,Pedestrian,1,1,0,1,0
2024,5,Brescia,60-64,Driver,3,3,1,2,0
2024,5,Brescia,65+,Driver,1,0,0,0,0
2024,6,Brescia,18-20,Driver,10,8,0,8,0
2024,6,Brescia,18-20,Passenger,1,1,0,1,0
2024,6,Brescia,18-20,Pedestrian,1,1,1,0,0
2024,6,Brescia,20-24,Driver,6,5,0,5,0
2024,6,Brescia,20-24,Passenger,1,1,0,1,0
2024,6,Brescia,20-24,Pedestrian,1,1,0,1,0
2024,6,Brescia,25-29,Driver,4,2,0,2,0
2024,6,Brescia,25-29,Passenger,2,1,1,0,0
2024,6,Brescia,25-29,Pedestrian,1,1,0,1,0
2024,6,Brescia,30-44,Driver,10,9,2,7,0
2024,6,Brescia,30-44,Passenger,4,3,0,3,0
2024,6,Brescia,30-44,Pedestrian,1,1,0,1,0
2024,6,Brescia,45-54,Driver,9,8,0,8,1
2024,6,Brescia,45-54,Passenger,3,2,0,2,0
2024,6,Brescia,45-54,Pedestrian,4,4,1,3,0
2024,6,Brescia,55-59,Driver,2,2,1,1,0
2024,6,Brescia,55-59,Passenger,2,2,0,2,0
2024,6,Brescia,60-64,Driver,3,3,0,3,0
2024,6,Brescia,60-64,Passenger,1,1,0,1,0
2024,6,Brescia,65+,Driver,5,4,0,4,0
2024,6,Brescia,65+,Passenger,2,2,0,2,0
2024,6,Brescia,65+,Pedestrian,2,1,0,1,0
2024,7,Brescia,18-20,Driver,2,1,0,1,0
2024,7,Brescia,18-20,Passenger,4,3,0,3,0
2024,7,Brescia,18-20,Pedestrian,1,1,0,1,0
2024,7,Brescia,20-24,Driver,5,2,1,1,0
2024,7,Brescia,20-24,Passenger,3,3,1,2,0
2024,7,Brescia,25-29,Driver,9,8,0,8,0
2024,7,Brescia,25-29,Passenger,1,1,0,1,0
2024,7,Brescia,25-29,Pedestrian,1,1,0,1,0
2024,7,Brescia,30-44,Driver,10,8,0,8,0
2024,7,Brescia,30-44,Passenger,5,3,0,3,0
2024,7,Brescia,30-44,Pedestrian,2,2,0,2,0
2024,7,Brescia,45-54,Driver,18,17,2,15,0
2024,7,Brescia,45-54,Passenger,4,4,2,2,0
2024,7,Brescia,45-54,Pedestrian,2,1,0,1,0
2024,7,Brescia,55-59,Driver,5,4,2,2,0
2024,7,Brescia,55-59,Passenger,1,1,0,1,0
2024,7,Brescia,60-64,Driver,4,4,0,4,0
2024,7,Brescia,60-64,Passenger,3,2,0,2,0
2024,7,Brescia,65+,Driver,4,4,0,4,0
2024,7,Brescia,65+,Pedestrian,1,1,0,1,0
2024,8,Brescia,18-20,Driver,5,4,0,4,0
2024,8,Brescia,18-20,Passenger,1,1,0,1,0
2024,8,Brescia,20-24,Driver,4,4,1,3,0
2024,8,Brescia,20-24,Passenger,4,4,1,3,0
2024,8,Brescia,20-24,Pedestrian,1,0,0,0,0
2024,8,Brescia,25-29,Driver,4,1,0,1,0
2024,8,Brescia,25-29,Passenger,1,1,1,0,0
2024,8,Brescia,30-44,Driver,19,13,1,12,0
2024,8,Brescia,30-44,Passenger,4,3,0,3,0
2024,8,Brescia,30-44,Pedestrian,1,1,1,0,0
2024,8,Brescia,45-54,Driver,8,6,3,3,0
2024,8,Brescia,45-54,Passenger,3,2,0,2,0
2024,8,Brescia,45-54,Pedestrian,3,3,0,3,0
2024,8,Brescia,55-59,Driver,7,6,0,6,0
2024,8,Brescia,60-64,Driver,5,4,2,2,0
2024,8,Brescia,60-64,Passenger,1,1,1,0,0
2024,8,Brescia,65+,Driver,3,3,1,2,0
2024,9,Brescia,18-20,Driver,2,2,0,2,0
2024,9,Brescia,20-24,Driver,10,8,1,7,0
2024,9,Brescia,20-24,Passenger,2,2,0,2,0
2024,9,Brescia,25-29,Driver,13,11,5,6,0
2024,9,Brescia,25-29,Passenger,2,2,0,2,0
2024,9,Brescia,30-44,Driver,8,5,0,5,0
2024,9,Brescia,30-44,Passenger,2,2,0,2,0
2024,9,Brescia,45-54,Driver,12,11,1,10,0
2024,9,Brescia,45-54,Passenger,1,0,0,0,0
2024,9,Brescia,55-59,Driver,3,3,1,2,0
2024,9,Brescia,55-59,Passenger,3,1,0,1,0
2024,9,Brescia,60-64,Driver,4,3,1,2,0
2024,9,Brescia,60-64,Passenger,1,0,0,0,0
2024,9,Brescia,65+,Passenger,1,1,0,1,0
2024,10,Brescia,18-20,Driver,4,3,0,3,0
2024,10,Brescia,18-20,Passenger,2,1,0,1,0
2024,10,Brescia,18-20,Pedestrian,1,1,0,1,0
2024,10,Brescia,20-24,Driver,5,3,0,3,0
2024,10,Brescia,20-24,Passenger,2,1,0,1,0
2024,10,Brescia,20-24,Pedestrian,2,2,0,2,0
2024,10,Brescia,25-29,Driver,6,6,1,5,0
2024,10,Brescia,25-29,Passenger,3,1,0,1,0
2024,10,Brescia,25-29,Pedestrian,1,1,0,1,0
2024,10,Brescia,30-44,Driver,6,6,1,5,0
2024,10,Brescia,30-44,Passenger,3,2,0,2,0
2024,10,Brescia,30-44,Pedestrian,2,2,0,2,0
2024,10,Brescia,45-54,Driver,11,9,3,6,1
2024,10,Brescia,45-54,Passenger,4,2,0,2,0
2024,10,Brescia,45-54,Pedestrian,1,1,0,1,0
2024,10,Brescia,55-59,Driver,3,2,0,2,0
2024,10,Brescia,55-59,Passenger,2,1,1,0,0
2024,10,Brescia,55-59,Pedestrian,1,1,0,1,0
2024,10,Brescia,60-64,Driver,4,3,0,3,0
2024,10,Brescia,65+,Driver,4,4,0,4,1
2024,10,Brescia,65+,Passenger,1,0,0,0,0
2024,11,Brescia,18-20,Driver,5,4,1,3,0
2024,11,Brescia,18-20,Passenger,1,1,0,1,0
2024,11,Brescia,20-24,Driver,5,5,0,5,0
2024,11,Brescia,20-24,Passenger,1,1,0,1,0
2024,11,Brescia,25-29,Driver,3,2,0,2,0
2024,11,Brescia,25-29,Passenger,1,1,1,0,0
2024,11,Brescia,30-44,Driver,4,4,1,3,0
2024,11,Brescia,30-44,Passenger,1,0,0,0,0
2024,11,Brescia,30-44,Pedestrian,2,1,0,1,0
2024,11,Brescia,45-54,Driver,3,3,2,1,0
2024,11,Brescia,45-54,Passenger,3,3,0,3,0
2024,11,Brescia,55-59,Driver,2,2,0,2,0
2024,11,Brescia,55-59,Passenger,1,0,0,0,0
2024,11,Brescia,60-64,Passenger,1,1,0,1,0
2024,11,Brescia,65+,Driver,2,2,0,2,0
2024,11,Brescia,65+,Passenger,1,1,1,0,0
2024,12,Brescia,20-24,Driver,1,1,0,1,0
2024,12,Brescia,20-24,Passenger,2,2,0,2,0
2024,12,Brescia,30-44,Passenger,1,1,0,1,0
2024,12,Brescia,45-54,Driver,1,1,1,0,0
2024,1,Brindisi,18-20,Driver,2,2,1,1,0
2024,1,Brindisi,20-24,Driver,1,1,0,1,0
2024,1,Brindisi,20-24,Pedestrian,1,0,0,0,0
2024,1,Brindisi,25-29,Driver,1,0,0,0,0
2024,1,Brindisi,25-29,Pedestrian,1,0,0,0,0
2024,1,Brindisi,30-44,Driver,3,3,1,2,0
2024,1,Brindisi,45-54,Driver,5,5,1,4,0
2024,1,Brindisi,45-54,Passenger,1,1,1,0,0
2024,1,Brindisi,55-59,Pedestrian,1,1,0,1,0
2024,1,Brindisi,60-64,Driver,1,1,0,1,0
2024,1,Brindisi,60-64,Passenger,1,1,0,1,0
2024,2,Brindisi,20-24,Driver,2,1,1,0,0
2024,2,Brindisi,25-29,Driver,1,1,0,1,0
2024,2,Brindisi,30-44,Driver,2,1,1,0,0
2024,2,Brindisi,45-54,Driver,3,2,0,2,0
2024,2,Brindisi,45-54,Pedestrian,1,1,0,1,0
2024,2,Brindisi,55-59,Driver,3,3,0,3,0
2024,2,Brindisi,55-59,Pedestrian,1,1,0,1,0
2024,2,Brindisi,65+,Driver,1,0,0,0,0
2024,3,Brindisi,25-29,Driver,1,1,0,1,0
2024,3,Brindisi,25-29,Passenger,2,1,0,1,0
2024,3,Brindisi,30-44,Driver,2,2,0,2,0
2024,3,Brindisi,30-44,Passenger,5,5,1,4,0
2024,3,Brindisi,30-44,Pedestrian,1,1,1,0,0
2024,3,Brindisi,45-54,Driver,1,1,0,1,0
2024,3,Brindisi,55-59,Driver,1,1,0,1,0
2024,3,Brindisi,60-64,Driver,2,2,1,1,0
2024,3,Brindisi,65+,Passenger,1,1,0,1,0
2024,4,Brindisi,18-20,Driver,1,1,1,0,0
2024,4,Brindisi,20-24,Driver,2,1,0,1,0
2024,4,Brindisi,25-29,Driver,2,2,0,2,0
2024,4,Brindisi,30-44,Driver,2,1,0,1,0
2024,4,Brindisi,30-44,Passenger,2,1,0,1,0
2024,4,Brindisi,45-54,Driver,1,0,0,0,0
2024,4,Brindisi,45-54,Pedestrian,1,1,0,1,0
2024,4,Brindisi,55-59,Driver,2,2,1,1,0
2024,4,Brindisi,55-59,Pedestrian,1,1,0,1,0
2024,4,Brindisi,60-64,Driver,1,1,0,1,0
2024,5,Brindisi,18-20,Driver,7,7,0,7,0
2024,5,Brindisi,18-20,Passenger,2,2,2,0,0
2024,5,Brindisi,18-20,Pedestrian,1,1,1,0,0
2024,5,Brindisi,20-24,Driver,3,3,0,3,0
2024,5,Brindisi,20-24,Passenger,1,1,1,0,0
2024,5,Brindisi,20-24,Pedestrian,1,1,0,1,0
2024,5,Brindisi,25-29,Driver,2,2,1,1,0
2024,5,Brindisi,30-44,Driver,6,6,2,4,0
2024,5,Brindisi,30-44,Passenger,2,2,1,1,0
2024,5,Brindisi,45-54,Driver,7,6,2,4,0
2024,5,Brindisi,45-54,Passenger,7,6,1,5,0
2024,5,Brindisi,55-59,Driver,4,4,0,4,0
2024,5,Brindisi,55-59,Passenger,2,2,0,2,0
2024,5,Brindisi,60-64,Driver,2,2,0,2,0
2024,5,Brindisi,60-64,Pedestrian,1,1,0,1,0
2024,5,Brindisi,65+,Passenger,1,0,0,0,0
2024,5,Brindisi,65+,Pedestrian,1,1,0,1,0
2024,6,Brindisi,18-20,Driver,2,1,1,0,0
2024,6,Brindisi,20-24,Passenger,1,1,0,1,0
2024,6,Brindisi,20-24,Pedestrian,1,1,1,0,0
2024,6,Brindisi,25-29,Driver,1,0,0,0,0
2024,6,Brindisi,30-44,Driver,7,7,0,7,0
2024,6,Brindisi,45-54,Driver,2,2,0,2,1
2024,6,Brindisi,55-59,Passenger,1,1,0,1,0
2024,6,Brindisi,60-64,Driver,1,1,0,1,0
2024,6,Brindisi,60-64,Passenger,2,2,0,2,0
2024,7,Brindisi,18-20,Driver,1,1,0,1,0
2024,7,Brindisi,18-20,Passenger,1,1,0,1,0
2024,7,Brindisi,20-24,Driver,4,3,0,3,0
2024,7,Brindisi,20-24,Passenger,1,1,0,1,0
2024,7,Brindisi,25-29,Driver,2,2,0,2,0
2024,7,Brindisi,30-44,Driver,2,1,1,0,0
2024,7,Brindisi,30-44,Passenger,2,1,1,0,0
2024,7,Brindisi,45-54,Driver,4,4,1,3,0
2024,7,Brindisi,55-59,Driver,1,1,0,1,0
2024,7,Brindisi,55-59,Passenger,1,0,0,0,0
2024,7,Brindisi,55-59,Pedestrian,1,1,0,1,0
2024,7,Brindisi,60-64,Passenger,2,1,0,1,0
2024,8,Brindisi,18-20,Driver,3,3,0,3,0
2024,8,Brindisi,20-24,Driver,3,3,0,3,0
2024,8,Brindisi,20-24,Pedestrian,1,1,1,0,0
2024,8,Brindisi,25-29,Driver,6,3,1,2,0
2024,8,Brindisi,25-29,Pedestrian,1,1,0,1,0
2024,8,Brindisi,30-44,Driver,4,3,1,2,1
2024,8,Brindisi,30-44,Passenger,1,0,0,0,0
2024,8,Brindisi,45-54,Driver,3,2,0,2,0
2024,8,Brindisi,45-54,Pedestrian,1,1,1,0,1
2024,8,Brindisi,55-59,Driver,5,4,1,3,0
2024,8,Brindisi,60-64,Pedestrian,1,0,0,0,0
2024,8,Brindisi,65+,Driver,1,1,0,1,0
2024,9,Brindisi,25-29,Passenger,1,1,1,0,0
2024,9,Brindisi,30-44,Driver,2,2,0,2,0
2024,9,Brindisi,45-54,Driver,1,1,0,1,0
2024,9,Brindisi,55-59,Passenger,1,1,0,1,0
2024,10,Brindisi,18-20,Driver,2,2,0,2,0
2024,10,Brindisi,18-20,Passenger,1,1,0,1,0
2024,10,Brindisi,20-24,Passenger,1,1,0,1,0
2024,10,Brindisi,30-44,Driver,4,4,1,3,0
2024,10,Brindisi,30-44,Passenger,1,0,0,0,0
2024,10,Brindisi,45-54,Driver,1,1,0,1,0
2024,10,Brindisi,45-54,Passenger,3,3,0,3,0
2024,10,Brindisi,60-64,Pedestrian,1,1,0,1,0
2024,10,Brindisi,65+,Passenger,1,1,0,1,0
2024,11,Brindisi,18-20,Driver,3,3,3,0,0
2024,11,Brindisi,20-24,Driver,1,1,1,0,0
2024,11,Brindisi,20-24,Passenger,2,2,0,2,0
2024,11,Brindisi,25-29,Driver,1,1,0,1,0
2024,11,Brindisi,25-29,Passenger,4,3,0,3,0
2024,11,Brindisi,30-44,Driver,4,2,1,1,0
2024,11,Brindisi,30-44,Passenger,2,2,0,2,0
2024,11,Brindisi,30-44,Pedestrian,1,1,0,1,0
2024,11,Brindisi,45-54,Driver,2,2,1,1,0
2024,12,Brindisi,18-20,Driver,1,1,1,0,0
2024,12,Brindisi,20-24,Driver,2,2,1,1,0
2024,12,Brindisi,20-24,Passenger,2,2,1,1,0
2024,12,Brindisi,25-29,Driver,1,1,0,1,0
2024,12,Brindisi,30-44,Driver,3,3,1,2,0
2024,12,Brindisi,30-44,Passenger,1,1,0,1,0
2024,12,Brindisi,45-54,Driver,3,2,0,2,0
2024,12,Brindisi,45-54,Passenger,1,1,0,1,0
2024,12,Brindisi,55-59,Passenger,1,1,0,1,0
2024,1,Cagliari,18-20,Driver,1,1,0,1,0
2024,1,Cagliari,20-24,Driver,1,1,1,0,0
2024,1,Cagliari,30-44,Driver,6,6,4,2,0
2024,1,Cagliari,30-44,Passenger,1,1,0,1,0
2024,2,Cagliari,18-20,Driver,5,3,1,2,0
2024,2,Cagliari,20-24,Driver,3,3,0,3,0
2024,2,Cagliari,20-24,Passenger,5,4,1,3,0
2024,2,Cagliari,25-29,Driver,5,3,1,2,0
2024,2,Cagliari,25-29,Passenger,1,1,0,1,0
2024,2,Cagliari,25-29,Pedestrian,1,1,0,1,0
2024,2,Cagliari,30-44,Driver,12,11,3,8,0
2024,2,Cagliari,30-44,Passenger,3,3,1,2,0
2024,2,Cagliari,30-44,Pedestrian,1,0,0,0,0
2024,2,Cagliari,45-54,Driver,10,7,2,5,0
2024,2,Cagliari,45-54,Passenger,2,2,0,2,0
2024,2,Cagliari,45-54,Pedestrian,2,0,0,0,0
2024,2,Cagliari,55-59,Driver,6,5,1,4,0
2024,2,Cagliari,55-59,Passenger,2,1,0,1,0
2024,2,Cagliari,60-64,Driver,5,5,2,3,0
2024,2,Cagliari,60-64,Passenger,1,1,0,1,0
2024,2,Cagliari,60-64,Pedestrian,1,1,0,1,0
2024,2,Cagliari,65+,Driver,1,1,0,1,0
2024,2,Cagliari,65+,Passenger,2,2,0,2,0
2024,3,Cagliari,20-24,Driver,1,1,0,1,0
2024,3,Cagliari,20-24,Pedestrian,1,1,0,1,0
2024,3,Cagliari,25-29,Driver,1,1,0,1,0
2024,3,Cagliari,30-44,Driver,3,2,1,1,0
2024,3,Cagliari,30-44,Passenger,1,0,0,0,0
2024,3,Cagliari,45-54,Driver,2,2,1,1,0
2024,3,Cagliari,45-54,Passenger,1,1,0,1,0
2024,3,Cagliari,45-54,Pedestrian,1,1,0,1,0
2024,3,Cagliari,55-59,Driver,1,1,0,1,0
2024,3,Cagliari,60-64,Driver,2,2,0,2,0
2024,3,Cagliari,60-64,Passenger,1,1,0,1,0
2024,4,Cagliari,18-20,Driver,2,1,0,1,0
2024,4,Cagliari,18-20,Passenger,1,1,0,1,0
2024,4,Cagliari,20-24,Driver,2,1,1,0,0
2024,4,Cagliari,25-29,Driver,1,1,0,1,0
2024,4,Cagliari,30-44,Driver,3,3,0,3,0
2024,4,Cagliari,45-54,Driver,3,3,1,2,0
2024,4,Cagliari,45-54,Passenger,1,0,0,0,0
2024,4,Cagliari,55-59,Driver,4,4,2,2,0
2024,4,Cagliari,60-64,Driver,2,1,0,1,0
2024,4,Cagliari,60-64,Passenger,1,1,1,0,0
2024,5,Cagliari,20-24,Driver,4,3,0,3,0
2024,5,Cagliari,20-24,Passenger,1,1,0,1,0
2024,5,Cagliari,25-29,Driver,2,2,0,2,0
2024,5,Cagliari,25-29,Passenger,1,0,0,0,0
2024,5,Cagliari,30-44,Driver,1,1,0,1,0
2024,5,Cagliari,30-44,Passenger,1,1,1,0,0
2024,5,Cagliari,30-44,Pedestrian,1,1,0,1,0
2024,5,Cagliari,45-54,Driver,5,5,2,3,1
2024,5,Cagliari,45-54,Pedestrian,1,1,0,1,0
2024,5,Cagliari,55-59,Driver,1,1,0,1,0
2024,5,Cagliari,60-64,Driver,4,3,1,2,0
2024,5,Cagliari,65+,Passenger,1,0,0,0,0
2024,6,Cagliari,18-20,Driver,3,3,0,3,0
2024,6,Cagliari,20-24,Driver,4,4,1,3,0
2024,6,Cagliari,20-24,Passenger,1,1,0,1,0
2024,6,Cagliari,20-24,Pedestrian,1,1,0,1,0
2024,6,Cagliari,25-29,Driver,2,1,0,1,0
2024,6,Cagliari,25-29,Passenger,2,1,1,0,0
2024,6,Cagliari,30-44,Driver,3,2,0,2,0
2024,6,Cagliari,30-44,Passenger,1,1,1,0,0
2024,6,Cagliari,45-54,Driver,8,7,0,7,0
2024,6,Cagliari,45-54,Passenger,1,1,1,0,0
2024,6,Cagliari,55-59,Driver,3,3,0,3,0
2024,6,Cagliari,55-59,Passenger,2,2,0,2,0
2024,6,Cagliari,60-64,Driver,2,2,0,2,0
2024,6,Cagliari,60-64,Passenger,1,1,1,0,0
2024,6,Cagliari,65+,Passenger,1,1,0,1,0
2024,7,Cagliari,18-20,Driver,1,1,0,1,0
2024,7,Cagliari,18-20,Passenger,1,1,0,1,0
2024,7,Cagliari,20-24,Driver,4,3,0,3,0
2024,7,Cagliari,20-24,Passenger,1,1,0,1,0
2024,7,Cagliari,20-24,Pedestrian,1,1,0,1,0
2024,7,Cagliari,25-29,Driver,1,0,0,0,0
2024,7,Cagliari,30-44,Driver,2,2,0,2,0
2024,7,Cagliari,45-54,Driver,3,3,1,2,0
2024,7,Cagliari,45-54,Pedestrian,1,1,0,1,0
2024,7,Cagliari,55-59,Driver,1,1,0,1,0
2024,7,Cagliari,60-64,Driver,1,1,0,1,0
2024,8,Cagliari,18-20,Driver,5,5,1,4,0
2024,8,Cagliari,18-20,Passenger,1,1,0,1,0
2024,8,Cagliari,20-24,Driver,3,3,0,3,0
2024,8,Cagliari,20-24,Passenger,2,1,0,1,0
2024,8,Cagliari,20-24,Pedestrian,3,1,0,1,0
2024,8,Cagliari,25-29,Driver,11,9,1,8,0
2024,8,Cagliari,25-29,Pedestrian,3,3,0,3,0
2024,8,Cagliari,30-44,Driver,9,8,1,7,0
2024,8,Cagliari,30-44,Passenger,2,1,0,1,0
2024,8,Cagliari,30-44,Pedestrian,1,1,1,0,0
2024,8,Cagliari,45-54,Driver,4,4,0,4,0
2024,8,Cagliari,45-54,Passenger,5,5,1,4,0
2024,8,Cagliari,55-59,Driver,3,2,0,2,0
2024,8,Cagliari,55-59,Pedestrian,1,1,0,1,0
2024,8,Cagliari,60-64,Driver,1,1,0,1,0
2024,8,Cagliari,60-64,Passenger,2,2,1,1,0
2024,8,Cagliari,65+,Driver,1,0,0,0,0
2024,8,Cagliari,65+,Passenger,1,1,0,1,0
2024,9,Cagliari,18-20,Driver,6,1,0,1,0
2024,9,Cagliari,18-20,Passenger,2,2,1,1,2
2024,9,Cagliari,20-24,Driver,1,1,0,1,0
2024,9,Cagliari,20-24,Pedestrian,1,1,0,1,0
2024,9,Cagliari,25-29,Driver,2,1,0,1,0
2024,9,Cagliari,25-29,Passenger,1,0,0,0,0
2024,9,Cagliari,30-44,Driver,4,3,1,2,0
2024,9,Cagliari,30-44,Passenger,2,2,0,2,0
2024,9,Cagliari,45-54,Driver,5,5,3,2,0
2024,9,Cagliari,55-59,Driver,3,3,2,1,0
2024,9,Cagliari,55-59,Passenger,1,1,1,0,0
2024,9,Cagliari,60-64,Driver,1,1,1,0,0
2024,9,Cagliari,65+,Passenger,1,1,0,1,0
2024,9,Cagliari,65+,Pedestrian,1,1,0,1,0
2024,10,Cagliari,18-20,Driver,1,1,0,1,0
2024,10,Cagliari,20-24,Pedestrian,1,1,0,1,0
2024,10,Cagliari,25-29,Driver,1,1,1,0,0
2024,10,Cagliari,25-29,Passenger,2,2,0,2,0
2024,10,Cagliari,30-44,Driver,1,1,0,1,0
2024,10,Cagliari,45-54,Driver,1,1,0,1,0
2024,10,Cagliari,45-54,Passenger,1,1,0,1,0
2024,10,Cagliari,55-59,Passenger,1,1,1,0,0
2024,10,Cagliari,60-64,Driver,1,1,0,1,0
2024,11,Cagliari,18-20,Driver,4,2,0,2,0
2024,11,Cagliari,18-20,Passenger,1,0,0,0,0
2024,11,Cagliari,20-24,Driver,3,2,0,2,0
2024,11,Cagliari,20-24,Passenger,2,0,0,0,0
2024,11,Cagliari,25-29,Driver,2,2,0,2,0
2024,11,Cagliari,25-29,Passenger,3,2,1,1,0
2024,11,Cagliari,30-44,Driver,9,7,2,5,0
2024,11,Cagliari,30-44,Passenger,4,4,0,4,0
2024,11,Cagliari,30-44,Pedestrian,2,1,0,1,0
2024,11,Cagliari,45-54,Driver,3,2,0,2,0
2024,11,Cagliari,45-54,Passenger,2,2,0,2,0
2024,11,Cagliari,55-59,Driver,4,4,1,3,0
2024,11,Cagliari,55-59,Passenger,2,2,1,1,0
2024,11,Cagliari,55-59,Pedestrian,1,1,0,1,0
2024,11,Cagliari,60-64,Driver,4,3,2,1,1
2024,11,Cagliari,60-64,Passenger,2,2,0,2,0
2024,11,Cagliari,65+,Passenger,1,1,0,1,0
2024,12,Cagliari,18-20,Passenger,1,0,0,0,0
2024,12,Cagliari,20-24,Passenger,1,0,0,0,0
2024,12,Cagliari,25-29,Driver,3,3,0,3,0
2024,12,Cagliari,30-44,Driver,4,4,2,2,0
2024,12,Cagliari,45-54,Driver,3,2,0,2,0
2024,12,Cagliari,55-59,Driver,1,0,0,0,0
2024,12,Cagliari,55-59,Passenger,1,1,0,1,0
2024,12,Cagliari,65+,Driver,1,1,0,1,0
2024,12,Cagliari,65+,Pedestrian,1,1,1,0,0
2024,1,Caltanissetta,18-20,Driver,1,1,0,1,0
2024,1,Caltanissetta,25-29,Driver,2,2,0,2,0
2024,1,Caltanissetta,30-44,Passenger,1,0,0,0,0
2024,1,Caltanissetta,45-54,Driver,2,2,1,1,0
2024,1,Caltanissetta,45-54,Passenger,1,1,0,1,0
2024,1,Caltanissetta,55-59,Passenger,1,1,0,1,0
2024,2,Caltanissetta,30-44,Passenger,1,1,0,1,0
2024,3,Caltanissetta,30-44,Driver,1,1,1,0,0
2024,4,Caltanissetta,20-24,Driver,2,1,0,1,0
2024,4,Caltanissetta,20-24,Passenger,1,0,0,0,0
2024,4,Caltanissetta,30-44,Driver,2,2,0,2,0
2024,4,Caltanissetta,30-44,Passenger,4,4,1,3,0
2024,4,Caltanissetta,30-44,Pedestrian,1,1,0,1,0
2024,4,Caltanissetta,45-54,Driver,2,1,1,0,0
2024,4,Caltanissetta,55-59,Driver,1,0,0,0,0
2024,4,Caltanissetta,55-59,Passenger,1,1,0,1,0
2024,4,Caltanissetta,60-64,Pedestrian,1,0,0,0,0
2024,5,Caltanissetta,18-20,Driver,1,1,1,0,0
2024,5,Caltanissetta,18-20,Passenger,2,2,0,2,0
2024,5,Caltanissetta,20-24,Driver,1,1,0,1,1
2024,5,Caltanissetta,20-24,Passenger,1,0,0,0,1
2024,5,Caltanissetta,25-29,Driver,2,2,0,2,0
2024,5,Caltanissetta,30-44,Driver,2,1,0,1,0
2024,5,Caltanissetta,30-44,Passenger,1,1,0,1,0
2024,5,Caltanissetta,55-59,Driver,1,1,0,1,0
2024,5,Caltanissetta,60-64,Pedestrian,1,1,0,1,0
2024,6,Caltanissetta,20-24,Driver,2,2,0,2,0
2024,6,Caltanissetta,30-44,Driver,4,3,0,3,0
2024,6,Caltanissetta,30-44,Passenger,2,2,0,2,0
2024,6,Caltanissetta,55-59,Driver,1,1,0,1,0
2024,7,Caltanissetta,18-20,Driver,1,1,0,1,0
2024,7,Caltanissetta,18-20,Pedestrian,1,1,0,1,0
2024,7,Caltanissetta,25-29,Driver,1,1,0,1,0
2024,7,Caltanissetta,30-44,Driver,4,2,1,1,1
2024,7,Caltanissetta,45-54,Driver,1,0,0,0,0
2024,7,Caltanissetta,45-54,Pedestrian,1,1,0,1,0
2024,7,Caltanissetta,55-59,Driver,1,1,0,1,0
2024,7,Caltanissetta,60-64,Passenger,1,0,0,0,0
2024,7,Caltanissetta,65+,Driver,1,1,0,1,0
2024,8,Caltanissetta,20-24,Driver,2,2,1,1,0
2024,8,Caltanissetta,30-44,Driver,5,4,1,3,0
2024,8,Caltanissetta,30-44,Passenger,1,0,0,0,0
2024,8,Caltanissetta,45-54,Driver,2,2,1,1,0
2024,8,Caltanissetta,55-59,Pedestrian,1,1,0,1,0
2024,8,Caltanissetta,60-64,Pedestrian,1,0,0,0,0
2024,8,Caltanissetta,65+,Driver,1,1,0,1,0
2024,8,Caltanissetta,65+,Pedestrian,1,1,0,1,0
2024,9,Caltanissetta,20-24,Passenger,1,1,0,1,0
2024,9,Caltanissetta,25-29,Driver,2,1,0,1,0
2024,9,Caltanissetta,25-29,Passenger,1,1,0,1,0
2024,9,Caltanissetta,30-44,Driver,3,2,2,0,0
2024,9,Caltanissetta,45-54,Driver,1,1,1,0,0
2024,9,Caltanissetta,45-54,Passenger,1,1,0,1,0
2024,9,Caltanissetta,45-54,Pedestrian,1,1,0,1,0
2024,9,Caltanissetta,65+,Driver,1,1,0,1,0
2024,10,Caltanissetta,18-20,Passenger,1,1,0,1,0
2024,10,Caltanissetta,20-24,Driver,1,1,0,1,0
2024,10,Caltanissetta,25-29,Driver,1,1,0,1,0
2024,10,Caltanissetta,25-29,Passenger,1,1,0,1,0
2024,10,Caltanissetta,30-44,Driver,1,1,0,1,0
2024,10,Caltanissetta,30-44,Passenger,1,1,0,1,0
2024,10,Caltanissetta,45-54,Driver,3,3,1,2,0
2024,10,Caltanissetta,45-54,Passenger,1,1,1,0,0
2024,10,Caltanissetta,55-59,Passenger,1,1,0,1,0
2024,10,Caltanissetta,60-64,Driver,1,1,1,0,0
2024,10,Caltanissetta,65+,Driver,1,1,0,1,0
2024,11,Caltanissetta,18-20,Driver,1,1,1,0,0
2024,11,Caltanissetta,20-24,Driver,2,2,0,2,0
2024,11,Caltanissetta,25-29,Driver,2,2,1,1,0
2024,11,Caltanissetta,25-29,Passenger,1,1,1,0,0
2024,11,Caltanissetta,30-44,Passenger,1,0,0,0,0
2024,11,Caltanissetta,45-54,Driver,2,2,0,2,0
2024,11,Caltanissetta,45-54,Passenger,1,1,1,0,0
2024,11,Caltanissetta,55-59,Driver,1,1,0,1,0
2024,11,Caltanissetta,60-64,Driver,1,1,0,1,0
2024,11,Caltanissetta,60-64,Passenger,1,0,0,0,0
2024,12,Caltanissetta,25-29,Passenger,1,1,0,1,0
2024,12,Caltanissetta,30-44,Driver,4,3,0,3,0
2024,12,Caltanissetta,30-44,Passenger,2,1,0,1,0
2024,12,Caltanissetta,45-54,Driver,2,2,1,1,0
2024,12,Caltanissetta,55-59,Driver,2,2,0,2,0
2024,12,Caltanissetta,60-64,Driver,1,0,0,0,0
2024,12,Caltanissetta,65+,Driver,2,2,1,1,0
2024,1,Campobasso,25-29,Driver,1,0,0,0,0
2024,1,Campobasso,30-44,Driver,2,2,0,2,0
2024,1,Campobasso,30-44,Passenger,1,1,0,1,0
2024,1,Campobasso,60-64,Passenger,1,1,0,1,0
2024,2,Campobasso,20-24,Passenger,1,1,0,1,0
2024,3,Campobasso,18-20,Driver,1,1,0,1,0
2024,3,Campobasso,20-24,Driver,1,1,0,1,0
2024,3,Campobasso,20-24,Passenger,1,1,0,1,0
2024,3,Campobasso,25-29,Driver,1,1,0,1,0
2024,3,Campobasso,30-44,Passenger,2,1,1,0,0
2024,3,Campobasso,45-54,Driver,1,1,0,1,0
2024,3,Campobasso,45-54,Pedestrian,1,1,0,1,0
2024,4,Campobasso,20-24,Driver,2,2,0,2,0
2024,4,Campobasso,45-54,Passenger,1,0,0,0,0
2024,4,Campobasso,55-59,Passenger,1,1,0,1,0
2024,4,Campobasso,55-59,Pedestrian,1,1,0,1,0
2024,5,Campobasso,20-24,Driver,1,1,0,1,0
2024,5,Campobasso,30-44,Driver,1,1,0,1,0
2024,5,Campobasso,45-54,Driver,2,2,2,0,0
2024,6,Campobasso,30-44,Driver,2,2,2,0,1
2024,6,Campobasso,45-54,Driver,1,0,0,0,0
2024,7,Campobasso,25-29,Driver,2,1,1,0,0
2024,7,Campobasso,30-44,Passenger,1,1,0,1,0
2024,7,Campobasso,55-59,Driver,3,3,1,2,0
2024,7,Campobasso,60-64,Driver,1,1,0,1,0
2024,8,Campobasso,25-29,Driver,1,1,0,1,0
2024,8,Campobasso,30-44,Driver,2,1,1,0,0
2024,8,Campobasso,45-54,Driver,2,2,1,1,0
2024,8,Campobasso,65+,Pedestrian,1,1,1,0,0
2024,9,Campobasso,18-20,Passenger,1,0,0,0,0
2024,9,Campobasso,30-44,Driver,3,3,0,3,0
2024,9,Campobasso,30-44,Passenger,1,0,0,0,0
2024,9,Campobasso,45-54,Passenger,1,1,0,1,0
2024,9,Campobasso,55-59,Passenger,1,1,0,1,0
2024,9,Campobasso,60-64,Driver,1,1,0,1,0
2024,9,Campobasso,60-64,Passenger,1,1,0,1,0
2024,9,Campobasso,65+,Driver,1,1,0,1,0
2024,10,Campobasso,18-20,Driver,1,1,0,1,0
2024,10,Campobasso,18-20,Passenger,1,1,1,0,0
2024,10,Campobasso,20-24,Driver,1,1,0,1,0
2024,10,Campobasso,30-44,Driver,1,1,0,1,0
2024,10,Campobasso,30-44,Passenger,1,1,0,1,0
2024,10,Campobasso,45-54,Driver,3,2,1,1,0
2024,10,Campobasso,45-54,Passenger,2,2,0,2,0
2024,10,Campobasso,55-59,Driver,1,1,0,1,0
2024,10,Campobasso,55-59,Passenger,1,0,0,0,0
2024,10,Campobasso,60-64,Driver,1,1,0,1,0
2024,10,Campobasso,60-64,Pedestrian,1,1,0,1,0
2024,10,Campobasso,65+,Driver,1,0,0,0,0
2024,11,Campobasso,18-20,Driver,1,1,0,1,0
2024,11,Campobasso,20-24,Driver,2,2,0,2,0
2024,11,Campobasso,30-44,Driver,2,2,0,2,0
2024,11,Campobasso,30-44,Passenger,1,1,0,1,0
2024,12,Campobasso,25-29,Driver,1,1,0,1,0
2024,12,Campobasso,25-29,Passenger,1,0,0,0,0
2024,12,Campobasso,30-44,Driver,1,1,0,1,0
2024,12,Campobasso,30-44,Passenger,1,0,0,0,0
2024,12,Campobasso,45-54,Driver,1,0,0,0,0
2024,12,Campobasso,60-64,Driver,1,1,1,0,0
2024,1,Caserta,18-20,Driver,2,1,0,1,0
2024,1,Caserta,18-20,Passenger,1,1,0,1,0
2024,1,Caserta,20-24,Driver,6,5,0,5,0
2024,1,Caserta,20-24,Passenger,1,1,0,1,0
2024,1,Caserta,20-24,Pedestrian,1,0,0,0,0
2024,1,Caserta,25-29,Driver,3,2,0,2,0
2024,1,Caserta,25-29,Passenger,1,1,1,0,0
2024,1,Caserta,30-44,Driver,12,12,5,7,0
2024,1,Caserta,30-44,Passenger,2,1,0,1,0
2024,1,Caserta,30-44,Pedestrian,1,1,0,1,0
2024,1,Caserta,45-54,Driver,6,6,1,5,0
2024,1,Caserta,45-54,Passenger,5,5,0,5,0
2024,1,Caserta,55-59,Driver,5,3,0,3,0
2024,1,Caserta,55-59,Passenger,3,3,1,2,0
2024,1,Caserta,60-64,Driver,2,1,1,0,0
2024,1,Caserta,60-64,Passenger,3,2,0,2,0
2024,1,Caserta,65+,Driver,2,2,0,2,0
2024,2,Caserta,18-20,Driver,1,1,0,1,0
2024,2,Caserta,18-20,Passenger,1,1,0,1,0
2024,2,Caserta,20-24,Driver,1,1,0,1,0
2024,2,Caserta,25-29,Driver,4,4,1,3,0
2024,2,Caserta,25-29,Passenger,1,1,1,0,0
2024,2,Caserta,25-29,Pedestrian,1,1,1,0,0
2024,2,Caserta,30-44,Driver,4,3,0,3,0
2024,2,Caserta,30-44,Passenger,1,1,0,1,0
2024,2,Caserta,45-54,Driver,4,3,0,3,0
2024,2,Caserta,45-54,Passenger,1,1,1,0,0
2024,2,Caserta,55-59,Driver,2,2,1,1,0
2024,2,Caserta,60-64,Driver,1,0,0,0,0
2024,2,Caserta,60-64,Passenger,1,0,0,0,0
2024,2,Caserta,60-64,Pedestrian,1,1,0,1,0
2024,3,Caserta,18-20,Passenger,1,0,0,0,0
2024,3,Caserta,20-24,Driver,5,5,1,4,0
2024,3,Caserta,20-24,Passenger,2,1,0,1,0
2024,3,Caserta,25-29,Driver,5,4,0,4,0
2024,3,Caserta,25-29,Passenger,2,1,0,1,0
2024,3,Caserta,30-44,Driver,6,6,2,4,0
2024,3,Caserta,30-44,Passenger,6,6,2,4,0
2024,3,Caserta,45-54,Driver,4,4,2,2,0
2024,3,Caserta,45-54,Passenger,3,3,0,3,0
2024,3,Caserta,55-59,Driver,5,4,1,3,0
2024,3,Caserta,60-64,Driver,2,2,0,2,0
2024,3,Caserta,60-64,Passenger,3,3,0,3,0
2024,3,Caserta,60-64,Pedestrian,1,1,0,1,0
2024,4,Caserta,18-20,Driver,2,1,0,1,0
2024,4,Caserta,20-24,Driver,2,2,0,2,0
2024,4,Caserta,20-24,Passenger,2,2,0,2,0
2024,4,Caserta,20-24,Pedestrian,1,1,1,0,0
2024,4,Caserta,25-29,Driver,4,3,1,2,0
2024,4,Caserta,25-29,Passenger,1,1,0,1,0
2024,4,Caserta,25-29,Pedestrian,1,1,0,1,0
2024,4,Caserta,30-44,Driver,8,4,1,3,0
2024,4,Caserta,30-44,Passenger,4,4,0,4,0
2024,4,Caserta,30-44,Pedestrian,1,1,0,1,0
2024,4,Caserta,45-54,Driver,2,2,0,2,0
2024,4,Caserta,45-54,Passenger,2,1,0,1,0
2024,4,Caserta,45-54,Pedestrian,1,1,0,1,0
2024,4,Caserta,55-59,Driver,3,3,1,2,0
2024,4,Caserta,65+,Driver,1,0,0,0,0
2024,5,Caserta,18-20,Driver,4,3,1,2,0
2024,5,Caserta,18-20,Pedestrian,2,2,0,2,0
2024,5,Caserta,20-24,Driver,4,4,0,4,0
2024,5,Caserta,20-24,Passenger,4,3,0,3,0
2024,5,Caserta,25-29,Driver,1,1,0,1,0
2024,5,Caserta,25-29,Passenger,1,1,0,1,0
2024,5,Caserta,30-44,Driver,8,7,1,6,0
2024,5,Caserta,30-44,Passenger,4,4,1,3,0
2024,5,Caserta,30-44,Pedestrian,1,1,1,0,0
2024,5,Caserta,45-54,Driver,4,3,0,3,0
2024,5,Caserta,45-54,Passenger,2,1,0,1,0
2024,5,Caserta,55-59,Driver,5,4,0,4,0
2024,5,Caserta,55-59,Passenger,1,1,0,1,0
2024,5,Caserta,55-59,Pedestrian,1,0,0,0,0
2024,5,Caserta,60-64,Driver,2,2,0,2,0
2024,5,Caserta,60-64,Pedestrian,1,1,0,1,0
2024,5,Caserta,65+,Passenger,1,1,0,1,0
2024,6,Caserta,18-20,Driver,6,6,0,6,0
2024,6,Caserta,20-24,Driver,2,1,0,1,0
2024,6,Caserta,20-24,Passenger,2,2,0,2,0
2024,6,Caserta,20-24,Pedestrian,1,1,0,1,0
2024,6,Caserta,25-29,Driver,4,4,0,4,0
2024,6,Caserta,25-29,Passenger,1,1,0,1,0
2024,6,Caserta,30-44,Driver,5,5,1,4,0
2024,6,Caserta,30-44,Passenger,2,2,0,2,0
2024,6,Caserta,45-54,Driver,9,6,3,3,0
2024,6,Caserta,45-54,Passenger,2,1,0,1,0
2024,6,Caserta,55-59,Driver,3,1,0,1,0
2024,6,Caserta,55-59,Pedestrian,1,1,0,1,0
2024,6,Caserta,60-64,Driver,3,2,1,1,0
2024,6,Caserta,60-64,Pedestrian,2,1,0,1,0
2024,6,Caserta,65+,Driver,2,2,0,2,0
2024,7,Caserta,18-20,Driver,1,1,0,1,0
2024,7,Caserta,18-20,Passenger,1,1,0,1,0
2024,7,Caserta,20-24,Driver,3,2,0,2,0
2024,7,Caserta,25-29,Driver,1,0,0,0,0
2024,7,Caserta,30-44,Driver,3,3,0,3,0
2024,7,Caserta,45-54,Driver,3,2,1,1,0
2024,7,Caserta,45-54,Pedestrian,1,0,0,0,0
2024,7,Caserta,55-59,Driver,4,2,0,2,0
2024,7,Caserta,60-64,Driver,2,2,1,1,0
2024,7,Caserta,65+,Driver,2,2,1,1,0
2024,8,Caserta,25-29,Driver,1,1,0,1,0
2024,8,Caserta,30-44,Driver,4,4,1,3,0
2024,8,Caserta,30-44,Pedestrian,1,1,0,1,0
2024,8,Caserta,45-54,Driver,3,3,0,3,0
2024,8,Caserta,45-54,Passenger,1,1,0,1,0
2024,8,Caserta,45-54,Pedestrian,1,1,0,1,0
2024,8,Caserta,55-59,Driver,3,3,1,2,0
2024,8,Caserta,55-59,Pedestrian,1,0,0,0,0
2024,8,Caserta,60-64,Driver,1,1,0,1,0
2024,8,Caserta,65+,Driver,1,1,0,1,0
2024,9,Caserta,18-20,Driver,2,1,0,1,0
2024,9,Caserta,18-20,Passenger,1,1,0,1,0
2024,9,Caserta,20-24,Driver,4,4,0,4,0
2024,9,Caserta,20-24,Passenger,1,1,0,1,0
2024,9,Caserta,25-29,Driver,2,2,0,2,0
2024,9,Caserta,25-29,Passenger,2,2,0,2,0
2024,9,Caserta,30-44,Passenger,2,1,0,1,0
2024,9,Caserta,45-54,Driver,7,6,0,6,0
2024,9,Caserta,45-54,Passenger,2,2,0,2,0
2024,9,Caserta,55-59,Driver,4,3,1,2,0
2024,9,Caserta,60-64,Driver,3,3,1,2,0
2024,9,Caserta,65+,Pedestrian,1,1,0,1,0
2024,10,Caserta,18-20,Passenger,1,1,0,1,0
2024,10,Caserta,20-24,Driver,1,1,0,1,0
2024,10,Caserta,20-24,Passenger,1,1,0,1,0
2024,10,Caserta,25-29,Passenger,1,1,1,0,0
2024,10,Caserta,25-29,Pedestrian,1,1,0,1,0
2024,10,Caserta,30-44,Driver,2,2,0,2,0
2024,10,Caserta,30-44,Passenger,2,1,0,1,0
2024,10,Caserta,45-54,Driver,3,3,0,3,0
2024,10,Caserta,45-54,Pedestrian,1,1,0,1,0
2024,10,Caserta,55-59,Pedestrian,1,1,0,1,0
2024,11,Caserta,18-20,Driver,5,4,2,2,0
2024,11,Caserta,18-20,Passenger,2,2,1,1,0
2024,11,Caserta,20-24,Driver,4,4,1,3,0
2024,11,Caserta,20-24,Passenger,4,2,1,1,0
2024,11,Caserta,25-29,Driver,5,4,0,4,0
2024,11,Caserta,30-44,Driver,6,4,0,4,0
2024,11,Caserta,30-44,Passenger,1,1,1,0,0
2024,11,Caserta,30-44,Pedestrian,4,3,0,3,0
2024,11,Caserta,45-54,Driver,4,4,0,4,0
2024,11,Caserta,45-54,Passenger,2,2,0,2,0
2024,11,Caserta,45-54,Pedestrian,1,1,0,1,0
2024,11,Caserta,55-59,Driver,3,2,1,1,0
2024,11,Caserta,55-59,Pedestrian,1,1,0,1,0
2024,11,Caserta,60-64,Driver,2,2,0,2,0
2024,11,Caserta,60-64,Passenger,1,1,0,1,0
2024,11,Caserta,65+,Passenger,1,1,1,0,0
2024,11,Caserta,65+,Pedestrian,1,1,1,0,0
2024,12,Caserta,18-20,Passenger,1,1,1,0,0
2024,12,Caserta,20-24,Passenger,1,1,1,0,0
2024,12,Caserta,25-29,Driver,6,4,0,4,1
2024,12,Caserta,25-29,Passenger,1,1,0,1,0
2024,12,Caserta,25-29,Pedestrian,1,0,0,0,0
2024,12,Caserta,30-44,Driver,4,4,0,4,0
2024,12,Caserta,30-44,Passenger,3,1,0,1,0
2024,12,Caserta,30-44,Pedestrian,2,2,0,2,0
2024,12,Caserta,45-54,Driver,4,3,0,3,0
2024,12,Caserta,45-54,Pedestrian,1,1,0,1,0
2024,12,Caserta,55-59,Passenger,2,2,0,2,0
2024,12,Caserta,65+,Driver,1,1,1,0,0
2024,12,Caserta,65+,Passenger,1,1,0,1,0
2024,1,Catania,18-20,Driver,3,2,1,1,0
2024,1,Catania,18-20,Pedestrian,1,1,0,1,0
2024,1,Catania,20-24,Driver,6,5,1,4,0
2024,1,Catania,20-24,Passenger,3,3,1,2,0
2024,1,Catania,20-24,Pedestrian,1,1,1,0,0
2024,1,Catania,25-29,Driver,6,5,0,5,0
2024,1,Catania,30-44,Driver,17,16,2,14,0
2024,1,Catania,30-44,Passenger,4,3,0,3,0
2024,1,Catania,30-44,Pedestrian,2,2,0,2,0
2024,1,Catania,45-54,Driver,9,7,1,6,0
2024,1,Catania,45-54,Passenger,5,4,1,3,0
2024,1,Catania,45-54,Pedestrian,2,1,0,1,0
2024,1,Catania,55-59,Driver,7,7,1,6,0
2024,1,Catania,55-59,Passenger,2,1,0,1,0
2024,1,Catania,55-59,Pedestrian,1,1,0,1,0
2024,1,Catania,60-64,Driver,2,1,0,1,0
2024,1,Catania,60-64,Passenger,1,1,0,1,0
2024,1,Catania,65+,Driver,5,4,1,3,1
2024,1,Catania,65+,Passenger,1,1,0,1,0
2024,2,Catania,18-20,Driver,3,1,0,1,0
2024,2,Catania,18-20,Passenger,2,2,2,0,0
2024,2,Catania,20-24,Driver,6,6,0,6,0
2024,2,Catania,20-24,Passenger,2,1,0,1,0
2024,2,Catania,20-24,Pedestrian,3,2,1,1,0
2024,2,Catania,25-29,Driver,4,3,0,3,0
2024,2,Catania,30-44,Driver,4,4,1,3,0
2024,2,Catania,30-44,Passenger,5,4,0,4,0
2024,2,Catania,30-44,Pedestrian,2,2,0,2,0
2024,2,Catania,45-54,Driver,5,5,1,4,0
2024,2,Catania,45-54,Passenger,3,2,1,1,0
2024,2,Catania,55-59,Driver,4,2,0,2,0
2024,2,Catania,60-64,Driver,2,2,0,2,0
2024,2,Catania,65+,Driver,2,2,0,2,0
2024,2,Catania,65+,Passenger,2,1,0,1,0
2024,2,Catania,65+,Pedestrian,1,1,0,1,0
2024,3,Catania,18-20,Driver,5,2,0,2,0
2024,3,Catania,18-20,Passenger,1,1,0,1,0
2024,3,Catania,20-24,Driver,4,3,1,2,0
2024,3,Catania,20-24,Passenger,1,1,0,1,0
2024,3,Catania,25-29,Driver,9,5,0,5,0
2024,3,Catania,30-44,Driver,13,9,2,7,1
2024,3,Catania,30-44,Passenger,2,2,1,1,0
2024,3,Catania,30-44,Pedestrian,1,1,0,1,0
2024,3,Catania,45-54,Driver,7,7,1,6,0
2024,3,Catania,45-54,Passenger,1,1,0,1,0
2024,3,Catania,45-54,Pedestrian,1,1,1,0,0
2024,3,Catania,55-59,Driver,3,2,1,1,0
2024,3,Catania,55-59,Passenger,2,2,1,1,0
2024,3,Catania,60-64,Driver,4,4,0,4,0
2024,3,Catania,60-64,Passenger,3,3,0,3,0
2024,3,Catania,60-64,Pedestrian,1,1,0,1,0
2024,4,Catania,18-20,Driver,5,3,1,2,0
2024,4,Catania,18-20,Passenger,3,3,1,2,0
2024,4,Catania,20-24,Driver,3,2,0,2,0
2024,4,Catania,20-24,Passenger,2,2,1,1,0
2024,4,Catania,20-24,Pedestrian,1,1,0,1,0
2024,4,Catania,25-29,Driver,6,6,1,5,0
2024,4,Catania,25-29,Passenger,2,1,0,1,0
2024,4,Catania,25-29,Pedestrian,2,2,0,2,0
2024,4,Catania,30-44,Driver,16,13,1,12,0
2024,4,Catania,30-44,Passenger,4,4,1,3,0
2024,4,Catania,45-54,Driver,15,12,4,8,0
2024,4,Catania,45-54,Passenger,4,4,1,3,0
2024,4,Catania,45-54,Pedestrian,1,1,1,0,0
2024,4,Catania,55-59,Driver,6,5,0,5,1
2024,4,Catania,55-59,Passenger,6,5,0,5,0
2024,4,Catania,55-59,Pedestrian,1,1,0,1,0
2024,4,Catania,60-64,Driver,6,4,2,2,0
2024,4,Catania,60-64,Passenger,1,1,1,0,0
2024,4,Catania,60-64,Pedestrian,1,1,0,1,0
2024,4,Catania,65+,Driver,2,2,1,1,0
2024,4,Catania,65+,Passenger,1,1,1,0,0
2024,5,Catania,18-20,Driver,9,6,1,5,0
2024,5,Catania,18-20,Passenger,6,6,0,6,0
2024,5,Catania,18-20,Pedestrian,1,1,0,1,0
2024,5,Catania,20-24,Driver,18,16,2,14,0
2024,5,Catania,20-24,Passenger,5,4,1,3,0
2024,5,Catania,20-24,Pedestrian,3,3,0,3,0
2024,5,Catania,25-29,Driver,13,13,4,9,0
2024,5,Catania,25-29,Passenger,4,3,0,3,0
2024,5,Catania,25-29,Pedestrian,4,4,0,4,0
2024,5,Catania,30-44,Driver,34,28,7,21,0
2024,5,Catania,30-44,Passenger,8,8,3,5,0
2024,5,Catania,30-44,Pedestrian,4,4,0,4,1
2024,5,Catania,45-54,Driver,17,13,1,12,0
2024,5,Catania,45-54,Passenger,2,2,0,2,0
2024,5,Catania,45-54,Pedestrian,1,0,0,0,0
2024,5,Catania,55-59,Driver,9,8,1,7,0
2024,5,Catania,55-59,Passenger,6,6,0,6,0
2024,5,Catania,55-59,Pedestrian,3,2,0,2,0
2024,5,Catania,60-64,Driver,6,5,0,5,0
2024,5,Catania,65+,Driver,8,5,0,5,0
2024,5,Catania,65+,Passenger,3,2,0,2,0
2024,5,Catania,65+,Pedestrian,1,1,0,1,0
2024,6,Catania,18-20,Driver,4,4,1,3,0
2024,6,Catania,20-24,Driver,8,6,1,5,0
2024,6,Catania,20-24,Passenger,3,2,0,2,0
2024,6,Catania,25-29,Driver,7,5,1,4,0
2024,6,Catania,25-29,Passenger,1,1,1,0,0
2024,6,Catania,30-44,Driver,11,7,2,5,0
2024,6,Catania,30-44,Passenger,3,3,0,3,0
2024,6,Catania,30-44,Pedestrian,1,1,0,1,0
2024,6,Catania,45-54,Driver,9,8,1,7,0
2024,6,Catania,45-54,Passenger,3,2,0,2,0
2024,6,Catania,45-54,Pedestrian,1,1,0,1,0
2024,6,Catania,55-59,Driver,5,5,1,4,0
2024,6,Catania,55-59,Passenger,1,1,1,0,0
2024,6,Catania,60-64,Driver,6,6,1,5,0
2024,6,Catania,60-64,Passenger,1,1,0,1,0
2024,6,Catania,65+,Passenger,2,2,1,1,0
2024,7,Catania,18-20,Driver,8,5,1,4,0
2024,7,Catania,18-20,Passenger,2,1,0,1,0
2024,7,Catania,20-24,Driver,6,4,1,3,1
2024,7,Catania,20-24,Passenger,1,1,0,1,0
2024,7,Catania,25-29,Driver,4,3,1,2,0
2024,7,Catania,25-29,Passenger,2,2,0,2,0
2024,7,Catania,30-44,Driver,12,8,2,6,0
2024,7,Catania,30-44,Passenger,3,2,1,1,0
2024,7,Catania,30-44,Pedestrian,1,1,1,0,0
2024,7,Catania,45-54,Driver,12,12,4,8,0
2024,7,Catania,45-54,Passenger,2,2,2,0,0
2024,7,Catania,45-54,Pedestrian,1,0,0,0,0
2024,7,Catania,55-59,Driver,6,6,2,4,0
2024,7,Catania,55-59,Passenger,1,1,1,0,0
2024,7,Catania,60-64,Driver,2,2,1,1,0
2024,7,Catania,60-64,Passenger,2,2,1,1,0
2024,7,Catania,65+,Driver,1,0,0,0,0
2024,7,Catania,65+,Passenger,2,2,0,2,0
2024,8,Catania,18-20,Driver,11,10,3,7,0
2024,8,Catania,18-20,Passenger,1,0,0,0,0
2024,8,Catania,20-24,Driver,20,17,1,16,0
2024,8,Catania,20-24,Passenger,3,2,0,2,0
2024,8,Catania,20-24,Pedestrian,1,1,0,1,0
2024,8,Catania,25-29,Driver,8,7,0,7,0
2024,8,Catania,25-29,Passenger,4,4,2,2,0
2024,8,Catania,25-29,Pedestrian,1,1,1,0,0
2024,8,Catania,30-44,Driver,24,22,3,19,0
2024,8,Catania,30-44,Passenger,4,4,0,4,0
2024,8,Catania,30-44,Pedestrian,5,3,0,3,0
2024,8,Catania,45-54,Driver,13,10,1,9,0
2024,8,Catania,45-54,Passenger,9,9,1,8,1
2024,8,Catania,45-54,Pedestrian,3,2,0,2,0
2024,8,Catania,55-59,Driver,9,8,2,6,0
2024,8,Catania,55-59,Passenger,2,1,0,1,0
2024,8,Catania,60-64,Driver,8,7,0,7,0
2024,8,Catania,60-64,Passenger,2,1,1,0,0
2024,8,Catania,60-64,Pedestrian,1,0,0,0,0
2024,8,Catania,65+,Driver,7,5,0,5,0
2024,8,Catania,65+,Passenger,1,1,0,1,0
2024,9,Catania,18-20,Driver,1,1,0,1,0
2024,9,Catania,20-24,Driver,2,1,0,1,0
2024,9,Catania,20-24,Passenger,1,1,0,1,0
2024,9,Catania,25-29,Driver,1,1,0,1,0
2024,9,Catania,25-29,Passenger,1,1,1,0,0
2024,9,Catania,30-44,Driver,4,4,2,2,0
2024,9,Catania,30-44,Passenger,2,2,1,1,0
2024,9,Catania,45-54,Driver,1,1,0,1,0
2024,9,Catania,45-54,Passenger,3,2,1,1,0
2024,9,Catania,55-59,Driver,2,2,0,2,0
2024,9,Catania,55-59,Passenger,1,1,0,1,0
2024,9,Catania,60-64,Passenger,1,1,0,1,0
2024,10,Catania,18-20,Driver,8,4,0,4,0
2024,10,Catania,18-20,Pedestrian,1,1,0,1,0
2024,10,Catania,20-24,Driver,8,8,1,7,0
2024,10,Catania,20-24,Passenger,3,2,0,2,0
2024,10,Catania,20-24,Pedestrian,1,1,0,1,0
2024,10,Catania,25-29,Driver,5,4,2,2,0
2024,10,Catania,25-29,Passenger,1,1,0,1,0
2024,10,Catania,25-29,Pedestrian,1,1,0,1,0
2024,10,Catania,30-44,Driver,11,11,2,9,0
2024,10,Catania,30-44,Passenger,7,6,2,4,0
2024,10,Catania,30-44,Pedestrian,1,1,0,1,0
2024,10,Catania,45-54,Driver,11,10,2,8,1
2024,10,Catania,45-54,Passenger,4,4,0,4,0
2024,10,Catania,45-54,Pedestrian,2,2,1,1,0
2024,10,Catania,55-59,Driver,7,5,1,4,0
2024,10,Catania,55-59,Passenger,1,1,0,1,0
2024,10,Catania,60-64,Driver,5,5,2,3,0
2024,10,Catania,65+,Driver,4,3,0,3,0
2024,10,Catania,65+,Pedestrian,1,0,0,0,0
2024,11,Catania,18-20,Driver,2,1,0,1,0
2024,11,Catania,18-20,Passenger,2,2,0,2,0
2024,11,Catania,20-24,Driver,15,12,2,10,0
2024,11,Catania,20-24,Passenger,5,4,0,4,1
2024,11,Catania,20-24,Pedestrian,1,1,0,1,0
2024,11,Catania,25-29,Driver,5,4,1,3,0
2024,11,Catania,25-29,Passenger,1,1,1,0,0
2024,11,Catania,25-29,Pedestrian,1,1,0,1,0
2024,11,Catania,30-44,Driver,11,8,2,6,0
2024,11,Catania,30-44,Passenger,5,4,0,4,0
2024,11,Catania,30-44,Pedestrian,3,2,2,0,0
2024,11,Catania,45-54,Driver,15,14,3,11,0
2024,11,Catania,45-54,Passenger,7,6,1,5,0
2024,11,Catania,55-59,Driver,9,8,1,7,0
2024,11,Catania,55-59,Pedestrian,1,1,0,1,0
2024,11,Catania,60-64,Driver,6,5,1,4,0
2024,11,Catania,60-64,Passenger,1,0,0,0,0
2024,11,Catania,65+,Driver,2,2,0,2,0
2024,11,Catania,65+,Passenger,1,1,0,1,0
2024,12,Catania,18-20,Driver,5,3,0,3,0
2024,12,Catania,18-20,Passenger,1,1,0,1,0
2024,12,Catania,20-24,Driver,8,7,0,7,0
2024,12,Catania,20-24,Passenger,6,4,2,2,0
2024,12,Catania,20-24,Pedestrian,1,1,0,1,0
2024,12,Catania,25-29,Driver,6,5,0,5,0
2024,12,Catania,25-29,Passenger,3,3,0,3,0
2024,12,Catania,25-29,Pedestrian,1,1,0,1,0
2024,12,Catania,30-44,Driver,13,12,1,11,0
2024,12,Catania,30-44,Passenger,2,1,1,0,0
2024,12,Catania,30-44,Pedestrian,4,3,1,2,0
2024,12,Catania,45-54,Driver,8,8,3,5,0
2024,12,Catania,45-54,Passenger,3,3,0,3,0
2024,12,Catania,45-54,Pedestrian,1,1,0,1,0
2024,12,Catania,55-59,Driver,3,3,1,2,0
2024,12,Catania,55-59,Passenger,2,2,1,1,0
2024,12,Catania,55-59,Pedestrian,3,2,0,2,0
2024,12,Catania,60-64,Driver,4,4,0,4,0
2024,12,Catania,60-64,Passenger,2,2,1,1,0
2024,12,Catania,65+,Driver,2,2,0,2,0
2024,12,Catania,65+,Pedestrian,1,0,0,0,0
2024,1,Catanzaro,18-20,Driver,3,2,0,2,0
2024,1,Catanzaro,20-24,Passenger,1,1,1,0,0
2024,1,Catanzaro,25-29,Driver,3,3,0,3,0
2024,1,Catanzaro,25-29,Passenger,1,1,0,1,0
2024,1,Catanzaro,30-44,Driver,5,5,1,4,0
2024,1,Catanzaro,45-54,Driver,4,2,0,2,0
2024,1,Catanzaro,45-54,Passenger,2,2,0,2,0
2024,1,Catanzaro,55-59,Driver,4,2,1,1,0
2024,1,Catanzaro,55-59,Pedestrian,1,1,0,1,0
2024,1,Catanzaro,65+,Driver,2,1,0,1,0
2024,2,Catanzaro,20-24,Driver,1,0,0,0,0
2024,3,Catanzaro,18-20,Driver,1,1,1,0,0
2024,3,Catanzaro,18-20,Passenger,1,0,0,0,0
2024,3,Catanzaro,25-29,Driver,1,1,0,1,0
2024,3,Catanzaro,30-44,Driver,2,2,0,2,1
2024,3,Catanzaro,45-54,Passenger,1,1,0,1,0
2024,3,Catanzaro,60-64,Driver,1,1,0,1,0
2024,3,Catanzaro,65+,Driver,1,1,0,1,0
2024,4,Catanzaro,18-20,Driver,2,2,0,2,0
2024,4,Catanzaro,20-24,Driver,1,1,0,1,0
2024,4,Catanzaro,55-59,Driver,1,1,0,1,0
2024,4,Catanzaro,65+,Driver,1,1,0,1,0
2024,5,Catanzaro,18-20,Driver,3,2,0,2,1
2024,5,Catanzaro,20-24,Driver,2,2,0,2,0
2024,5,Catanzaro,20-24,Passenger,1,1,0,1,0
2024,5,Catanzaro,25-29,Driver,1,1,0,1,0
2024,5,Catanzaro,25-29,Pedestrian,1,1,0,1,0
2024,5,Catanzaro,30-44,Driver,3,3,0,3,0
2024,5,Catanzaro,30-44,Passenger,1,1,0,1,0
2024,5,Catanzaro,45-54,Driver,2,2,0,2,0
2024,5,Catanzaro,45-54,Passenger,5,3,0,3,0
2024,5,Catanzaro,55-59,Driver,2,1,0,1,0
2024,5,Catanzaro,60-64,Driver,1,1,0,1,0
2024,6,Catanzaro,18-20,Driver,1,1,0,1,0
2024,6,Catanzaro,18-20,Passenger,1,1,0,1,0
2024,6,Catanzaro,18-20,Pedestrian,1,0,0,0,0
2024,6,Catanzaro,20-24,Driver,1,1,0,1,0
2024,6,Catanzaro,20-24,Passenger,1,0,0,0,0
2024,6,Catanzaro,25-29,Passenger,1,1,0,1,0
2024,6,Catanzaro,30-44,Driver,2,0,0,0,0
2024,6,Catanzaro,30-44,Passenger,1,1,0,1,0
2024,6,Catanzaro,45-54,Driver,1,1,0,1,0
2024,6,Catanzaro,60-64,Driver,1,1,0,1,0
2024,7,Catanzaro,18-20,Driver,1,1,0,1,0
2024,7,Catanzaro,20-24,Driver,2,2,0,2,0
2024,7,Catanzaro,20-24,Pedestrian,2,1,0,1,0
2024,7,Catanzaro,25-29,Driver,2,2,1,1,0
2024,7,Catanzaro,30-44,Driver,2,2,0,2,0
2024,7,Catanzaro,45-54,Driver,3,2,1,1,0
2024,7,Catanzaro,45-54,Passenger,1,0,0,0,0
2024,7,Catanzaro,55-59,Driver,1,1,0,1,0
2024,7,Catanzaro,55-59,Passenger,1,0,0,0,0
2024,7,Catanzaro,55-59,Pedestrian,1,1,0,1,0
2024,7,Catanzaro,65+,Passenger,1,1,0,1,0
2024,8,Catanzaro,20-24,Driver,1,1,1,0,0
2024,8,Catanzaro,20-24,Pedestrian,1,1,0,1,0
2024,8,Catanzaro,25-29,Driver,1,1,0,1,0
2024,8,Catanzaro,30-44,Driver,1,0,0,0,0
2024,8,Catanzaro,30-44,Passenger,1,1,0,1,0
2024,8,Catanzaro,45-54,Passenger,2,2,0,2,0
2024,8,Catanzaro,55-59,Driver,2,2,0,2,0
2024,8,Catanzaro,65+,Driver,1,1,0,1,0
2024,8,Catanzaro,65+,Pedestrian,1,1,1,0,0
2024,9,Catanzaro,45-54,Driver,1,1,0,1,0
2024,10,Catanzaro,18-20,Driver,4,3,0,3,0
2024,10,Catanzaro,18-20,Passenger,1,1,0,1,0
2024,10,Catanzaro,18-20,Pedestrian,1,1,0,1,0
2024,10,Catanzaro,20-24,Driver,1,1,1,0,0
2024,10,Catanzaro,20-24,Passenger,1,1,0,1,0
2024,10,Catanzaro,25-29,Driver,2,2,0,2,0
2024,10,Catanzaro,25-29,Passenger,2,2,0,2,0
2024,10,Catanzaro,25-29,Pedestrian,1,1,1,0,0
2024,10,Catanzaro,30-44,Driver,3,2,1,1,0
2024,10,Catanzaro,30-44,Pedestrian,2,1,0,1,0
2024,10,Catanzaro,45-54,Passenger,3,2,0,2,0
2024,10,Catanzaro,45-54,Pedestrian,2,2,1,1,0
2024,10,Catanzaro,55-59,Driver,1,0,0,0,0
2024,10,Catanzaro,60-64,Driver,1,1,0,1,0
2024,10,Catanzaro,60-64,Pedestrian,1,1,0,1,0
2024,10,Catanzaro,65+,Driver,1,1,1,0,0
2024,10,Catanzaro,65+,Passenger,1,1,0,1,0
2024,11,Catanzaro,30-44,Driver,1,1,0,1,0
2024,12,Catanzaro,20-24,Driver,1,1,1,0,0
2024,12,Catanzaro,30-44,Driver,1,1,0,1,0
2024,12,Catanzaro,45-54,Driver,1,1,0,1,0
2024,1,Chieti,20-24,Driver,1,1,0,1,0
2024,1,Chieti,20-24,Pedestrian,1,1,0,1,0
2024,1,Chieti,25-29,Driver,1,1,1,0,0
2024,1,Chieti,25-29,Passenger,1,1,0,1,0
2024,1,Chieti,30-44,Driver,4,3,1,2,0
2024,1,Chieti,45-54,Driver,1,1,0,1,0
2024,1,Chieti,45-54,Passenger,1,1,1,0,0
2024,1,Chieti,55-59,Driver,2,2,1,1,0
2024,1,Chieti,60-64,Driver,1,1,0,1,0
2024,2,Chieti,25-29,Driver,2,2,1,1,0
2024,2,Chieti,55-59,Driver,1,1,0,1,0
2024,2,Chieti,55-59,Passenger,1,1,0,1,0
2024,3,Chieti,18-20,Driver,3,3,2,1,0
2024,3,Chieti,20-24,Driver,1,0,0,0,0
2024,3,Chieti,20-24,Passenger,2,2,0,2,0
2024,3,Chieti,25-29,Driver,3,1,0,1,0
2024,3,Chieti,30-44,Driver,3,3,0,3,0
2024,3,Chieti,30-44,Pedestrian,1,1,0,1,0
2024,3,Chieti,45-54,Driver,2,2,0,2,0
2024,3,Chieti,45-54,Passenger,4,4,1,3,0
2024,3,Chieti,55-59,Driver,1,1,0,1,0
2024,3,Chieti,60-64,Passenger,1,1,0,1,0
2024,3,Chieti,60-64,Pedestrian,2,2,0,2,0
2024,3,Chieti,65+,Driver,1,1,0,1,0
2024,3,Chieti,65+,Passenger,1,1,1,0,0
2024,3,Chieti,65+,Pedestrian,1,1,1,0,0
2024,4,Chieti,18-20,Driver,1,1,0,1,0
2024,4,Chieti,18-20,Pedestrian,1,1,0,1,0
2024,4,Chieti,20-24,Driver,1,0,0,0,0
2024,4,Chieti,30-44,Driver,2,2,0,2,0
2024,4,Chieti,30-44,Passenger,1,1,0,1,0
2024,5,Chieti,18-20,Driver,3,2,1,1,0
2024,5,Chieti,20-24,Driver,2,2,0,2,0
2024,5,Chieti,20-24,Passenger,1,1,1,0,0
2024,5,Chieti,30-44,Driver,1,1,1,0,0
2024,5,Chieti,30-44,Passenger,1,1,0,1,0
2024,5,Chieti,30-44,Pedestrian,1,0,0,0,0
2024,5,Chieti,55-59,Driver,2,2,0,2,0
2024,6,Chieti,18-20,Driver,3,3,0,3,0
2024,6,Chieti,20-24,Driver,2,2,0,2,0
2024,6,Chieti,25-29,Driver,1,1,0,1,0
2024,6,Chieti,30-44,Driver,3,2,0,2,0
2024,6,Chieti,30-44,Passenger,1,1,0,1,0
2024,6,Chieti,45-54,Passenger,1,0,0,0,0
2024,6,Chieti,55-59,Driver,2,2,0,2,0
2024,6,Chieti,60-64,Driver,1,1,1,0,0
2024,7,Chieti,30-44,Passenger,1,1,1,0,0
2024,8,Chieti,25-29,Driver,1,1,1,0,0
2024,8,Chieti,30-44,Driver,1,1,0,1,0
2024,8,Chieti,55-59,Driver,1,1,0,1,0
2024,8,Chieti,65+,Pedestrian,1,1,0,1,0
2024,9,Chieti,25-29,Driver,2,0,0,0,0
2024,9,Chieti,25-29,Pedestrian,1,0,0,0,0
2024,9,Chieti,30-44,Driver,2,2,0,2,0
2024,10,Chieti,20-24,Driver,2,1,0,1,0
2024,10,Chieti,30-44,Driver,2,1,0,1,0
2024,10,Chieti,45-54,Driver,2,1,0,1,1
2024,10,Chieti,45-54,Passenger,1,0,0,0,0
2024,10,Chieti,65+,Driver,1,1,0,1,1
2024,11,Chieti,18-20,Driver,1,1,0,1,0
2024,11,Chieti,30-44,Driver,1,1,0,1,0
2024,11,Chieti,45-54,Driver,1,1,0,1,0
2024,11,Chieti,55-59,Passenger,1,0,0,0,0
2024,11,Chieti,60-64,Passenger,1,1,0,1,0
2024,12,Chieti,20-24,Driver,4,4,0,4,0
2024,12,Chieti,20-24,Passenger,2,2,0,2,0
2024,12,Chieti,30-44,Driver,2,2,1,1,0
2024,12,Chieti,30-44,Pedestrian,1,1,0,1,0
2024,12,Chieti,45-54,Driver,2,0,0,0,0
2024,12,Chieti,65+,Driver,1,1,0,1,0
2024,1,Como,18-20,Passenger,1,1,1,0,1
2024,1,Como,20-24,Passenger,1,1,1,0,0
2024,1,Como,25-29,Driver,1,1,0,1,0
2024,1,Como,45-54,Driver,3,2,0,2,0
2024,1,Como,60-64,Passenger,1,1,0,1,0
2024,2,Como,20-24,Driver,1,1,0,1,0
2024,2,Como,30-44,Passenger,2,1,0,1,0
2024,2,Como,45-54,Pedestrian,1,1,0,1,0
2024,3,Como,30-44,Driver,1,1,0,1,0
2024,3,Como,30-44,Passenger,1,1,0,1,0
2024,3,Como,45-54,Passenger,1,1,1,0,0
2024,3,Como,60-64,Driver,1,1,0,1,0
2024,4,Como,25-29,Passenger,1,1,1,0,0
2024,5,Como,18-20,Driver,2,2,1,1,0
2024,5,Como,18-20,Passenger,2,2,0,2,0
2024,5,Como,20-24,Driver,2,1,1,0,0
2024,5,Como,20-24,Passenger,1,1,0,1,0
2024,5,Como,25-29,Driver,2,2,1,1,0
2024,5,Como,30-44,Driver,2,2,0,2,0
2024,5,Como,30-44,Passenger,1,1,0,1,0
2024,5,Como,45-54,Driver,2,2,1,1,0
2024,5,Como,45-54,Passenger,2,2,0,2,0
2024,5,Como,55-59,Driver,1,1,0,1,0
2024,5,Como,55-59,Passenger,1,1,0,1,0
2024,5,Como,55-59,Pedestrian,1,1,0,1,0
2024,5,Como,60-64,Driver,1,1,1,0,0
2024,6,Como,18-20,Driver,7,7,0,7,0
2024,6,Como,20-24,Driver,2,2,0,2,0
2024,6,Como,20-24,Passenger,1,1,0,1,0
2024,6,Como,25-29,Driver,5,5,1,4,0
2024,6,Como,30-44,Driver,4,2,1,1,0
2024,6,Como,30-44,Passenger,1,1,0,1,0
2024,6,Como,45-54,Driver,8,6,2,4,0
2024,6,Como,45-54,Passenger,1,0,0,0,0
2024,6,Como,45-54,Pedestrian,1,1,0,1,0
2024,6,Como,55-59,Driver,1,1,0,1,0
2024,6,Como,60-64,Passenger,3,2,0,2,0
2024,6,Como,65+,Pedestrian,1,0,0,0,0
2024,7,Como,18-20,Driver,1,1,0,1,0
2024,7,Como,18-20,Passenger,1,1,0,1,0
2024,7,Como,18-20,Pedestrian,1,1,0,1,0
2024,7,Como,20-24,Driver,3,2,0,2,0
2024,7,Como,20-24,Passenger,1,0,0,0,0
2024,7,Como,20-24,Pedestrian,2,1,0,1,0
2024,7,Como,25-29,Driver,3,3,1,2,0
2024,7,Como,25-29,Passenger,2,2,0,2,0
2024,7,Como,30-44,Driver,2,2,0,2,0
2024,7,Como,30-44,Passenger,1,0,0,0,0
2024,7,Como,45-54,Driver,3,1,0,1,0
2024,7,Como,45-54,Passenger,2,2,0,2,0
2024,7,Como,45-54,Pedestrian,1,1,0,1,0
2024,7,Como,55-59,Driver,1,1,0,1,0
2024,7,Como,55-59,Passenger,1,1,0,1,0
2024,7,Como,60-64,Driver,2,1,0,1,0
2024,7,Como,60-64,Passenger,1,1,0,1,0
2024,7,Como,65+,Driver,1,1,0,1,0
2024,7,Como,65+,Passenger,2,2,0,2,0
2024,8,Como,18-20,Passenger,1,1,1,0,0
2024,8,Como,20-24,Driver,1,1,0,1,0
2024,8,Como,30-44,Driver,1,0,0,0,0
2024,8,Como,45-54,Driver,3,3,0,3,0
2024,8,Como,60-64,Passenger,1,1,1,0,0
2024,8,Como,65+,Driver,1,1,0,1,0
2024,9,Como,18-20,Driver,2,2,1,1,0
2024,9,Como,18-20,Passenger,1,1,0,1,0
2024,9,Como,20-24,Passenger,1,0,0,0,0
2024,9,Como,25-29,Passenger,1,0,0,0,0
2024,9,Como,30-44,Driver,3,2,0,2,0
2024,9,Como,30-44,Passenger,1,0,0,0,0
2024,9,Como,45-54,Driver,3,2,1,1,0
2024,9,Como,45-54,Passenger,1,1,0,1,0
2024,9,Como,55-59,Pedestrian,1,1,0,1,0
2024,9,Como,60-64,Driver,2,2,0,2,0
2024,10,Como,18-20,Driver,1,1,1,0,0
2024,10,Como,20-24,Driver,5,4,0,4,0
2024,10,Como,25-29,Driver,2,2,1,1,0
2024,10,Como,25-29,Pedestrian,1,0,0,0,0
2024,10,Como,30-44,Driver,1,1,1,0,0
2024,10,Como,30-44,Passenger,1,1,0,1,0
2024,10,Como,45-54,Driver,3,2,0,2,0
2024,10,Como,60-64,Driver,3,2,0,2,0
2024,10,Como,65+,Driver,1,1,1,0,0
2024,11,Como,25-29,Driver,1,1,0,1,0
2024,11,Como,55-59,Driver,1,1,0,1,0
2024,12,Como,18-20,Driver,1,0,0,0,1
2024,12,Como,18-20,Passenger,2,2,0,2,0
2024,12,Como,20-24,Passenger,1,1,0,1,0
2024,12,Como,20-24,Pedestrian,1,1,0,1,0
2024,12,Como,25-29,Driver,3,2,1,1,0
2024,12,Como,25-29,Passenger,1,0,0,0,0
2024,12,Como,30-44,Driver,7,7,0,7,0
2024,12,Como,30-44,Passenger,1,1,0,1,1
2024,12,Como,30-44,Pedestrian,2,2,1,1,0
2024,12,Como,45-54,Driver,1,1,0,1,0
2024,12,Como,45-54,Passenger,1,1,1,0,0
2024,12,Como,55-59,Driver,2,1,0,1,0
2024,12,Como,60-64,Driver,1,0,0,0,0
2024,12,Como,65+,Driver,3,3,0,3,0
2024,12,Como,65+,Passenger,1,1,0,1,0
2024,12,Como,65+,Pedestrian,1,1,1,0,0
2024,1,Cosenza,18-20,Driver,1,1,0,1,0
2024,1,Cosenza,18-20,Passenger,1,1,0,1,0
2024,1,Cosenza,18-20,Pedestrian,1,1,1,0,0
2024,1,Cosenza,20-24,Driver,1,1,0,1,0
2024,1,Cosenza,20-24,Passenger,1,1,0,1,0
2024,1,Cosenza,25-29,Driver,2,2,1,1,0
2024,1,Cosenza,25-29,Passenger,3,2,1,1,0
2024,1,Cosenza,30-44,Driver,7,5,0,5,0
2024,1,Cosenza,30-44,Passenger,2,1,0,1,0
2024,1,Cosenza,30-44,Pedestrian,1,1,0,1,0
2024,1,Cosenza,45-54,Driver,2,2,0,2,0
2024,1,Cosenza,45-54,Passenger,3,2,0,2,0
2024,1,Cosenza,45-54,Pedestrian,2,1,0,1,0
2024,1,Cosenza,55-59,Driver,3,1,1,0,0
2024,1,Cosenza,55-59,Passenger,1,1,0,1,0
2024,1,Cosenza,55-59,Pedestrian,1,1,0,1,0
2024,1,Cosenza,60-64,Passenger,1,0,0,0,0
2024,1,Cosenza,65+,Driver,1,1,1,0,0
2024,2,Cosenza,18-20,Driver,1,1,0,1,0
2024,2,Cosenza,25-29,Driver,2,2,0,2,0
2024,2,Cosenza,30-44,Driver,1,1,0,1,0
2024,2,Cosenza,45-54,Driver,1,1,0,1,0
2024,2,Cosenza,45-54,Passenger,2,1,0,1,0
2024,2,Cosenza,55-59,Driver,1,1,0,1,0
2024,2,Cosenza,60-64,Driver,2,2,1,1,0
2024,2,Cosenza,65+,Passenger,1,1,0,1,0
2024,3,Cosenza,25-29,Passenger,1,1,0,1,0
2024,3,Cosenza,30-44,Driver,1,1,0,1,0
2024,3,Cosenza,45-54,Driver,1,1,0,1,0
2024,3,Cosenza,55-59,Driver,5,4,0,4,0
2024,3,Cosenza,65+,Driver,1,0,0,0,0
2024,4,Cosenza,18-20,Driver,2,1,0,1,0
2024,4,Cosenza,18-20,Passenger,1,1,1,0,0
2024,4,Cosenza,20-24,Driver,2,1,0,1,0
2024,4,Cosenza,20-24,Passenger,1,1,1,0,0
2024,4,Cosenza,25-29,Pedestrian,1,1,0,1,0
2024,4,Cosenza,30-44,Driver,4,3,0,3,0
2024,4,Cosenza,30-44,Passenger,1,1,0,1,0
2024,4,Cosenza,45-54,Driver,2,2,0,2,0
2024,4,Cosenza,55-59,Driver,4,3,1,2,0
2024,4,Cosenza,60-64,Driver,2,2,0,2,0
2024,5,Cosenza,60-64,Driver,1,1,1,0,0
2024,6,Cosenza,18-20,Driver,1,1,1,0,0
2024,6,Cosenza,18-20,Pedestrian,2,2,0,2,0
2024,6,Cosenza,20-24,Driver,4,4,0,4,0
2024,6,Cosenza,20-24,Passenger,1,1,0,1,0
2024,6,Cosenza,25-29,Driver,1,1,0,1,0
2024,6,Cosenza,25-29,Passenger,1,0,0,0,0
2024,6,Cosenza,30-44,Driver,2,2,1,1,0
2024,6,Cosenza,30-44,Passenger,1,1,0,1,0
2024,6,Cosenza,45-54,Driver,3,2,0,2,0
2024,6,Cosenza,45-54,Pedestrian,1,1,0,1,0
2024,6,Cosenza,60-64,Driver,2,2,0,2,0
2024,6,Cosenza,65+,Passenger,1,1,0,1,0
2024,7,Cosenza,18-20,Driver,1,1,0,1,0
2024,7,Cosenza,20-24,Driver,1,0,0,0,0
2024,7,Cosenza,20-24,Passenger,1,0,0,0,0
2024,7,Cosenza,20-24,Pedestrian,1,1,0,1,0
2024,7,Cosenza,25-29,Driver,2,2,2,0,0
2024,7,Cosenza,25-29,Passenger,1,0,0,0,0
2024,7,Cosenza,30-44,Driver,6,5,1,4,0
2024,7,Cosenza,45-54,Driver,1,0,0,0,0
2024,7,Cosenza,45-54,Passenger,1,0,0,0,0
2024,7,Cosenza,60-64,Driver,1,1,0,1,0
2024,7,Cosenza,65+,Driver,1,1,0,1,0
2024,8,Cosenza,18-20,Driver,2,2,1,1,0
2024,8,Cosenza,20-24,Driver,1,1,0,1,0
2024,8,Cosenza,25-29,Driver,3,2,1,1,0
2024,8,Cosenza,25-29,Pedestrian,1,1,0,1,0
2024,8,Cosenza,30-44,Driver,5,5,2,3,0
2024,8,Cosenza,30-44,Passenger,2,1,0,1,0
2024,8,Cosenza,45-54,Driver,3,2,0,2,0
2024,8,Cosenza,45-54,Pedestrian,1,1,0,1,0
2024,8,Cosenza,55-59,Driver,1,0,0,0,0
2024,8,Cosenza,55-59,Passenger,2,1,0,1,0
2024,8,Cosenza,65+,Driver,2,2,1,1,0
2024,9,Cosenza,45-54,Passenger,1,1,0,1,0
2024,10,Cosenza,60-64,Driver,1,1,0,1,0
2024,11,Cosenza,18-20,Passenger,1,1,1,0,0
2024,11,Cosenza,18-20,Pedestrian,1,0,0,0,0
2024,11,Cosenza,20-24,Driver,1,1,1,0,0
2024,11,Cosenza,20-24,Passenger,1,1,0,1,0
2024,11,Cosenza,30-44,Driver,1,1,0,1,0
2024,11,Cosenza,30-44,Passenger,1,1,1,0,0
2024,11,Cosenza,45-54,Driver,2,1,0,1,0
2024,11,Cosenza,55-59,Driver,1,1,1,0,0
2024,12,Cosenza,18-20,Driver,3,2,0,2,0
2024,12,Cosenza,20-24,Driver,2,1,0,1,0
2024,12,Cosenza,20-24,Passenger,2,0,0,0,0
2024,12,Cosenza,25-29,Driver,1,1,1,0,0
2024,12,Cosenza,30-44,Driver,3,2,0,2,0
2024,12,Cosenza,45-54,Driver,6,5,1,4,0
2024,12,Cosenza,45-54,Passenger,2,1,0,1,0
2024,12,Cosenza,45-54,Pedestrian,1,0,0,0,0
2024,12,Cosenza,55-59,Driver,1,1,0,1,0
2024,12,Cosenza,55-59,Passenger,1,1,0,1,0
2024,12,Cosenza,60-64,Driver,1,1,1,0,0
2024,12,Cosenza,60-64,Passenger,1,1,0,1,0
2024,12,Cosenza,60-64,Pedestrian,1,1,0,1,0
2024,12,Cosenza,65+,Driver,3,3,0,3,0
2024,1,Cremona,18-20,Driver,1,1,0,1,0
2024,1,Cremona,20-24,Driver,1,1,0,1,0
2024,1,Cremona,20-24,Passenger,2,2,1,1,0
2024,1,Cremona,25-29,Passenger,1,1,0,1,0
2024,1,Cremona,30-44,Passenger,1,0,0,0,0
2024,1,Cremona,45-54,Driver,2,2,0,2,0
2024,1,Cremona,45-54,Passenger,1,1,0,1,0
2024,1,Cremona,55-59,Driver,3,2,0,2,0
2024,1,Cremona,60-64,Driver,3,3,0,3,0
2024,2,Cremona,25-29,Driver,1,1,0,1,0
2024,2,Cremona,30-44,Driver,1,0,0,0,0
2024,2,Cremona,55-59,Driver,1,1,0,1,0
2024,2,Cremona,65+,Driver,1,1,1,0,0
2024,3,Cremona,25-29,Driver,1,0,0,0,0
2024,3,Cremona,30-44,Driver,1,1,0,1,0
2024,3,Cremona,60-64,Driver,1,0,0,0,0
2024,3,Cremona,65+,Driver,1,1,1,0,0
2024,4,Cremona,20-24,Passenger,2,1,1,0,0
2024,4,Cremona,20-24,Pedestrian,1,1,1,0,0
2024,4,Cremona,25-29,Passenger,1,0,0,0,0
2024,4,Cremona,30-44,Driver,4,3,1,2,0
2024,4,Cremona,30-44,Passenger,2,1,0,1,0
2024,4,Cremona,55-59,Driver,4,4,1,3,0
2024,4,Cremona,55-59,Passenger,1,1,1,0,0
2024,5,Cremona,18-20,Driver,1,0,0,0,0
2024,5,Cremona,18-20,Pedestrian,1,1,1,0,0
2024,5,Cremona,20-24,Driver,2,1,0,1,0
2024,5,Cremona,20-24,Passenger,1,1,0,1,0
2024,5,Cremona,25-29,Driver,5,5,0,5,1
2024,5,Cremona,30-44,Driver,3,3,0,3,0
2024,5,Cremona,30-44,Passenger,3,3,0,3,0
2024,5,Cremona,55-59,Driver,2,2,0,2,0
2024,5,Cremona,55-59,Passenger,1,1,1,0,0
2024,5,Cremona,60-64,Passenger,1,1,1,0,0
2024,5,Cremona,60-64,Pedestrian,1,1,1,0,0
2024,5,Cremona,65+,Driver,1,1,0,1,0
2024,6,Cremona,45-54,Driver,1,1,0,1,0
2024,7,Cremona,18-20,Driver,1,0,0,0,0
2024,7,Cremona,25-29,Driver,1,1,0,1,0
2024,7,Cremona,25-29,Pedestrian,1,1,0,1,0
2024,7,Cremona,30-44,Driver,1,0,0,0,0
2024,7,Cremona,45-54,Passenger,1,1,0,1,0
2024,7,Cremona,65+,Driver,1,1,0,1,0
2024,7,Cremona,65+,Passenger,1,1,0,1,0
2024,8,Cremona,20-24,Driver,1,1,0,1,0
2024,8,Cremona,20-24,Pedestrian,1,1,0,1,0
2024,8,Cremona,30-44,Driver,1,1,0,1,0
2024,8,Cremona,30-44,Pedestrian,1,0,0,0,0
2024,8,Cremona,45-54,Driver,1,1,0,1,0
2024,8,Cremona,55-59,Driver,1,1,1,0,0
2024,8,Cremona,55-59,Passenger,1,1,0,1,0
2024,8,Cremona,60-64,Driver,1,0,0,0,0
2024,9,Cremona,18-20,Driver,1,1,0,1,0
2024,9,Cremona,20-24,Driver,3,3,1,2,0
2024,9,Cremona,25-29,Driver,1,0,0,0,0
2024,9,Cremona,30-44,Driver,2,2,0,2,0
2024,9,Cremona,45-54,Driver,4,4,0,4,0
2024,9,Cremona,45-54,Passenger,1,1,0,1,0
2024,9,Cremona,45-54,Pedestrian,1,1,0,1,0
2024,9,Cremona,55-59,Driver,1,0,0,0,0
2024,9,Cremona,60-64,Driver,2,2,0,2,0
2024,10,Cremona,18-20,Driver,3,1,0,1,0
2024,10,Cremona,18-20,Pedestrian,1,0,0,0,0
2024,10,Cremona,20-24,Driver,2,2,1,1,0
2024,10,Cremona,25-29,Driver,3,3,1,2,0
2024,10,Cremona,30-44,Driver,3,3,1,2,0
2024,10,Cremona,45-54,Driver,1,0,0,0,0
2024,10,Cremona,45-54,Passenger,2,1,0,1,0
2024,10,Cremona,55-59,Driver,1,1,0,1,1
2024,10,Cremona,55-59,Passenger,1,1,1,0,0
2024,10,Cremona,60-64,Driver,2,2,0,2,0
2024,11,Cremona,20-24,Driver,3,2,0,2,0
2024,11,Cremona,25-29,Pedestrian,1,1,0,1,0
2024,11,Cremona,30-44,Passenger,1,1,0,1,0
2024,11,Cremona,45-54,Pedestrian,1,1,0,1,0
2024,11,Cremona,60-64,Passenger,1,1,0,1,0
2024,12,Cremona,18-20,Passenger,1,1,0,1,0
2024,12,Cremona,20-24,Driver,1,1,0,1,0
2024,12,Cremona,25-29,Driver,1,1,0,1,0
2024,12,Cremona,25-29,Passenger,1,1,0,1,0
2024,12,Cremona,30-44,Driver,2,2,1,1,0
2024,12,Cremona,45-54,Driver,2,1,0,1,0
2024,12,Cremona,45-54,Passenger,2,2,0,2,0
2024,12,Cremona,55-59,Driver,2,2,0,2,0
2024,12,Cremona,55-59,Passenger,2,2,1,1,0
2024,12,Cremona,55-59,Pedestrian,1,0,0,0,0
2024,12,Cremona,60-64,Driver,3,3,0,3,0
2024,12,Cremona,60-64,Passenger,1,1,0,1,0
2024,12,Cremona,65+,Pedestrian,1,1,0,1,0
2024,1,Crotone,25-29,Driver,1,1,0,1,0
2024,1,Crotone,30-44,Driver,1,0,0,0,0
2024,1,Crotone,45-54,Driver,2,1,1,0,0
2024,1,Crotone,60-64,Driver,1,1,0,1,0
2024,2,Crotone,20-24,Driver,1,1,0,1,0
2024,3,Crotone,20-24,Driver,1,1,1,0,0
2024,3,Crotone,25-29,Driver,2,1,0,1,0
2024,3,Crotone,25-29,Passenger,1,1,0,1,0
2024,3,Crotone,60-64,Driver,1,1,0,1,0
2024,4,Crotone,18-20,Driver,1,1,0,1,0
2024,4,Crotone,18-20,Passenger,2,2,0,2,0
2024,4,Crotone,20-24,Driver,2,2,0,2,0
2024,4,Crotone,20-24,Passenger,1,1,0,1,0
2024,4,Crotone,20-24,Pedestrian,1,1,0,1,0
2024,4,Crotone,25-29,Driver,2,2,0,2,0
2024,4,Crotone,25-29,Pedestrian,1,1,0,1,0
2024,4,Crotone,30-44,Driver,3,2,0,2,0
2024,4,Crotone,30-44,Passenger,1,0,0,0,0
2024,4,Crotone,30-44,Pedestrian,1,1,0,1,0
2024,4,Crotone,45-54,Driver,3,2,0,2,0
2024,4,Crotone,45-54,Passenger,1,1,0,1,0
2024,4,Crotone,55-59,Driver,1,1,0,1,0
2024,4,Crotone,60-64,Driver,2,1,0,1,0
2024,4,Crotone,65+,Driver,2,2,0,2,0
2024,5,Crotone,20-24,Driver,1,1,0,1,0
2024,5,Crotone,20-24,Passenger,1,1,0,1,0
2024,5,Crotone,25-29,Passenger,1,1,0,1,0
2024,5,Crotone,30-44,Driver,2,1,0,1,0
2024,5,Crotone,45-54,Driver,2,1,1,0,0
2024,5,Crotone,45-54,Passenger,1,1,0,1,0
2024,5,Crotone,45-54,Pedestrian,1,1,0,1,0
2024,5,Crotone,65+,Driver,1,1,0,1,0
2024,6,Crotone,18-20,Passenger,2,2,0,2,0
2024,6,Crotone,18-20,Pedestrian,1,1,0,1,0
2024,6,Crotone,20-24,Driver,2,1,0,1,0
2024,6,Crotone,30-44,Driver,1,1,0,1,0
2024,6,Crotone,30-44,Passenger,2,1,0,1,0
2024,6,Crotone,45-54,Driver,4,4,1,3,0
2024,6,Crotone,45-54,Pedestrian,1,1,0,1,0
2024,6,Crotone,55-59,Driver,1,1,1,0,0
2024,6,Crotone,60-64,Driver,1,0,0,0,0
2024,6,Crotone,65+,Driver,1,1,0,1,0
2024,7,Crotone,18-20,Driver,3,2,0,2,0
2024,7,Crotone,20-24,Driver,1,1,0,1,0
2024,7,Crotone,25-29,Driver,1,1,1,0,1
2024,7,Crotone,30-44,Driver,1,1,0,1,0
2024,7,Crotone,30-44,Passenger,2,2,0,2,0
2024,7,Crotone,45-54,Driver,2,2,0,2,0
2024,7,Crotone,55-59,Driver,1,1,0,1,0
2024,7,Crotone,60-64,Driver,1,1,1,0,0
2024,7,Crotone,65+,Driver,1,0,0,0,0
2024,8,Crotone,18-20,Driver,3,2,0,2,0
2024,8,Crotone,20-24,Driver,2,2,0,2,0
2024,8,Crotone,25-29,Driver,1,1,1,0,0
2024,8,Crotone,25-29,Passenger,1,1,0,1,0
2024,8,Crotone,30-44,Driver,1,1,0,1,0
2024,8,Crotone,30-44,Passenger,1,1,0,1,0
2024,8,Crotone,45-54,Driver,3,3,0,3,0
2024,8,Crotone,45-54,Passenger,1,1,0,1,0
2024,8,Crotone,55-59,Driver,3,2,1,1,0
2024,8,Crotone,55-59,Passenger,1,0,0,0,0
2024,8,Crotone,60-64,Passenger,1,0,0,0,0
2024,9,Crotone,20-24,Driver,2,2,0,2,0
2024,9,Crotone,30-44,Driver,3,3,0,3,0
2024,9,Crotone,30-44,Passenger,1,1,0,1,0
2024,9,Crotone,45-54,Driver,3,2,0,2,0
2024,9,Crotone,45-54,Passenger,1,1,0,1,0
2024,9,Crotone,60-64,Driver,1,0,0,0,0
2024,9,Crotone,60-64,Passenger,1,1,0,1,0
2024,9,Crotone,65+,Driver,2,2,0,2,1
2024,10,Crotone,18-20,Driver,2,2,0,2,0
2024,10,Crotone,20-24,Driver,1,1,0,1,0
2024,10,Crotone,25-29,Passenger,2,2,0,2,0
2024,10,Crotone,30-44,Driver,3,3,0,3,0
2024,10,Crotone,30-44,Passenger,1,1,1,0,0
2024,10,Crotone,45-54,Driver,4,3,1,2,0
2024,10,Crotone,45-54,Passenger,1,1,0,1,0
2024,10,Crotone,55-59,Driver,2,2,0,2,0
2024,10,Crotone,60-64,Driver,2,2,0,2,0
2024,11,Crotone,20-24,Driver,2,0,0,0,0
2024,11,Crotone,30-44,Driver,1,1,0,1,0
2024,11,Crotone,55-59,Driver,1,1,0,1,0
2024,11,Crotone,65+,Passenger,1,0,0,0,0
2024,12,Crotone,18-20,Driver,2,1,0,1,0
2024,12,Crotone,18-20,Passenger,2,2,0,2,0
2024,12,Crotone,25-29,Driver,2,1,0,1,0
2024,12,Crotone,25-29,Passenger,2,2,1,1,0
2024,12,Crotone,30-44,Driver,2,1,1,0,0
2024,12,Crotone,30-44,Passenger,1,0,0,0,0
2024,12,Crotone,45-54,Driver,1,0,0,0,0
2024,12,Crotone,45-54,Passenger,1,1,0,1,0
2024,12,Crotone,55-59,Driver,2,2,0,2,0
2024,12,Crotone,60-64,Passenger,1,1,1,0,0
2024,1,Cuneo,18-20,Driver,5,3,0,3,0
2024,1,Cuneo,18-20,Pedestrian,1,1,0,1,0
2024,1,Cuneo,20-24,Driver,1,1,0,1,0
2024,1,Cuneo,20-24,Passenger,2,0,0,0,0
2024,1,Cuneo,25-29,Driver,3,2,0,2,0
2024,1,Cuneo,25-29,Passenger,1,1,1,0,0
2024,1,Cuneo,30-44,Driver,9,6,0,6,0
2024,1,Cuneo,30-44,Passenger,3,3,0,3,0
2024,1,Cuneo,30-44,Pedestrian,3,3,0,3,0
2024,1,Cuneo,45-54,Driver,5,4,0,4,0
2024,1,Cuneo,45-54,Passenger,1,1,0,1,1
2024,1,Cuneo,55-59,Driver,2,2,0,2,0
2024,1,Cuneo,60-64,Driver,3,2,0,2,0
2024,1,Cuneo,60-64,Passenger,1,1,0,1,0
2024,2,Cuneo,20-24,Driver,1,0,0,0,0
2024,2,Cuneo,20-24,Passenger,1,1,0,1,0
2024,2,Cuneo,25-29,Driver,1,1,0,1,0
2024,2,Cuneo,30-44,Driver,7,7,0,7,1
2024,2,Cuneo,30-44,Passenger,1,1,1,0,0
2024,2,Cuneo,45-54,Driver,1,0,0,0,0
2024,2,Cuneo,45-54,Passenger,1,1,0,1,0
2024,2,Cuneo,55-59,Driver,2,2,1,1,0
2024,2,Cuneo,60-64,Driver,2,1,1,0,0
2024,3,Cuneo,18-20,Driver,2,2,0,2,0
2024,3,Cuneo,18-20,Pedestrian,2,2,0,2,0
2024,3,Cuneo,20-24,Driver,1,0,0,0,0
2024,3,Cuneo,20-24,Passenger,2,2,1,1,0
2024,3,Cuneo,25-29,Driver,2,2,0,2,0
2024,3,Cuneo,25-29,Passenger,1,0,0,0,0
2024,3,Cuneo,30-44,Driver,5,4,1,3,0
2024,3,Cuneo,30-44,Passenger,2,1,1,0,0
2024,3,Cuneo,30-44,Pedestrian,1,1,0,1,0
2024,3,Cuneo,45-54,Driver,1,1,0,1,0
2024,3,Cuneo,45-54,Passenger,1,1,0,1,0
2024,3,Cuneo,55-59,Driver,1,1,1,0,0
2024,3,Cuneo,60-64,Driver,1,0,0,0,0
2024,3,Cuneo,60-64,Passenger,1,1,1,0,0
2024,4,Cuneo,18-20,Driver,1,1,0,1,0
2024,4,Cuneo,20-24,Driver,4,4,1,3,0
2024,4,Cuneo,20-24,Passenger,3,3,0,3,0
2024,4,Cuneo,20-24,Pedestrian,1,1,0,1,0
2024,4,Cuneo,25-29,Driver,1,1,0,1,0
2024,4,Cuneo,30-44,Driver,1,1,0,1,0
2024,4,Cuneo,45-54,Driver,2,1,1,0,0
2024,4,Cuneo,45-54,Passenger,1,1,1,0,0
2024,4,Cuneo,45-54,Pedestrian,1,1,0,1,0
2024,4,Cuneo,55-59,Driver,4,4,1,3,0
2024,5,Cuneo,18-20,Driver,3,3,1,2,0
2024,5,Cuneo,20-24,Driver,2,2,1,1,0
2024,5,Cuneo,25-29,Driver,1,0,0,0,0
2024,5,Cuneo,25-29,Pedestrian,1,1,1,0,0
2024,5,Cuneo,30-44,Driver,5,5,1,4,0
2024,5,Cuneo,45-54,Driver,5,1,0,1,0
2024,5,Cuneo,45-54,Passenger,1,1,1,0,0
2024,5,Cuneo,60-64,Driver,5,4,0,4,0
2024,5,Cuneo,65+,Driver,2,1,0,1,0
2024,6,Cuneo,18-20,Passenger,1,1,0,1,0
2024,6,Cuneo,20-24,Driver,2,1,0,1,0
2024,6,Cuneo,20-24,Passenger,1,1,1,0,0
2024,6,Cuneo,20-24,Pedestrian,1,1,0,1,0
2024,6,Cuneo,25-29,Driver,7,5,0,5,0
2024,6,Cuneo,25-29,Passenger,1,1,0,1,0
2024,6,Cuneo,30-44,Driver,3,2,0,2,0
2024,6,Cuneo,30-44,Passenger,1,1,0,1,0
2024,6,Cuneo,30-44,Pedestrian,1,0,0,0,0
2024,6,Cuneo,45-54,Driver,5,4,2,2,0
2024,6,Cuneo,55-59,Driver,5,5,0,5,0
2024,6,Cuneo,60-64,Driver,1,1,1,0,0
2024,6,Cuneo,65+,Driver,2,2,0,2,0
2024,7,Cuneo,18-20,Driver,4,2,1,1,0
2024,7,Cuneo,18-20,Passenger,1,0,0,0,0
2024,7,Cuneo,20-24,Driver,5,2,0,2,0
2024,7,Cuneo,20-24,Passenger,1,0,0,0,0
2024,7,Cuneo,20-24,Pedestrian,1,0,0,0,0
2024,7,Cuneo,25-29,Driver,1,0,0,0,0
2024,7,Cuneo,30-44,Driver,4,2,1,1,0
2024,7,Cuneo,30-44,Passenger,2,2,0,2,0
2024,7,Cuneo,45-54,Passenger,2,1,0,1,0
2024,7,Cuneo,55-59,Driver,4,2,2,0,0
2024,7,Cuneo,60-64,Driver,1,1,0,1,0
2024,8,Cuneo,18-20,Driver,3,1,0,1,0
2024,8,Cuneo,25-29,Passenger,1,1,1,0,0
2024,8,Cuneo,30-44,Driver,8,5,1,4,0
2024,8,Cuneo,30-44,Passenger,1,1,0,1,0
2024,8,Cuneo,45-54,Driver,2,2,0,2,0
2024,8,Cuneo,45-54,Passenger,1,0,0,0,0
2024,8,Cuneo,45-54,Pedestrian,1,1,0,1,0
2024,8,Cuneo,55-59,Driver,2,2,1,1,0
2024,8,Cuneo,55-59,Passenger,2,2,0,2,0
2024,8,Cuneo,60-64,Driver,1,1,0,1,0
2024,8,Cuneo,65+,Driver,1,1,0,1,0
2024,9,Cuneo,20-24,Pedestrian,1,0,0,0,0
2024,9,Cuneo,30-44,Driver,1,1,0,1,0
2024,9,Cuneo,30-44,Passenger,3,2,0,2,0
2024,9,Cuneo,45-54,Driver,1,0,0,0,0
2024,9,Cuneo,55-59,Driver,1,1,0,1,0
2024,10,Cuneo,18-20,Driver,1,1,0,1,0
2024,10,Cuneo,20-24,Driver,3,3,1,2,0
2024,10,Cuneo,20-24,Passenger,1,1,0,1,0
2024,10,Cuneo,20-24,Pedestrian,1,1,0,1,0
2024,10,Cuneo,25-29,Driver,3,2,0,2,0
2024,10,Cuneo,30-44,Driver,4,3,1,2,0
2024,10,Cuneo,30-44,Passenger,2,2,1,1,0
2024,10,Cuneo,45-54,Driver,4,3,0,3,0
2024,10,Cuneo,45-54,Passenger,4,3,0,3,0
2024,10,Cuneo,55-59,Driver,1,1,1,0,0
2024,11,Cuneo,18-20,Driver,1,1,0,1,0
2024,11,Cuneo,20-24,Driver,3,2,0,2,0
2024,11,Cuneo,20-24,Pedestrian,2,2,1,1,0
2024,11,Cuneo,25-29,Passenger,2,2,1,1,0
2024,11,Cuneo,30-44,Driver,3,2,0,2,0
2024,11,Cuneo,30-44,Passenger,2,2,0,2,0
2024,11,Cuneo,30-44,Pedestrian,1,1,1,0,0
2024,11,Cuneo,45-54,Driver,2,2,0,2,0
2024,11,Cuneo,45-54,Passenger,1,0,0,0,0
2024,11,Cuneo,55-59,Passenger,1,1,0,1,0
2024,11,Cuneo,65+,Driver,1,1,0,1,0
2024,11,Cuneo,65+,Passenger,1,0,0,0,0
2024,12,Cuneo,18-20,Driver,3,3,1,2,0
2024,12,Cuneo,18-20,Passenger,2,2,0,2,0
2024,12,Cuneo,20-24,Driver,1,1,0,1,0
2024,12,Cuneo,20-24,Passenger,2,2,0,2,0
2024,12,Cuneo,20-24,Pedestrian,1,0,0,0,0
2024,12,Cuneo,25-29,Driver,2,2,0,2,0
2024,12,Cuneo,30-44,Driver,3,2,0,2,0
2024,12,Cuneo,30-44,Passenger,3,1,0,1,0
2024,12,Cuneo,45-54,Driver,1,1,0,1,0
2024,12,Cuneo,45-54,Passenger,4,4,0,4,0
2024,12,Cuneo,55-59,Driver,3,2,1,1,0
2024,12,Cuneo,55-59,Passenger,1,1,0,1,0
2024,12,Cuneo,60-64,Driver,4,4,0,4,0
2024,12,Cuneo,60-64,Passenger,1,1,0,1,0
2024,1,Enna,30-44,Passenger,1,1,1,0,0
2024,2,Enna,20-24,Driver,1,1,0,1,0
2024,2,Enna,20-24,Passenger,1,1,1,0,0
2024,2,Enna,25-29,Driver,2,1,1,0,0
2024,2,Enna,30-44,Driver,1,0,0,0,0
2024,2,Enna,45-54,Driver,1,1,0,1,0
2024,2,Enna,45-54,Pedestrian,1,0,0,0,0
2024,2,Enna,55-59,Driver,1,1,1,0,0
2024,3,Enna,25-29,Driver,1,1,0,1,0
2024,3,Enna,30-44,Driver,2,2,0,2,0
2024,3,Enna,30-44,Pedestrian,1,1,0,1,0
2024,3,Enna,45-54,Driver,1,1,0,1,0
2024,3,Enna,55-59,Driver,2,2,0,2,0
2024,3,Enna,60-64,Passenger,2,2,0,2,0
2024,4,Enna,20-24,Passenger,1,1,0,1,0
2024,4,Enna,45-54,Driver,1,1,0,1,0
2024,4,Enna,45-54,Passenger,1,1,0,1,0
2024,5,Enna,18-20,Passenger,1,1,0,1,0
2024,5,Enna,20-24,Passenger,1,1,0,1,0
2024,5,Enna,20-24,Pedestrian,1,1,0,1,0
2024,5,Enna,30-44,Driver,1,1,0,1,0
2024,5,Enna,30-44,Passenger,1,0,0,0,0
2024,5,Enna,30-44,Pedestrian,1,1,1,0,0
2024,5,Enna,45-54,Driver,2,2,0,2,0
2024,5,Enna,55-59,Driver,1,0,0,0,0
2024,5,Enna,60-64,Passenger,1,1,0,1,0
2024,6,Enna,25-29,Driver,1,0,0,0,0
2024,6,Enna,25-29,Passenger,1,1,0,1,0
2024,6,Enna,30-44,Driver,2,2,1,1,0
2024,6,Enna,55-59,Driver,2,2,0,2,0
2024,6,Enna,55-59,Passenger,1,0,0,0,0
2024,6,Enna,65+,Driver,1,1,0,1,0
2024,7,Enna,25-29,Driver,1,1,0,1,0
2024,7,Enna,30-44,Driver,1,1,1,0,0
2024,8,Enna,20-24,Driver,2,1,1,0,0
2024,8,Enna,25-29,Driver,2,2,0,2,0
2024,8,Enna,25-29,Passenger,2,2,0,2,0
2024,8,Enna,30-44,Driver,3,2,0,2,0
2024,9,Enna,30-44,Driver,4,3,2,1,0
2024,9,Enna,30-44,Passenger,1,0,0,0,0
2024,9,Enna,30-44,Pedestrian,2,0,0,0,0
2024,9,Enna,45-54,Pedestrian,1,1,0,1,0
2024,9,Enna,65+,Driver,1,1,0,1,0
2024,10,Enna,25-29,Driver,1,1,0,1,0
2024,11,Enna,18-20,Passenger,1,1,1,0,0
2024,11,Enna,25-29,Driver,1,1,0,1,0
2024,12,Enna,20-24,Driver,2,2,0,2,0
2024,12,Enna,25-29,Passenger,1,0,0,0,0
2024,12,Enna,30-44,Passenger,1,0,0,0,0
2024,12,Enna,45-54,Driver,2,1,0,1,0
2024,12,Enna,45-54,Pedestrian,1,1,0,1,0
2024,12,Enna,55-59,Pedestrian,1,1,0,1,0
2024,1,Fermo,18-20,Driver,1,1,0,1,0
2024,1,Fermo,20-24,Driver,4,4,0,4,0
2024,1,Fermo,20-24,Passenger,1,1,1,0,0
2024,1,Fermo,25-29,Driver,3,2,0,2,0
2024,1,Fermo,30-44,Driver,2,1,0,1,0
2024,1,Fermo,30-44,Passenger,2,1,1,0,0
2024,1,Fermo,45-54,Driver,2,2,0,2,0
2024,1,Fermo,55-59,Driver,3,2,0,2,0
2024,2,Fermo,18-20,Driver,1,1,1,0,0
2024,2,Fermo,18-20,Passenger,1,1,0,1,0
2024,2,Fermo,20-24,Driver,3,2,1,1,0
2024,2,Fermo,25-29,Driver,3,2,0,2,0
2024,2,Fermo,25-29,Passenger,1,1,1,0,0
2024,2,Fermo,30-44,Driver,2,2,0,2,0
2024,2,Fermo,30-44,Passenger,2,2,0,2,0
2024,2,Fermo,45-54,Driver,2,2,0,2,0
2024,2,Fermo,55-59,Driver,1,0,0,0,0
2024,2,Fermo,60-64,Driver,1,0,0,0,0
2024,2,Fermo,65+,Driver,1,1,0,1,0
2024,3,Fermo,18-20,Passenger,1,0,0,0,0
2024,3,Fermo,20-24,Driver,5,4,1,3,0
2024,3,Fermo,25-29,Driver,1,1,0,1,0
2024,3,Fermo,30-44,Driver,2,2,0,2,0
2024,3,Fermo,30-44,Passenger,1,1,0,1,0
2024,3,Fermo,30-44,Pedestrian,1,0,0,0,0
2024,3,Fermo,45-54,Driver,1,1,0,1,0
2024,3,Fermo,45-54,Pedestrian,1,1,0,1,0
2024,3,Fermo,55-59,Passenger,1,1,0,1,0
2024,3,Fermo,60-64,Driver,2,1,0,1,0
2024,3,Fermo,65+,Driver,1,1,0,1,0
2024,4,Fermo,18-20,Passenger,3,3,0,3,0
2024,4,Fermo,20-24,Driver,1,1,0,1,0
2024,4,Fermo,30-44,Driver,1,1,0,1,0
2024,4,Fermo,45-54,Driver,2,1,1,0,0
2024,4,Fermo,45-54,Passenger,1,1,0,1,0
2024,4,Fermo,60-64,Passenger,1,1,0,1,0
2024,5,Fermo,18-20,Pedestrian,1,1,0,1,0
2024,5,Fermo,20-24,Driver,2,1,0,1,0
2024,5,Fermo,25-29,Driver,2,2,1,1,0
2024,5,Fermo,30-44,Driver,1,1,0,1,0
2024,5,Fermo,45-54,Driver,3,3,2,1,0
2024,5,Fermo,55-59,Driver,1,1,0,1,0
2024,5,Fermo,55-59,Passenger,1,1,0,1,0
2024,5,Fermo,55-59,Pedestrian,1,1,0,1,0
2024,5,Fermo,65+,Pedestrian,1,1,0,1,0
2024,6,Fermo,18-20,Driver,1,1,0,1,0
2024,6,Fermo,20-24,Driver,1,1,0,1,0
2024,6,Fermo,30-44,Driver,2,1,0,1,0
2024,6,Fermo,45-54,Driver,1,1,0,1,0
2024,6,Fermo,55-59,Driver,1,1,0,1,0
2024,7,Fermo,20-24,Driver,1,1,0,1,0
2024,7,Fermo,25-29,Driver,1,1,1,0,0
2024,7,Fermo,25-29,Passenger,1,1,1,0,0
2024,7,Fermo,30-44,Driver,1,1,0,1,0
2024,7,Fermo,45-54,Driver,1,0,0,0,0
2024,7,Fermo,55-59,Driver,1,1,0,1,0
2024,8,Fermo,18-20,Driver,2,1,0,1,0
2024,8,Fermo,18-20,Pedestrian,1,1,1,0,0
2024,8,Fermo,20-24,Driver,2,1,0,1,0
2024,8,Fermo,25-29,Driver,1,1,0,1,0
2024,8,Fermo,30-44,Driver,5,5,0,5,0
2024,8,Fermo,30-44,Passenger,2,2,0,2,0
2024,8,Fermo,45-54,Driver,2,1,0,1,0
2024,8,Fermo,45-54,Pedestrian,1,1,0,1,0
2024,8,Fermo,55-59,Driver,1,1,0,1,0
2024,8,Fermo,65+,Passenger,1,1,0,1,0
2024,9,Fermo,18-20,Passenger,1,1,0,1,0
2024,9,Fermo,20-24,Driver,6,6,1,5,0
2024,9,Fermo,20-24,Pedestrian,1,1,0,1,0
2024,9,Fermo,25-29,Passenger,2,2,0,2,0
2024,9,Fermo,30-44,Driver,3,3,0,3,0
2024,9,Fermo,30-44,Pedestrian,1,0,0,0,0
2024,9,Fermo,45-54,Driver,2,2,1,1,0
2024,9,Fermo,45-54,Passenger,1,1,0,1,0
2024,9,Fermo,45-54,Pedestrian,1,1,0,1,0
2024,9,Fermo,55-59,Driver,1,1,0,1,0
2024,10,Fermo,20-24,Driver,1,1,0,1,0
2024,11,Fermo,18-20,Driver,1,0,0,0,0
2024,11,Fermo,20-24,Driver,1,1,1,0,0
2024,11,Fermo,20-24,Pedestrian,1,1,0,1,0
2024,11,Fermo,25-29,Passenger,2,2,0,2,0
2024,11,Fermo,30-44,Driver,1,1,0,1,0
2024,11,Fermo,45-54,Driver,3,3,2,1,0
2024,11,Fermo,45-54,Passenger,3,2,2,0,0
2024,11,Fermo,55-59,Driver,1,0,0,0,0
2024,11,Fermo,60-64,Driver,3,3,1,2,0
2024,11,Fermo,65+,Driver,1,0,0,0,0
2024,12,Fermo,20-24,Passenger,1,1,0,1,0
2024,12,Fermo,20-24,Pedestrian,1,1,1,0,0
2024,12,Fermo,30-44,Driver,1,0,0,0,0
2024,12,Fermo,45-54,Driver,1,1,0,1,0
2024,1,Ferrara,18-20,Passenger,2,2,0,2,0
2024,1,Ferrara,20-24,Driver,1,1,0,1,0
2024,1,Ferrara,20-24,Passenger,1,1,0,1,0
2024,1,Ferrara,25-29,Driver,2,2,1,1,0
2024,1,Ferrara,25-29,Passenger,1,1,0,1,0
2024,1,Ferrara,30-44,Driver,5,5,1,4,0
2024,1,Ferrara,30-44,Passenger,2,1,0,1,0
2024,1,Ferrara,45-54,Driver,2,1,0,1,0
2024,1,Ferrara,45-54,Passenger,2,2,0,2,0
2024,1,Ferrara,55-59,Passenger,1,0,0,0,0
2024,1,Ferrara,60-64,Driver,1,1,0,1,0
2024,1,Ferrara,60-64,Passenger,1,1,0,1,0
2024,1,Ferrara,65+,Driver,1,1,0,1,0
2024,1,Ferrara,65+,Passenger,1,0,0,0,0
2024,2,Ferrara,20-24,Driver,5,3,1,2,0
2024,2,Ferrara,20-24,Pedestrian,1,1,1,0,0
2024,2,Ferrara,25-29,Driver,2,2,1,1,0
2024,2,Ferrara,25-29,Passenger,1,1,1,0,0
2024,2,Ferrara,30-44,Driver,8,8,2,6,0
2024,2,Ferrara,30-44,Passenger,1,1,0,1,0
2024,2,Ferrara,45-54,Driver,2,2,1,1,0
2024,2,Ferrara,45-54,Passenger,3,3,1,2,0
2024,2,Ferrara,45-54,Pedestrian,1,1,0,1,0
2024,2,Ferrara,55-59,Driver,3,3,1,2,0
2024,2,Ferrara,55-59,Passenger,2,1,0,1,1
2024,2,Ferrara,60-64,Driver,1,1,1,0,0
2024,2,Ferrara,60-64,Pedestrian,1,1,0,1,0
2024,2,Ferrara,65+,Driver,1,1,0,1,0
2024,2,Ferrara,65+,Passenger,1,1,0,1,0
2024,3,Ferrara,20-24,Driver,1,0,0,0,0
2024,3,Ferrara,20-24,Passenger,1,1,0,1,0
2024,3,Ferrara,25-29,Driver,1,1,0,1,0
2024,3,Ferrara,25-29,Passenger,1,1,0,1,0
2024,3,Ferrara,30-44,Driver,2,2,0,2,0
2024,3,Ferrara,45-54,Driver,1,1,0,1,0
2024,4,Ferrara,18-20,Passenger,1,1,0,1,0
2024,4,Ferrara,20-24,Passenger,1,1,1,0,0
2024,4,Ferrara,25-29,Driver,1,1,0,1,0
2024,4,Ferrara,30-44,Passenger,1,1,0,1,0
2024,4,Ferrara,45-54,Passenger,1,1,0,1,0
2024,4,Ferrara,60-64,Driver,1,1,0,1,0
2024,4,Ferrara,60-64,Pedestrian,1,1,0,1,0
2024,4,Ferrara,65+,Passenger,1,1,0,1,0
2024,5,Ferrara,20-24,Driver,3,3,0,3,0
2024,5,Ferrara,20-24,Pedestrian,1,1,0,1,0
2024,5,Ferrara,25-29,Driver,2,1,0,1,0
2024,5,Ferrara,25-29,Passenger,1,0,0,0,0
2024,5,Ferrara,30-44,Driver,5,3,1,2,0
2024,5,Ferrara,30-44,Passenger,1,1,0,1,0
2024,5,Ferrara,45-54,Driver,2,2,0,2,0
2024,5,Ferrara,45-54,Passenger,1,0,0,0,0
2024,5,Ferrara,55-59,Driver,1,1,0,1,0
2024,5,Ferrara,55-59,Passenger,2,2,1,1,0
2024,5,Ferrara,65+,Driver,2,2,0,2,0
2024,6,Ferrara,18-20,Driver,2,1,1,0,0
2024,6,Ferrara,20-24,Driver,1,1,0,1,0
2024,6,Ferrara,20-24,Passenger,3,2,0,2,0
2024,6,Ferrara,30-44,Driver,4,4,2,2,0
2024,6,Ferrara,30-44,Passenger,1,1,0,1,0
2024,6,Ferrara,45-54,Driver,3,2,0,2,0
2024,6,Ferrara,55-59,Driver,3,2,0,2,0
2024,6,Ferrara,55-59,Passenger,1,1,0,1,0
2024,6,Ferrara,65+,Driver,2,1,0,1,0
2024,7,Ferrara,18-20,Driver,1,1,0,1,0
2024,7,Ferrara,18-20,Pedestrian,1,1,0,1,0
2024,7,Ferrara,20-24,Driver,2,2,0,2,0
2024,7,Ferrara,20-24,Passenger,1,0,0,0,0
2024,7,Ferrara,20-24,Pedestrian,1,1,0,1,0
2024,7,Ferrara,25-29,Driver,2,2,0,2,0
2024,7,Ferrara,30-44,Driver,2,2,0,2,0
2024,7,Ferrara,30-44,Passenger,1,1,0,1,0
2024,7,Ferrara,30-44,Pedestrian,1,1,1,0,0
2024,7,Ferrara,45-54,Driver,6,6,0,6,0
2024,7,Ferrara,55-59,Passenger,1,1,0,1,0
2024,8,Ferrara,18-20,Driver,1,0,0,0,0
2024,8,Ferrara,18-20,Passenger,2,2,0,2,0
2024,8,Ferrara,20-24,Passenger,1,1,0,1,0
2024,8,Ferrara,30-44,Driver,5,4,3,1,0
2024,8,Ferrara,45-54,Driver,2,2,0,2,0
2024,8,Ferrara,45-54,Passenger,1,1,0,1,0
2024,8,Ferrara,55-59,Driver,1,1,0,1,0
2024,9,Ferrara,20-24,Driver,1,0,0,0,0
2024,9,Ferrara,20-24,Passenger,1,1,0,1,0
2024,9,Ferrara,25-29,Passenger,1,1,0,1,0
2024,9,Ferrara,30-44,Driver,5,5,1,4,0
2024,9,Ferrara,45-54,Driver,2,1,0,1,0
2024,9,Ferrara,45-54,Passenger,1,1,1,0,0
2024,9,Ferrara,55-59,Driver,2,2,0,2,0
2024,9,Ferrara,60-64,Driver,1,1,0,1,0
2024,10,Ferrara,30-44,Driver,1,1,0,1,0
2024,10,Ferrara,30-44,Pedestrian,1,0,0,0,0
2024,10,Ferrara,45-54,Driver,2,2,1,1,0
2024,10,Ferrara,45-54,Passenger,3,0,0,0,0
2024,10,Ferrara,55-59,Driver,2,2,0,2,0
2024,10,Ferrara,60-64,Driver,1,1,0,1,0
2024,10,Ferrara,65+,Driver,2,2,0,2,0
2024,11,Ferrara,20-24,Passenger,1,1,0,1,0
2024,12,Ferrara,20-24,Passenger,1,0,0,0,0
2024,12,Ferrara,25-29,Driver,1,1,0,1,0
2024,12,Ferrara,30-44,Driver,3,3,1,2,0
2024,12,Ferrara,30-44,Passenger,2,2,0,2,0
2024,12,Ferrara,45-54,Driver,1,1,0,1,0
2024,12,Ferrara,55-59,Passenger,1,1,0,1,0
2024,1,Firenze,18-20,Driver,5,3,0,3,0
2024,1,Firenze,18-20,Passenger,4,3,1,2,0
2024,1,Firenze,18-20,Pedestrian,1,1,1,0,0
2024,1,Firenze,20-24,Driver,10,9,1,8,1
2024,1,Firenze,20-24,Passenger,3,3,0,3,0
2024,1,Firenze,25-29,Driver,10,9,0,9,0
2024,1,Firenze,25-29,Passenger,1,1,0,1,0
2024,1,Firenze,25-29,Pedestrian,1,0,0,0,0
2024,1,Firenze,30-44,Driver,20,18,5,13,0
2024,1,Firenze,30-44,Passenger,7,7,2,5,0
2024,1,Firenze,45-54,Driver,6,6,0,6,0
2024,1,Firenze,45-54,Passenger,1,1,0,1,0
2024,1,Firenze,45-54,Pedestrian,1,1,0,1,0
2024,1,Firenze,55-59,Driver,2,1,0,1,0
2024,1,Firenze,55-59,Passenger,4,2,1,1,0
2024,1,Firenze,60-64,Driver,3,3,0,3,0
2024,1,Firenze,65+,Driver,1,1,0,1,0
2024,1,Firenze,65+,Passenger,1,1,0,1,0
2024,2,Firenze,18-20,Driver,3,2,0,2,0
2024,2,Firenze,18-20,Passenger,2,2,0,2,0
2024,2,Firenze,20-24,Driver,4,3,0,3,1
2024,2,Firenze,20-24,Passenger,2,2,1,1,0
2024,2,Firenze,25-29,Driver,2,1,0,1,0
2024,2,Firenze,25-29,Passenger,3,3,1,2,0
2024,2,Firenze,30-44,Driver,8,6,2,4,0
2024,2,Firenze,30-44,Passenger,3,3,1,2,0
2024,2,Firenze,30-44,Pedestrian,2,2,0,2,0
2024,2,Firenze,45-54,Driver,2,2,0,2,0
2024,2,Firenze,45-54,Passenger,2,2,1,1,0
2024,2,Firenze,55-59,Driver,1,1,0,1,0
2024,2,Firenze,55-59,Pedestrian,1,1,0,1,0
2024,2,Firenze,60-64,Driver,2,1,0,1,0
2024,2,Firenze,60-64,Passenger,2,2,0,2,0
2024,2,Firenze,60-64,Pedestrian,1,1,0,1,0
2024,2,Firenze,65+,Driver,2,2,0,2,0
2024,2,Firenze,65+,Passenger,1,1,0,1,0
2024,3,Firenze,18-20,Driver,8,8,2,6,0
2024,3,Firenze,18-20,Passenger,1,1,0,1,0
2024,3,Firenze,20-24,Driver,9,9,3,6,0
2024,3,Firenze,20-24,Passenger,2,2,0,2,0
2024,3,Firenze,25-29,Driver,8,5,0,5,0
2024,3,Firenze,25-29,Passenger,3,3,2,1,0
2024,3,Firenze,25-29,Pedestrian,1,1,1,0,0
2024,3,Firenze,30-44,Driver,18,14,2,12,0
2024,3,Firenze,30-44,Passenger,9,6,1,5,0
2024,3,Firenze,45-54,Driver,15,15,4,11,0
2024,3,Firenze,45-54,Passenger,3,3,0,3,0
2024,3,Firenze,55-59,Driver,7,5,1,4,0
2024,3,Firenze,55-59,Passenger,2,2,0,2,0
2024,3,Firenze,55-59,Pedestrian,2,2,1,1,0
2024,3,Firenze,60-64,Driver,7,7,1,6,0
2024,3,Firenze,60-64,Passenger,4,4,0,4,0
2024,3,Firenze,60-64,Pedestrian,2,1,0,1,0
2024,3,Firenze,65+,Driver,3,2,1,1,0
2024,3,Firenze,65+,Passenger,2,2,1,1,0
2024,4,Firenze,18-20,Driver,3,3,0,3,0
2024,4,Firenze,20-24,Driver,2,2,0,2,0
2024,4,Firenze,20-24,Passenger,1,1,1,0,0
2024,4,Firenze,25-29,Driver,3,2,1,1,0
2024,4,Firenze,30-44,Driver,2,2,0,2,0
2024,4,Firenze,30-44,Passenger,1,1,0,1,0
2024,4,Firenze,45-54,Driver,2,2,0,2,0
2024,4,Firenze,55-59,Driver,3,2,0,2,0
2024,4,Firenze,65+,Driver,1,1,0,1,0
2024,5,Firenze,55-59,Driver,1,1,0,1,0
2024,6,Firenze,18-20,Driver,1,1,0,1,0
2024,6,Firenze,18-20,Passenger,1,1,0,1,0
2024,6,Firenze,20-24,Driver,2,2,0,2,0
2024,6,Firenze,20-24,Passenger,1,0,0,0,0
2024,6,Firenze,20-24,Pedestrian,2,2,1,1,0
2024,6,Firenze,25-29,Driver,2,2,1,1,0
2024,6,Firenze,25-29,Passenger,1,1,0,1,0
2024,6,Firenze,30-44,Driver,6,4,2,2,1
2024,6,Firenze,30-44,Passenger,3,2,0,2,0
2024,6,Firenze,45-54,Driver,10,8,2,6,0
2024,6,Firenze,45-54,Passenger,1,0,0,0,0
2024,6,Firenze,55-59,Driver,3,2,1,1,0
2024,6,Firenze,60-64,Driver,2,1,0,1,0
2024,6,Firenze,60-64,Passenger,1,1,0,1,0
2024,6,Firenze,65+,Driver,4,4,1,3,0
2024,6,Firenze,65+,Passenger,1,1,1,0,0
2024,6,Firenze,65+,Pedestrian,1,1,0,1,0
2024,7,Firenze,18-20,Driver,7,6,2,4,0
2024,7,Firenze,18-20,Passenger,2,2,1,1,0
2024,7,Firenze,18-20,Pedestrian,2,2,0,2,0
2024,7,Firenze,20-24,Driver,10,10,1,9,0
2024,7,Firenze,20-24,Passenger,4,4,0,4,0
2024,7,Firenze,20-24,Pedestrian,2,1,0,1,0
2024,7,Firenze,25-29,Driver,5,4,1,3,0
2024,7,Firenze,25-29,Passenger,6,4,1,3,0
2024,7,Firenze,25-29,Pedestrian,1,1,0,1,0
2024,7,Firenze,30-44,Driver,20,18,1,17,0
2024,7,Firenze,30-44,Passenger,7,6,0,6,0
2024,7,Firenze,30-44,Pedestrian,2,1,0,1,0
2024,7,Firenze,45-54,Driver,4,2,1,1,0
2024,7,Firenze,45-54,Passenger,8,6,1,5,0
2024,7,Firenze,45-54,Pedestrian,2,2,1,1,0
2024,7,Firenze,55-59,Driver,5,4,1,3,0
2024,7,Firenze,55-59,Passenger,2,2,0,2,0
2024,7,Firenze,60-64,Driver,5,4,1,3,1
2024,7,Firenze,60-64,Passenger,4,3,2,1,0
2024,7,Firenze,65+,Driver,5,5,1,4,0
2024,7,Firenze,65+,Passenger,1,1,0,1,0
2024,8,Firenze,18-20,Driver,5,5,0,5,0
2024,8,Firenze,18-20,Passenger,1,0,0,0,0
2024,8,Firenze,18-20,Pedestrian,1,1,0,1,0
2024,8,Firenze,20-24,Driver,8,5,2,3,0
2024,8,Firenze,20-24,Passenger,2,2,0,2,0
2024,8,Firenze,20-24,Pedestrian,2,2,1,1,0
2024,8,Firenze,25-29,Driver,7,4,1,3,0
2024,8,Firenze,25-29,Passenger,1,1,0,1,0
2024,8,Firenze,30-44,Driver,8,7,2,5,0
2024,8,Firenze,30-44,Passenger,3,2,2,0,0
2024,8,Firenze,30-44,Pedestrian,4,4,1,3,0
2024,8,Firenze,45-54,Driver,10,9,1,8,1
2024,8,Firenze,45-54,Passenger,4,4,1,3,0
2024,8,Firenze,45-54,Pedestrian,1,1,1,0,0
2024,8,Firenze,55-59,Driver,6,6,0,6,0
2024,8,Firenze,55-59,Passenger,1,1,0,1,0
2024,8,Firenze,60-64,Driver,4,3,0,3,0
2024,8,Firenze,65+,Driver,3,2,2,0,0
2024,8,Firenze,65+,Passenger,1,1,0,1,0
2024,9,Firenze,18-20,Driver,5,4,1,3,0
2024,9,Firenze,20-24,Driver,5,4,1,3,0
2024,9,Firenze,20-24,Passenger,2,1,0,1,0
2024,9,Firenze,20-24,Pedestrian,3,3,0,3,0
2024,9,Firenze,25-29,Driver,3,1,0,1,0
2024,9,Firenze,25-29,Passenger,1,1,1,0,0
2024,9,Firenze,30-44,Driver,7,7,2,5,0
2024,9,Firenze,30-44,Passenger,3,2,0,2,0
2024,9,Firenze,45-54,Driver,9,8,2,6,0
2024,9,Firenze,45-54,Passenger,2,1,0,1,0
2024,9,Firenze,45-54,Pedestrian,1,1,0,1,0
2024,9,Firenze,55-59,Driver,5,5,2,3,0
2024,9,Firenze,55-59,Passenger,5,2,0,2,0
2024,9,Firenze,60-64,Driver,8,8,1,7,0
2024,9,Firenze,60-64,Passenger,1,1,0,1,1
2024,9,Firenze,65+,Driver,1,0,0,0,0
2024,9,Firenze,65+,Passenger,2,1,0,1,1
2024,10,Firenze,18-20,Driver,7,5,0,5,0
2024,10,Firenze,20-24,Driver,9,7,1,6,0
2024,10,Firenze,20-24,Passenger,2,2,1,1,0
2024,10,Firenze,20-24,Pedestrian,1,1,0,1,0
2024,10,Firenze,25-29,Driver,4,4,1,3,0
2024,10,Firenze,25-29,Passenger,3,1,0,1,0
2024,10,Firenze,25-29,Pedestrian,1,0,0,0,0
2024,10,Firenze,30-44,Driver,15,13,2,11,0
2024,10,Firenze,30-44,Passenger,4,3,0,3,0
2024,10,Firenze,45-54,Driver,6,3,1,2,0
2024,10,Firenze,45-54,Passenger,2,2,0,2,0
2024,10,Firenze,45-54,Pedestrian,3,3,1,2,0
2024,10,Firenze,55-59,Driver,5,4,0,4,0
2024,10,Firenze,55-59,Passenger,1,1,0,1,0
2024,10,Firenze,55-59,Pedestrian,1,1,0,1,0
2024,10,Firenze,60-64,Driver,4,3,1,2,0
2024,10,Firenze,60-64,Passenger,4,2,1,1,1
2024,10,Firenze,65+,Driver,3,3,1,2,0
2024,10,Firenze,65+,Passenger,1,1,0,1,0
2024,10,Firenze,65+,Pedestrian,1,1,0,1,0
2024,11,Firenze,18-20,Driver,5,5,2,3,0
2024,11,Firenze,20-24,Driver,9,7,0,7,0
2024,11,Firenze,20-24,Passenger,1,1,0,1,0
2024,11,Firenze,20-24,Pedestrian,1,0,0,0,0
2024,11,Firenze,25-29,Driver,7,3,1,2,0
2024,11,Firenze,25-29,Passenger,2,2,0,2,0
2024,11,Firenze,25-29,Pedestrian,1,1,1,0,0
2024,11,Firenze,30-44,Driver,10,10,2,8,0
2024,11,Firenze,30-44,Passenger,4,4,1,3,0
2024,11,Firenze,45-54,Driver,11,11,5,6,0
2024,11,Firenze,45-54,Passenger,2,2,0,2,0
2024,11,Firenze,55-59,Driver,2,2,1,1,0
2024,11,Firenze,55-59,Passenger,1,1,0,1,0
2024,11,Firenze,55-59,Pedestrian,2,2,0,2,0
2024,11,Firenze,60-64,Driver,3,3,1,2,0
2024,11,Firenze,60-64,Passenger,1,1,0,1,0
2024,11,Firenze,60-64,Pedestrian,1,1,0,1,0
2024,11,Firenze,65+,Driver,3,1,0,1,0
2024,11,Firenze,65+,Passenger,1,1,0,1,0
2024,12,Firenze,18-20,Driver,4,1,0,1,0
2024,12,Firenze,18-20,Pedestrian,1,1,0,1,0
2024,12,Firenze,20-24,Driver,6,6,3,3,0
2024,12,Firenze,20-24,Passenger,1,1,0,1,0
2024,12,Firenze,25-29,Driver,3,3,1,2,0
2024,12,Firenze,25-29,Passenger,1,1,0,1,0
2024,12,Firenze,25-29,Pedestrian,1,1,0,1,0
2024,12,Firenze,30-44,Driver,7,5,2,3,0
2024,12,Firenze,30-44,Passenger,4,4,2,2,0
2024,12,Firenze,30-44,Pedestrian,1,0,0,0,0
2024,12,Firenze,45-54,Driver,7,6,2,4,0
2024,12,Firenze,45-54,Passenger,1,0,0,0,0
2024,12,Firenze,55-59,Driver,1,1,0,1,0
2024,12,Firenze,55-59,Pedestrian,1,1,0,1,0
2024,12,Firenze,60-64,Driver,1,1,1,0,0
2024,12,Firenze,60-64,Passenger,3,2,0,2,0
2024,12,Firenze,65+,Driver,1,1,0,1,0
2024,1,Foggia,18-20,Driver,1,1,1,0,0
2024,1,Foggia,18-20,Pedestrian,1,1,0,1,0
2024,1,Foggia,20-24,Passenger,3,3,1,2,0
2024,1,Foggia,25-29,Passenger,3,2,0,2,0
2024,1,Foggia,30-44,Driver,6,5,1,4,0
2024,1,Foggia,45-54,Driver,2,1,0,1,0
2024,1,Foggia,45-54,Passenger,1,1,1,0,0
2024,1,Foggia,55-59,Driver,1,1,0,1,0
2024,1,Foggia,55-59,Passenger,1,1,0,1,0
2024,1,Foggia,60-64,Driver,1,1,0,1,0
2024,1,Foggia,60-64,Passenger,1,1,0,1,0
2024,1,Foggia,65+,Driver,2,1,0,1,0
2024,1,Foggia,65+,Passenger,1,1,0,1,0
2024,2,Foggia,18-20,Driver,8,8,1,7,0
2024,2,Foggia,20-24,Driver,10,8,2,6,0
2024,2,Foggia,20-24,Passenger,3,2,0,2,0
2024,2,Foggia,20-24,Pedestrian,1,1,0,1,0
2024,2,Foggia,25-29,Driver,5,5,0,5,0
2024,2,Foggia,25-29,Passenger,3,3,1,2,0
2024,2,Foggia,25-29,Pedestrian,1,1,0,1,0
2024,2,Foggia,30-44,Driver,16,10,2,8,0
2024,2,Foggia,30-44,Passenger,7,6,1,5,0
2024,2,Foggia,30-44,Pedestrian,6,4,0,4,0
2024,2,Foggia,45-54,Driver,11,9,2,7,0
2024,2,Foggia,45-54,Passenger,6,4,0,4,0
2024,2,Foggia,45-54,Pedestrian,1,1,0,1,0
2024,2,Foggia,55-59,Driver,5,3,1,2,0
2024,2,Foggia,55-59,Passenger,2,1,0,1,0
2024,2,Foggia,55-59,Pedestrian,1,1,0,1,0
2024,2,Foggia,60-64,Driver,4,4,2,2,0
2024,2,Foggia,60-64,Passenger,5,4,0,4,0
2024,2,Foggia,60-64,Pedestrian,2,1,0,1,0
2024,2,Foggia,65+,Driver,1,1,0,1,0
2024,2,Foggia,65+,Passenger,3,2,0,2,0
2024,2,Foggia,65+,Pedestrian,1,1,0,1,0
2024,3,Foggia,18-20,Driver,3,2,0,2,0
2024,3,Foggia,20-24,Driver,7,7,1,6,0
2024,3,Foggia,25-29,Driver,3,1,0,1,0
2024,3,Foggia,25-29,Passenger,2,2,1,1,0
2024,3,Foggia,25-29,Pedestrian,1,0,0,0,0
2024,3,Foggia,30-44,Driver,3,2,0,2,0
2024,3,Foggia,30-44,Passenger,2,2,1,1,0
2024,3,Foggia,30-44,Pedestrian,1,1,0,1,0
2024,3,Foggia,45-54,Driver,2,0,0,0,0
2024,3,Foggia,45-54,Passenger,1,0,0,0,0
2024,3,Foggia,45-54,Pedestrian,2,2,0,2,0
2024,3,Foggia,55-59,Driver,4,2,1,1,0
2024,3,Foggia,55-59,Passenger,1,1,0,1,0
2024,3,Foggia,60-64,Driver,3,2,0,2,0
2024,3,Foggia,65+,Driver,2,2,0,2,0
2024,3,Foggia,65+,Passenger,1,1,0,1,0
2024,4,Foggia,18-20,Driver,3,3,2,1,0
2024,4,Foggia,18-20,Pedestrian,1,1,0,1,0
2024,4,Foggia,20-24,Driver,2,1,0,1,0
2024,4,Foggia,20-24,Passenger,1,1,0,1,0
2024,4,Foggia,25-29,Driver,2,1,0,1,0
2024,4,Foggia,25-29,Passenger,2,1,0,1,0
2024,4,Foggia,30-44,Driver,9,8,2,6,0
2024,4,Foggia,30-44,Passenger,3,3,1,2,0
2024,4,Foggia,30-44,Pedestrian,2,0,0,0,0
2024,4,Foggia,45-54,Driver,6,6,1,5,0
2024,4,Foggia,45-54,Passenger,1,1,0,1,0
2024,4,Foggia,55-59,Driver,2,1,0,1,0
2024,4,Foggia,55-59,Passenger,1,1,0,1,0
2024,4,Foggia,60-64,Passenger,3,2,0,2,0
2024,4,Foggia,65+,Driver,2,1,0,1,0
2024,4,Foggia,65+,Passenger,1,1,0,1,0
2024,4,Foggia,65+,Pedestrian,1,1,1,0,0
2024,5,Foggia,18-20,Driver,3,3,0,3,0
2024,5,Foggia,18-20,Passenger,2,2,1,1,0
2024,5,Foggia,20-24,Driver,8,7,1,6,0
2024,5,Foggia,20-24,Passenger,2,2,0,2,0
2024,5,Foggia,20-24,Pedestrian,1,0,0,0,0
2024,5,Foggia,25-29,Driver,4,2,0,2,0
2024,5,Foggia,25-29,Passenger,3,3,1,2,0
2024,5,Foggia,25-29,Pedestrian,1,1,1,0,0
2024,5,Foggia,30-44,Driver,12,10,2,8,0
2024,5,Foggia,30-44,Passenger,5,5,3,2,0
2024,5,Foggia,45-54,Driver,4,4,0,4,0
2024,5,Foggia,45-54,Passenger,3,2,1,1,0
2024,5,Foggia,45-54,Pedestrian,1,1,0,1,0
2024,5,Foggia,55-59,Driver,3,2,1,1,0
2024,5,Foggia,55-59,Passenger,1,1,0,1,0
2024,5,Foggia,60-64,Driver,1,1,1,0,0
2024,5,Foggia,60-64,Passenger,2,2,0,2,0
2024,5,Foggia,60-64,Pedestrian,1,1,0,1,0
2024,5,Foggia,65+,Driver,3,3,0,3,0
2024,6,Foggia,18-20,Driver,7,7,0,7,0
2024,6,Foggia,18-20,Pedestrian,1,1,0,1,0
2024,6,Foggia,20-24,Driver,11,9,3,6,0
2024,6,Foggia,20-24,Passenger,2,1,0,1,0
2024,6,Foggia,25-29,Driver,2,1,0,1,0
2024,6,Foggia,25-29,Passenger,3,2,1,1,0
2024,6,Foggia,30-44,Driver,9,9,2,7,1
2024,6,Foggia,30-44,Passenger,2,2,1,1,0
2024,6,Foggia,30-44,Pedestrian,3,3,0,3,0
2024,6,Foggia,45-54,Driver,12,12,2,10,0
2024,6,Foggia,45-54,Passenger,3,3,0,3,0
2024,6,Foggia,55-59,Driver,4,3,1,2,0
2024,6,Foggia,55-59,Passenger,1,0,0,0,0
2024,6,Foggia,55-59,Pedestrian,4,2,1,1,0
2024,6,Foggia,60-64,Driver,7,4,0,4,0
2024,6,Foggia,60-64,Passenger,1,1,0,1,0
2024,6,Foggia,60-64,Pedestrian,1,0,0,0,0
2024,6,Foggia,65+,Driver,2,1,1,0,1
2024,6,Foggia,65+,Passenger,1,1,0,1,0
2024,7,Foggia,18-20,Driver,8,5,3,2,0
2024,7,Foggia,18-20,Passenger,3,3,0,3,0
2024,7,Foggia,18-20,Pedestrian,2,2,0,2,0
2024,7,Foggia,20-24,Driver,6,4,2,2,0
2024,7,Foggia,20-24,Passenger,3,1,0,1,0
2024,7,Foggia,20-24,Pedestrian,1,0,0,0,0
2024,7,Foggia,25-29,Driver,5,5,0,5,0
2024,7,Foggia,25-29,Passenger,2,2,0,2,0
2024,7,Foggia,30-44,Driver,11,8,1,7,0
2024,7,Foggia,30-44,Passenger,4,4,2,2,0
2024,7,Foggia,45-54,Driver,6,3,1,2,0
2024,7,Foggia,45-54,Passenger,4,4,1,3,0
2024,7,Foggia,45-54,Pedestrian,2,2,0,2,0
2024,7,Foggia,55-59,Driver,4,3,0,3,0
2024,7,Foggia,55-59,Passenger,1,1,0,1,0
2024,7,Foggia,55-59,Pedestrian,1,1,0,1,0
2024,7,Foggia,60-64,Driver,4,4,0,4,1
2024,7,Foggia,60-64,Passenger,1,1,0,1,0
2024,7,Foggia,65+,Driver,3,3,1,2,0
2024,7,Foggia,65+,Passenger,1,1,0,1,0
2024,8,Foggia,18-20,Driver,8,4,3,1,0
2024,8,Foggia,18-20,Passenger,3,1,1,0,0
2024,8,Foggia,20-24,Driver,3,2,0,2,0
2024,8,Foggia,20-24,Passenger,2,2,0,2,0
2024,8,Foggia,20-24,Pedestrian,2,2,0,2,0
2024,8,Foggia,25-29,Driver,2,2,1,1,0
2024,8,Foggia,25-29,Passenger,1,1,1,0,0
2024,8,Foggia,30-44,Driver,9,5,0,5,0
2024,8,Foggia,30-44,Passenger,3,3,1,2,0
2024,8,Foggia,45-54,Driver,5,5,2,3,0
2024,8,Foggia,45-54,Passenger,4,4,1,3,0
2024,8,Foggia,45-54,Pedestrian,1,0,0,0,0
2024,8,Foggia,55-59,Driver,4,4,0,4,0
2024,8,Foggia,55-59,Pedestrian,1,1,0,1,0
2024,8,Foggia,60-64,Driver,7,7,1,6,0
2024,8,Foggia,60-64,Passenger,2,2,0,2,0
2024,8,Foggia,65+,Passenger,1,1,0,1,0
2024,8,Foggia,65+,Pedestrian,1,1,0,1,0
2024,9,Foggia,18-20,Driver,1,1,1,0,0
2024,9,Foggia,20-24,Driver,1,1,0,1,0
2024,9,Foggia,25-29,Driver,1,1,0,1,0
2024,9,Foggia,30-44,Driver,4,4,1,3,0
2024,9,Foggia,30-44,Passenger,2,2,0,2,0
2024,9,Foggia,45-54,Driver,2,2,1,1,0
2024,9,Foggia,45-54,Passenger,1,1,0,1,0
2024,9,Foggia,55-59,Driver,3,2,0,2,0
2024,9,Foggia,60-64,Driver,1,1,0,1,0
2024,9,Foggia,60-64,Passenger,1,0,0,0,0
2024,10,Foggia,18-20,Driver,4,3,0,3,0
2024,10,Foggia,20-24,Driver,1,1,0,1,0
2024,10,Foggia,20-24,Passenger,2,2,2,0,0
2024,10,Foggia,20-24,Pedestrian,1,1,0,1,0
2024,10,Foggia,25-29,Driver,2,2,1,1,0
2024,10,Foggia,25-29,Passenger,1,0,0,0,0
2024,10,Foggia,25-29,Pedestrian,2,2,0,2,0
2024,10,Foggia,30-44,Driver,6,6,1,5,0
2024,10,Foggia,30-44,Passenger,3,2,0,2,0
2024,10,Foggia,30-44,Pedestrian,1,1,0,1,0
2024,10,Foggia,45-54,Driver,9,9,3,6,0
2024,10,Foggia,45-54,Passenger,2,1,0,1,0
2024,10,Foggia,45-54,Pedestrian,1,0,0,0,1
2024,10,Foggia,55-59,Driver,2,2,1,1,0
2024,10,Foggia,55-59,Passenger,1,0,0,0,0
2024,10,Foggia,55-59,Pedestrian,1,1,1,0,0
2024,10,Foggia,60-64,Driver,3,3,1,2,0
2024,10,Foggia,60-64,Passenger,1,1,0,1,0
2024,10,Foggia,65+,Driver,1,1,0,1,0
2024,10,Foggia,65+,Passenger,1,1,0,1,0
2024,11,Foggia,25-29,Driver,1,1,0,1,0
2024,12,Foggia,18-20,Driver,2,2,0,2,0
2024,12,Foggia,18-20,Passenger,3,3,0,3,0
2024,12,Foggia,20-24,Driver,4,4,2,2,0
2024,12,Foggia,20-24,Passenger,1,1,0,1,0
2024,12,Foggia,20-24,Pedestrian,1,1,0,1,0
2024,12,Foggia,25-29,Driver,3,3,0,3,0
2024,12,Foggia,25-29,Passenger,1,0,0,0,0
2024,12,Foggia,30-44,Driver,7,6,0,6,0
2024,12,Foggia,30-44,Passenger,3,3,0,3,0
2024,12,Foggia,45-54,Driver,3,2,2,0,0
2024,12,Foggia,45-54,Passenger,2,1,0,1,0
2024,12,Foggia,45-54,Pedestrian,1,1,0,1,0
2024,12,Foggia,55-59,Driver,5,4,0,4,1
2024,12,Foggia,60-64,Driver,3,2,0,2,0
2024,12,Foggia,60-64,Passenger,1,1,1,0,0
2024,12,Foggia,65+,Driver,2,2,1,1,0
2024,1,Forlì-Cesena,25-29,Driver,1,0,0,0,0
2024,1,Forlì-Cesena,30-44,Driver,1,0,0,0,0
2024,1,Forlì-Cesena,60-64,Driver,1,1,0,1,0
2024,2,Forlì-Cesena,18-20,Driver,2,1,1,0,0
2024,2,Forlì-Cesena,20-24,Driver,5,3,1,2,0
2024,2,Forlì-Cesena,20-24,Pedestrian,1,1,0,1,0
2024,2,Forlì-Cesena,25-29,Driver,3,3,1,2,0
2024,2,Forlì-Cesena,25-29,Pedestrian,1,0,0,0,0
2024,2,Forlì-Cesena,30-44,Driver,1,1,0,1,0
2024,2,Forlì-Cesena,45-54,Driver,1,0,0,0,0
2024,2,Forlì-Cesena,45-54,Passenger,1,0,0,0,0
2024,2,Forlì-Cesena,55-59,Driver,2,2,0,2,0
2024,2,Forlì-Cesena,55-59,Passenger,1,1,1,0,0
2024,2,Forlì-Cesena,60-64,Driver,1,1,0,1,0
2024,2,Forlì-Cesena,65+,Driver,1,1,0,1,0
2024,3,Forlì-Cesena,18-20,Driver,3,3,0,3,0
2024,3,Forlì-Cesena,18-20,Pedestrian,2,1,0,1,0
2024,3,Forlì-Cesena,20-24,Passenger,1,1,0,1,0
2024,3,Forlì-Cesena,25-29,Driver,3,3,0,3,0
2024,3,Forlì-Cesena,30-44,Driver,2,1,0,1,0
2024,3,Forlì-Cesena,30-44,Passenger,4,4,0,4,0
2024,3,Forlì-Cesena,30-44,Pedestrian,1,1,0,1,0
2024,3,Forlì-Cesena,45-54,Driver,6,6,1,5,1
2024,3,Forlì-Cesena,45-54,Passenger,2,2,0,2,0
2024,3,Forlì-Cesena,55-59,Pedestrian,1,1,0,1,0
2024,3,Forlì-Cesena,60-64,Driver,1,1,0,1,0
2024,3,Forlì-Cesena,65+,Driver,1,1,0,1,0
2024,4,Forlì-Cesena,20-24,Driver,2,2,0,2,0
2024,4,Forlì-Cesena,20-24,Passenger,1,1,0,1,0
2024,4,Forlì-Cesena,45-54,Driver,2,1,0,1,0
2024,4,Forlì-Cesena,60-64,Driver,1,0,0,0,0
2024,4,Forlì-Cesena,60-64,Passenger,1,1,0,1,0
2024,5,Forlì-Cesena,20-24,Passenger,1,1,0,1,0
2024,6,Forlì-Cesena,18-20,Driver,4,2,1,1,0
2024,6,Forlì-Cesena,20-24,Driver,1,1,0,1,0
2024,6,Forlì-Cesena,20-24,Passenger,1,1,0,1,0
2024,6,Forlì-Cesena,25-29,Driver,2,1,0,1,0
2024,6,Forlì-Cesena,30-44,Driver,3,2,0,2,0
2024,6,Forlì-Cesena,30-44,Passenger,1,0,0,0,0
2024,6,Forlì-Cesena,45-54,Driver,7,5,1,4,0
2024,6,Forlì-Cesena,45-54,Passenger,3,3,0,3,0
2024,6,Forlì-Cesena,45-54,Pedestrian,1,1,0,1,0
2024,6,Forlì-Cesena,60-64,Driver,1,0,0,0,0
2024,6,Forlì-Cesena,60-64,Passenger,1,0,0,0,0
2024,6,Forlì-Cesena,65+,Passenger,1,1,0,1,0
2024,7,Forlì-Cesena,18-20,Driver,1,1,0,1,0
2024,7,Forlì-Cesena,20-24,Driver,1,1,1,0,0
2024,7,Forlì-Cesena,20-24,Passenger,3,2,1,1,0
2024,7,Forlì-Cesena,25-29,Driver,1,1,0,1,0
2024,7,Forlì-Cesena,25-29,Passenger,1,0,0,0,0
2024,7,Forlì-Cesena,25-29,Pedestrian,1,1,0,1,0
2024,7,Forlì-Cesena,30-44,Driver,6,5,1,4,0
2024,7,Forlì-Cesena,30-44,Passenger,1,1,0,1,0
2024,7,Forlì-Cesena,45-54,Driver,5,5,1,4,0
2024,7,Forlì-Cesena,45-54,Pedestrian,1,0,0,0,0
2024,7,Forlì-Cesena,55-59,Passenger,1,0,0,0,0
2024,7,Forlì-Cesena,60-64,Driver,2,2,1,1,0
2024,7,Forlì-Cesena,65+,Driver,1,1,0,1,0
2024,7,Forlì-Cesena,65+,Pedestrian,1,1,0,1,0
2024,8,Forlì-Cesena,18-20,Driver,1,1,0,1,0
2024,8,Forlì-Cesena,20-24,Driver,1,1,0,1,0
2024,8,Forlì-Cesena,20-24,Passenger,1,1,0,1,0
2024,8,Forlì-Cesena,25-29,Driver,1,1,0,1,0
2024,8,Forlì-Cesena,30-44,Driver,2,0,0,0,0
2024,8,Forlì-Cesena,30-44,Pedestrian,1,1,0,1,0
2024,8,Forlì-Cesena,45-54,Driver,1,1,0,1,0
2024,8,Forlì-Cesena,45-54,Passenger,1,1,1,0,0
2024,8,Forlì-Cesena,55-59,Driver,1,1,0,1,0
2024,9,Forlì-Cesena,18-20,Passenger,1,0,0,0,0
2024,9,Forlì-Cesena,20-24,Driver,4,2,0,2,0
2024,9,Forlì-Cesena,20-24,Passenger,1,1,0,1,0
2024,9,Forlì-Cesena,25-29,Driver,1,1,0,1,0
2024,9,Forlì-Cesena,25-29,Passenger,1,0,0,0,0
2024,9,Forlì-Cesena,30-44,Driver,2,0,0,0,0
2024,9,Forlì-Cesena,30-44,Passenger,5,4,1,3,0
2024,9,Forlì-Cesena,55-59,Driver,2,2,0,2,0
2024,9,Forlì-Cesena,55-59,Passenger,2,2,0,2,0
2024,9,Forlì-Cesena,55-59,Pedestrian,1,1,1,0,0
2024,9,Forlì-Cesena,60-64,Driver,3,3,0,3,0
2024,9,Forlì-Cesena,60-64,Passenger,2,2,0,2,1
2024,9,Forlì-Cesena,65+,Driver,1,1,1,0,0
2024,10,Forlì-Cesena,20-24,Driver,1,1,0,1,0
2024,10,Forlì-Cesena,20-24,Passenger,1,1,0,1,0
2024,10,Forlì-Cesena,25-29,Driver,2,1,0,1,0
2024,10,Forlì-Cesena,25-29,Pedestrian,1,0,0,0,0
2024,10,Forlì-Cesena,30-44,Passenger,1,1,0,1,0
2024,10,Forlì-Cesena,45-54,Driver,1,1,0,1,0
2024,10,Forlì-Cesena,45-54,Passenger,1,1,0,1,0
2024,10,Forlì-Cesena,45-54,Pedestrian,2,2,1,1,0
2024,10,Forlì-Cesena,55-59,Driver,1,1,0,1,0
2024,10,Forlì-Cesena,60-64,Passenger,1,0,0,0,0
2024,10,Forlì-Cesena,60-64,Pedestrian,1,1,0,1,0
2024,10,Forlì-Cesena,65+,Driver,1,1,0,1,0
2024,11,Forlì-Cesena,18-20,Driver,2,2,0,2,0
2024,11,Forlì-Cesena,18-20,Passenger,1,1,0,1,0
2024,11,Forlì-Cesena,20-24,Driver,1,1,1,0,0
2024,11,Forlì-Cesena,25-29,Driver,1,1,1,0,0
2024,11,Forlì-Cesena,30-44,Driver,2,2,0,2,0
2024,11,Forlì-Cesena,30-44,Passenger,3,2,1,1,0
2024,11,Forlì-Cesena,30-44,Pedestrian,3,1,1,0,0
2024,11,Forlì-Cesena,45-54,Driver,1,1,1,0,0
2024,11,Forlì-Cesena,45-54,Passenger,2,2,1,1,0
2024,11,Forlì-Cesena,60-64,Driver,1,1,0,1,0
2024,11,Forlì-Cesena,60-64,Passenger,1,1,0,1,0
2024,11,Forlì-Cesena,65+,Passenger,1,1,0,1,0
2024,12,Forlì-Cesena,18-20,Driver,1,1,0,1,0
2024,12,Forlì-Cesena,45-54,Driver,2,2,0,2,0
2024,12,Forlì-Cesena,55-59,Passenger,1,0,0,0,0
2024,1,Frosinone,18-20,Driver,5,4,0,4,0
2024,1,Frosinone,18-20,Passenger,1,1,1,0,0
2024,1,Frosinone,18-20,Pedestrian,1,1,0,1,0
2024,1,Frosinone,20-24,Driver,2,2,1,1,0
2024,1,Frosinone,20-24,Passenger,2,2,0,2,0
2024,1,Frosinone,20-24,Pedestrian,1,1,0,1,0
2024,1,Frosinone,25-29,Driver,3,3,0,3,0
2024,1,Frosinone,25-29,Passenger,1,1,0,1,0
2024,1,Frosinone,25-29,Pedestrian,2,2,0,2,0
2024,1,Frosinone,30-44,Driver,7,7,2,5,1
2024,1,Frosinone,30-44,Passenger,4,2,1,1,1
2024,1,Frosinone,45-54,Driver,3,3,0,3,0
2024,1,Frosinone,45-54,Passenger,2,1,0,1,0
2024,1,Frosinone,55-59,Driver,1,0,0,0,0
2024,1,Frosinone,60-64,Driver,3,0,0,0,0
2024,2,Frosinone,20-24,Driver,3,2,1,1,0
2024,2,Frosinone,30-44,Driver,1,1,0,1,0
2024,2,Frosinone,30-44,Pedestrian,1,1,0,1,0
2024,2,Frosinone,45-54,Passenger,1,0,0,0,0
2024,2,Frosinone,55-59,Passenger,2,2,0,2,0
2024,2,Frosinone,60-64,Driver,1,1,0,1,0
2024,2,Frosinone,65+,Driver,1,1,0,1,0
2024,3,Frosinone,18-20,Driver,2,2,0,2,0
2024,3,Frosinone,20-24,Driver,2,2,1,1,0
2024,3,Frosinone,25-29,Driver,1,1,0,1,0
2024,3,Frosinone,30-44,Driver,1,1,0,1,0
2024,3,Frosinone,45-54,Driver,3,3,0,3,0
2024,3,Frosinone,60-64,Driver,2,2,1,1,0
2024,4,Frosinone,20-24,Driver,1,1,0,1,0
2024,4,Frosinone,20-24,Passenger,1,1,0,1,0
2024,4,Frosinone,45-54,Driver,2,2,0,2,0
2024,4,Frosinone,55-59,Passenger,1,1,1,0,0
2024,5,Frosinone,18-20,Driver,2,1,0,1,0
2024,5,Frosinone,20-24,Driver,3,2,0,2,0
2024,5,Frosinone,20-24,Passenger,2,1,0,1,0
2024,5,Frosinone,30-44,Driver,6,5,1,4,0
2024,5,Frosinone,30-44,Passenger,1,1,0,1,0
2024,5,Frosinone,30-44,Pedestrian,1,1,1,0,0
2024,5,Frosinone,45-54,Driver,2,1,0,1,0
2024,5,Frosinone,55-59,Driver,2,1,0,1,0
2024,5,Frosinone,55-59,Passenger,1,0,0,0,0
2024,5,Frosinone,60-64,Driver,3,3,0,3,1
2024,5,Frosinone,65+,Driver,2,2,0,2,0
2024,5,Frosinone,65+,Passenger,1,1,0,1,0
2024,6,Frosinone,18-20,Driver,4,3,1,2,0
2024,6,Frosinone,20-24,Driver,3,2,1,1,0
2024,6,Frosinone,20-24,Passenger,2,2,1,1,0
2024,6,Frosinone,20-24,Pedestrian,2,1,1,0,0
2024,6,Frosinone,25-29,Driver,2,2,2,0,0
2024,6,Frosinone,25-29,Passenger,1,1,0,1,0
2024,6,Frosinone,30-44,Driver,11,8,2,6,0
2024,6,Frosinone,30-44,Passenger,2,1,0,1,0
2024,6,Frosinone,30-44,Pedestrian,1,1,0,1,0
2024,6,Frosinone,45-54,Driver,3,2,0,2,0
2024,6,Frosinone,55-59,Driver,1,0,0,0,0
2024,6,Frosinone,55-59,Passenger,1,0,0,0,0
2024,6,Frosinone,60-64,Driver,1,1,0,1,0
2024,6,Frosinone,60-64,Passenger,1,1,0,1,0
2024,6,Frosinone,65+,Driver,1,1,0,1,0
2024,7,Frosinone,20-24,Driver,2,2,0,2,0
2024,7,Frosinone,20-24,Passenger,1,1,0,1,0
2024,7,Frosinone,25-29,Driver,2,2,1,1,0
2024,7,Frosinone,30-44,Driver,2,2,1,1,0
2024,7,Frosinone,45-54,Driver,2,2,1,1,0
2024,7,Frosinone,45-54,Passenger,2,1,0,1,0
2024,7,Frosinone,55-59,Driver,1,1,0,1,0
2024,7,Frosinone,55-59,Passenger,1,1,0,1,0
2024,7,Frosinone,60-64,Passenger,1,1,0,1,0
2024,8,Frosinone,18-20,Driver,3,2,0,2,0
2024,8,Frosinone,20-24,Driver,2,1,0,1,1
2024,8,Frosinone,20-24,Pedestrian,1,0,0,0,0
2024,8,Frosinone,25-29,Driver,5,5,0,5,1
2024,8,Frosinone,25-29,Pedestrian,2,0,0,0,0
2024,8,Frosinone,30-44,Driver,7,6,0,6,0
2024,8,Frosinone,30-44,Passenger,2,2,1,1,0
2024,8,Frosinone,45-54,Driver,3,2,1,1,0
2024,8,Frosinone,45-54,Passenger,2,1,0,1,0
2024,8,Frosinone,55-59,Passenger,2,2,0,2,0
2024,8,Frosinone,55-59,Pedestrian,3,3,0,3,0
2024,8,Frosinone,60-64,Passenger,1,1,1,0,0
2024,9,Frosinone,18-20,Driver,1,1,0,1,0
2024,9,Frosinone,25-29,Pedestrian,1,1,0,1,0
2024,9,Frosinone,30-44,Driver,1,1,0,1,0
2024,9,Frosinone,65+,Driver,1,1,0,1,0
2024,10,Frosinone,20-24,Driver,1,1,0,1,0
2024,10,Frosinone,25-29,Passenger,2,2,0,2,0
2024,10,Frosinone,30-44,Driver,2,2,0,2,0
2024,10,Frosinone,45-54,Pedestrian,1,1,0,1,0
2024,10,Frosinone,55-59,Driver,2,2,1,1,0
2024,10,Frosinone,60-64,Driver,1,1,0,1,0
2024,10,Frosinone,65+,Driver,2,2,0,2,0
2024,11,Frosinone,30-44,Driver,1,1,0,1,0
2024,12,Frosinone,18-20,Driver,2,1,0,1,0
2024,12,Frosinone,20-24,Driver,2,2,0,2,0
2024,12,Frosinone,25-29,Driver,1,1,1,0,0
2024,12,Frosinone,30-44,Driver,1,1,0,1,0
2024,12,Frosinone,30-44,Passenger,1,0,0,0,0
2024,12,Frosinone,45-54,Passenger,2,2,0,2,0
2024,12,Frosinone,60-64,Passenger,1,1,0,1,0
2024,1,Genova,18-20,Driver,4,4,0,4,0
2024,1,Genova,18-20,Passenger,3,2,0,2,0
2024,1,Genova,20-24,Driver,4,4,0,4,0
2024,1,Genova,25-29,Driver,4,3,1,2,0
2024,1,Genova,25-29,Passenger,1,1,0,1,0
2024,1,Genova,30-44,Driver,1,1,1,0,0
2024,1,Genova,30-44,Passenger,2,2,1,1,0
2024,1,Genova,45-54,Driver,2,2,0,2,0
2024,1,Genova,45-54,Passenger,1,1,0,1,0
2024,1,Genova,55-59,Driver,2,1,0,1,0
2024,1,Genova,55-59,Passenger,1,1,0,1,0
2024,1,Genova,60-64,Driver,2,1,0,1,0
2024,1,Genova,65+,Driver,2,2,1,1,0
2024,2,Genova,18-20,Driver,9,8,2,6,0
2024,2,Genova,20-24,Driver,7,6,0,6,1
2024,2,Genova,20-24,Passenger,3,3,0,3,0
2024,2,Genova,20-24,Pedestrian,1,1,0,1,0
2024,2,Genova,25-29,Driver,7,5,0,5,0
2024,2,Genova,25-29,Passenger,1,1,0,1,0
2024,2,Genova,25-29,Pedestrian,2,1,0,1,0
2024,2,Genova,30-44,Driver,14,11,1,10,1
2024,2,Genova,30-44,Passenger,3,3,0,3,0
2024,2,Genova,30-44,Pedestrian,2,1,0,1,0
2024,2,Genova,45-54,Driver,5,5,1,4,0
2024,2,Genova,45-54,Passenger,4,3,2,1,0
2024,2,Genova,45-54,Pedestrian,1,1,0,1,0
2024,2,Genova,55-59,Driver,6,3,0,3,0
2024,2,Genova,55-59,Passenger,3,2,0,2,0
2024,2,Genova,60-64,Driver,2,1,0,1,0
2024,2,Genova,60-64,Passenger,2,1,1,0,0
2024,2,Genova,65+,Driver,3,2,0,2,0
2024,3,Genova,18-20,Driver,4,3,1,2,0
2024,3,Genova,18-20,Passenger,1,1,0,1,0
2024,3,Genova,18-20,Pedestrian,2,2,0,2,0
2024,3,Genova,20-24,Driver,4,4,0,4,0
2024,3,Genova,20-24,Passenger,3,3,0,3,0
2024,3,Genova,20-24,Pedestrian,1,1,0,1,0
2024,3,Genova,25-29,Driver,4,3,0,3,0
2024,3,Genova,25-29,Passenger,1,1,1,0,0
2024,3,Genova,30-44,Driver,8,6,2,4,0
2024,3,Genova,30-44,Passenger,4,4,0,4,0
2024,3,Genova,45-54,Driver,8,8,0,8,1
2024,3,Genova,45-54,Passenger,4,2,0,2,0
2024,3,Genova,45-54,Pedestrian,3,2,0,2,0
2024,3,Genova,55-59,Driver,5,4,0,4,0
2024,3,Genova,55-59,Passenger,1,1,0,1,0
2024,3,Genova,60-64,Driver,3,2,0,2,0
2024,3,Genova,60-64,Passenger,1,1,0,1,0
2024,3,Genova,60-64,Pedestrian,1,0,0,0,0
2024,3,Genova,65+,Driver,3,2,1,1,0
2024,3,Genova,65+,Passenger,3,2,0,2,1
2024,4,Genova,18-20,Driver,5,3,0,3,0
2024,4,Genova,18-20,Pedestrian,1,1,0,1,0
2024,4,Genova,20-24,Driver,5,4,1,3,0
2024,4,Genova,20-24,Passenger,2,1,0,1,0
2024,4,Genova,20-24,Pedestrian,2,1,0,1,0
2024,4,Genova,25-29,Driver,4,2,2,0,0
2024,4,Genova,25-29,Passenger,2,1,0,1,0
2024,4,Genova,25-29,Pedestrian,1,1,0,1,0
2024,4,Genova,30-44,Driver,13,9,1,8,0
2024,4,Genova,30-44,Passenger,4,4,1,3,0
2024,4,Genova,30-44,Pedestrian,4,4,1,3,0
2024,4,Genova,45-54,Driver,6,6,3,3,0
2024,4,Genova,45-54,Passenger,4,2,0,2,0
2024,4,Genova,45-54,Pedestrian,1,1,0,1,0
2024,4,Genova,55-59,Driver,5,4,1,3,0
2024,4,Genova,55-59,Passenger,1,1,0,1,0
2024,4,Genova,60-64,Driver,5,4,1,3,0
2024,4,Genova,60-64,Passenger,1,1,0,1,0
2024,4,Genova,65+,Driver,1,0,0,0,0
2024,4,Genova,65+,Passenger,2,2,0,2,0
2024,5,Genova,18-20,Driver,2,2,0,2,0
2024,5,Genova,18-20,Passenger,1,1,0,1,0
2024,5,Genova,20-24,Driver,3,3,0,3,1
2024,5,Genova,25-29,Driver,3,3,0,3,0
2024,5,Genova,30-44,Driver,6,4,2,2,0
2024,5,Genova,30-44,Passenger,2,1,0,1,0
2024,5,Genova,30-44,Pedestrian,1,0,0,0,0
2024,5,Genova,45-54,Driver,10,8,3,5,0
2024,5,Genova,45-54,Passenger,2,1,0,1,0
2024,5,Genova,55-59,Driver,1,0,0,0,0
2024,5,Genova,60-64,Driver,1,1,0,1,0
2024,5,Genova,65+,Driver,2,2,0,2,0
2024,6,Genova,18-20,Driver,3,2,0,2,0
2024,6,Genova,18-20,Passenger,1,1,0,1,0
2024,6,Genova,20-24,Passenger,1,1,0,1,0
2024,6,Genova,25-29,Driver,2,1,0,1,0
2024,6,Genova,30-44,Driver,5,5,1,4,0
2024,6,Genova,45-54,Driver,5,5,1,4,0
2024,6,Genova,55-59,Driver,3,3,0,3,0
2024,6,Genova,60-64,Driver,1,1,0,1,0
2024,7,Genova,18-20,Driver,3,2,0,2,0
2024,7,Genova,18-20,Passenger,2,2,0,2,0
2024,7,Genova,20-24,Driver,6,5,0,5,0
2024,7,Genova,20-24,Passenger,3,1,1,0,0
2024,7,Genova,20-24,Pedestrian,1,1,0,1,0
2024,7,Genova,25-29,Driver,3,2,0,2,0
2024,7,Genova,25-29,Passenger,1,1,0,1,0
2024,7,Genova,25-29,Pedestrian,2,1,0,1,0
2024,7,Genova,30-44,Driver,10,7,1,6,0
2024,7,Genova,30-44,Passenger,3,3,1,2,0
2024,7,Genova,30-44,Pedestrian,2,2,0,2,0
2024,7,Genova,45-54,Driver,10,8,0,8,0
2024,7,Genova,45-54,Passenger,2,2,0,2,0
2024,7,Genova,45-54,Pedestrian,2,2,1,1,0
2024,7,Genova,55-59,Driver,4,4,0,4,0
2024,7,Genova,55-59,Passenger,1,0,0,0,0
2024,7,Genova,60-64,Driver,4,4,2,2,0
2024,7,Genova,60-64,Passenger,1,1,0,1,0
2024,7,Genova,65+,Driver,3,3,1,2,0
2024,8,Genova,18-20,Driver,4,3,0,3,0
2024,8,Genova,20-24,Driver,2,2,0,2,0
2024,8,Genova,20-24,Passenger,4,3,0,3,0
2024,8,Genova,20-24,Pedestrian,1,1,0,1,0
2024,8,Genova,25-29,Driver,2,2,1,1,0
2024,8,Genova,25-29,Passenger,1,1,1,0,0
2024,8,Genova,30-44,Driver,7,6,2,4,0
2024,8,Genova,30-44,Passenger,1,1,0,1,0
2024,8,Genova,30-44,Pedestrian,3,3,0,3,0
2024,8,Genova,45-54,Driver,5,5,0,5,0
2024,8,Genova,45-54,Passenger,3,2,0,2,0
2024,8,Genova,45-54,Pedestrian,2,1,0,1,0
2024,8,Genova,55-59,Driver,2,2,0,2,0
2024,8,Genova,55-59,Passenger,2,1,1,0,0
2024,8,Genova,60-64,Driver,5,4,0,4,0
2024,8,Genova,60-64,Passenger,3,2,1,1,0
2024,8,Genova,65+,Pedestrian,1,1,0,1,0
2024,9,Genova,18-20,Driver,7,5,1,4,0
2024,9,Genova,18-20,Pedestrian,1,1,1,0,0
2024,9,Genova,20-24,Driver,8,6,0,6,0
2024,9,Genova,20-24,Passenger,2,2,0,2,0
2024,9,Genova,20-24,Pedestrian,1,1,0,1,0
2024,9,Genova,25-29,Driver,5,3,2,1,0
2024,9,Genova,25-29,Passenger,2,2,0,2,0
2024,9,Genova,25-29,Pedestrian,1,1,0,1,0
2024,9,Genova,30-44,Driver,11,8,2,6,0
2024,9,Genova,30-44,Passenger,4,2,1,1,0
2024,9,Genova,30-44,Pedestrian,2,2,1,1,0
2024,9,Genova,45-54,Driver,8,7,2,5,0
2024,9,Genova,45-54,Passenger,3,2,0,2,0
2024,9,Genova,45-54,Pedestrian,1,0,0,0,0
2024,9,Genova,55-59,Driver,3,3,2,1,0
2024,9,Genova,55-59,Passenger,2,2,0,2,0
2024,9,Genova,55-59,Pedestrian,1,1,0,1,0
2024,9,Genova,60-64,Driver,2,2,1,1,0
2024,9,Genova,60-64,Passenger,3,3,1,2,0
2024,9,Genova,65+,Driver,3,3,1,2,0
2024,10,Genova,18-20,Driver,2,2,0,2,0
2024,10,Genova,20-24,Driver,1,1,1,0,0
2024,10,Genova,25-29,Driver,2,1,0,1,0
2024,10,Genova,25-29,Passenger,1,1,1,0,0
2024,10,Genova,30-44,Driver,6,3,1,2,1
2024,10,Genova,30-44,Passenger,1,0,0,0,0
2024,10,Genova,30-44,Pedestrian,2,2,1,1,0
2024,10,Genova,45-54,Driver,6,4,0,4,0
2024,10,Genova,45-54,Passenger,3,2,0,2,0
2024,10,Genova,45-54,Pedestrian,1,1,1,0,0
2024,10,Genova,55-59,Driver,3,3,0,3,0
2024,10,Genova,55-59,Passenger,1,1,0,1,0
2024,10,Genova,60-64,Driver,1,1,0,1,0
2024,10,Genova,60-64,Passenger,1,1,0,1,0
2024,10,Genova,65+,Driver,2,2,1,1,0
2024,11,Genova,18-20,Driver,3,2,1,1,0
2024,11,Genova,18-20,Passenger,2,2,0,2,0
2024,11,Genova,20-24,Driver,2,2,0,2,0
2024,11,Genova,20-24,Passenger,2,2,0,2,0
2024,11,Genova,20-24,Pedestrian,2,2,0,2,0
2024,11,Genova,25-29,Driver,5,5,2,3,0
2024,11,Genova,25-29,Passenger,2,1,0,1,0
2024,11,Genova,30-44,Driver,6,5,0,5,0
2024,11,Genova,30-44,Passenger,2,2,1,1,0
2024,11,Genova,30-44,Pedestrian,1,1,0,1,0
2024,11,Genova,45-54,Driver,12,9,3,6,0
2024,11,Genova,45-54,Passenger,2,2,1,1,0
2024,11,Genova,45-54,Pedestrian,1,1,1,0,0
2024,11,Genova,55-59,Passenger,1,1,0,1,0
2024,11,Genova,55-59,Pedestrian,1,1,0,1,0
2024,11,Genova,60-64,Driver,1,1,0,1,0
2024,12,Genova,18-20,Driver,10,8,1,7,0
2024,12,Genova,18-20,Passenger,2,2,0,2,0
2024,12,Genova,18-20,Pedestrian,1,1,0,1,0
2024,12,Genova,20-24,Driver,14,11,2,9,0
2024,12,Genova,20-24,Passenger,2,1,0,1,0
2024,12,Genova,25-29,Driver,9,9,2,7,0
2024,12,Genova,25-29,Passenger,3,2,1,1,0
2024,12,Genova,30-44,Driver,18,18,4,14,0
2024,12,Genova,30-44,Passenger,4,4,1,3,0
2024,12,Genova,30-44,Pedestrian,1,1,0,1,0
2024,12,Genova,45-54,Driver,6,6,2,4,0
2024,12,Genova,45-54,Passenger,3,2,0,2,0
2024,12,Genova,45-54,Pedestrian,1,1,0,1,0
2024,12,Genova,55-59,Driver,7,7,2,5,0
2024,12,Genova,55-59,Passenger,1,1,1,0,0
2024,12,Genova,55-59,Pedestrian,2,2,1,1,0
2024,12,Genova,60-64,Driver,2,1,0,1,0
2024,12,Genova,60-64,Passenger,2,0,0,0,0
2024,12,Genova,60-64,Pedestrian,1,1,1,0,0
2024,12,Genova,65+,Driver,6,3,0,3,0
2024,12,Genova,65+,Passenger,2,2,1,1,1
2024,12,Genova,65+,Pedestrian,1,1,0,1,0
2024,1,Gorizia,20-24,Pedestrian,1,1,1,0,0
2024,1,Gorizia,25-29,Driver,1,1,1,0,0
2024,1,Gorizia,30-44,Driver,1,1,0,1,0
2024,2,Gorizia,20-24,Driver,1,1,0,1,0
2024,2,Gorizia,30-44,Driver,1,1,0,1,0
2024,3,Gorizia,20-24,Driver,1,1,1,0,0
2024,3,Gorizia,25-29,Driver,1,1,0,1,0
2024,3,Gorizia,25-29,Passenger,1,0,0,0,0
2024,3,Gorizia,30-44,Driver,4,4,0,4,0
2024,3,Gorizia,45-54,Driver,1,1,0,1,0
2024,3,Gorizia,55-59,Driver,1,1,0,1,0
2024,3,Gorizia,65+,Driver,1,1,0,1,0
2024,4,Gorizia,20-24,Driver,2,2,1,1,0
2024,4,Gorizia,20-24,Passenger,1,1,0,1,0
2024,4,Gorizia,30-44,Driver,2,2,0,2,0
2024,4,Gorizia,30-44,Passenger,1,0,0,0,0
2024,4,Gorizia,45-54,Driver,3,3,0,3,0
2024,4,Gorizia,55-59,Driver,1,0,0,0,0
2024,4,Gorizia,60-64,Driver,1,0,0,0,0
2024,5,Gorizia,18-20,Passenger,1,0,0,0,0
2024,5,Gorizia,25-29,Driver,2,2,1,1,0
2024,5,Gorizia,30-44,Driver,4,4,1,3,0
2024,5,Gorizia,45-54,Driver,1,1,0,1,0
2024,5,Gorizia,45-54,Pedestrian,1,1,0,1,0
2024,5,Gorizia,55-59,Driver,1,1,1,0,0
2024,5,Gorizia,65+,Passenger,1,0,0,0,0
2024,6,Gorizia,18-20,Pedestrian,1,0,0,0,0
2024,6,Gorizia,20-24,Driver,1,0,0,0,0
2024,6,Gorizia,20-24,Pedestrian,1,1,0,1,0
2024,6,Gorizia,45-54,Driver,1,1,0,1,0
2024,6,Gorizia,45-54,Passenger,1,1,0,1,0
2024,6,Gorizia,60-64,Driver,1,1,1,0,0
2024,6,Gorizia,65+,Driver,1,1,0,1,0
2024,7,Gorizia,18-20,Driver,1,1,0,1,0
2024,7,Gorizia,20-24,Driver,2,2,1,1,0
2024,7,Gorizia,25-29,Pedestrian,1,1,0,1,0
2024,7,Gorizia,30-44,Driver,2,2,0,2,0
2024,7,Gorizia,45-54,Driver,1,0,0,0,0
2024,7,Gorizia,45-54,Pedestrian,1,1,0,1,0
2024,7,Gorizia,55-59,Driver,1,1,0,1,0
2024,8,Gorizia,25-29,Driver,1,1,0,1,0
2024,8,Gorizia,30-44,Driver,2,2,1,1,0
2024,8,Gorizia,30-44,Passenger,1,1,0,1,0
2024,8,Gorizia,45-54,Driver,1,1,0,1,0
2024,9,Gorizia,20-24,Passenger,1,0,0,0,0
2024,9,Gorizia,30-44,Driver,2,2,1,1,0
2024,9,Gorizia,30-44,Passenger,2,2,0,2,0
2024,9,Gorizia,55-59,Pedestrian,1,1,0,1,0
2024,10,Gorizia,18-20,Driver,2,2,0,2,0
2024,10,Gorizia,18-20,Passenger,1,1,0,1,0
2024,10,Gorizia,20-24,Driver,2,2,0,2,0
2024,10,Gorizia,20-24,Pedestrian,1,1,0,1,0
2024,10,Gorizia,30-44,Driver,3,2,0,2,0
2024,10,Gorizia,30-44,Passenger,1,1,0,1,0
2024,10,Gorizia,45-54,Driver,1,1,1,0,0
2024,10,Gorizia,45-54,Passenger,1,1,1,0,0
2024,10,Gorizia,45-54,Pedestrian,1,1,0,1,0
2024,10,Gorizia,55-59,Driver,2,1,0,1,0
2024,10,Gorizia,60-64,Pedestrian,1,1,1,0,0
2024,10,Gorizia,65+,Driver,1,1,0,1,0
2024,10,Gorizia,65+,Passenger,2,2,1,1,0
2024,11,Gorizia,20-24,Passenger,1,0,0,0,0
2024,11,Gorizia,25-29,Driver,2,2,0,2,0
2024,11,Gorizia,30-44,Driver,2,2,1,1,0
2024,11,Gorizia,45-54,Driver,1,1,1,0,0
2024,11,Gorizia,55-59,Driver,2,0,0,0,0
2024,11,Gorizia,65+,Driver,1,0,0,0,0
2024,12,Gorizia,18-20,Driver,1,1,0,1,0
2024,12,Gorizia,20-24,Driver,1,1,0,1,0
2024,12,Gorizia,25-29,Driver,1,1,0,1,0
2024,12,Gorizia,30-44,Driver,1,1,0,1,0
2024,12,Gorizia,30-44,Passenger,1,1,0,1,0
2024,12,Gorizia,60-64,Passenger,1,0,0,0,0
2024,1,Grosseto,18-20,Driver,2,2,0,2,0
2024,1,Grosseto,20-24,Passenger,1,1,0,1,0
2024,1,Grosseto,25-29,Driver,1,1,0,1,0
2024,1,Grosseto,25-29,Passenger,1,1,0,1,0
2024,1,Grosseto,30-44,Driver,1,1,0,1,0
2024,1,Grosseto,45-54,Driver,3,2,0,2,0
2024,1,Grosseto,55-59,Driver,3,3,0,3,0
2024,1,Grosseto,60-64,Driver,1,1,0,1,0
2024,1,Grosseto,60-64,Passenger,1,0,0,0,0
2024,2,Grosseto,25-29,Passenger,1,1,0,1,0
2024,2,Grosseto,45-54,Driver,1,1,0,1,0
2024,2,Grosseto,60-64,Passenger,1,1,1,0,0
2024,2,Grosseto,65+,Driver,1,1,0,1,0
2024,3,Grosseto,18-20,Driver,1,1,0,1,0
2024,3,Grosseto,30-44,Driver,1,0,0,0,0
2024,3,Grosseto,30-44,Passenger,2,1,0,1,0
2024,3,Grosseto,30-44,Pedestrian,1,1,0,1,0
2024,3,Grosseto,45-54,Driver,3,3,0,3,0
2024,3,Grosseto,45-54,Pedestrian,1,1,0,1,0
2024,3,Grosseto,55-59,Driver,1,1,0,1,0
2024,3,Grosseto,60-64,Driver,1,0,0,0,0
2024,3,Grosseto,65+,Passenger,1,1,0,1,0
2024,4,Grosseto,20-24,Driver,3,2,1,1,0
2024,4,Grosseto,25-29,Driver,1,1,0,1,0
2024,4,Grosseto,25-29,Passenger,1,1,0,1,0
2024,4,Grosseto,30-44,Driver,5,5,2,3,0
2024,4,Grosseto,30-44,Pedestrian,1,0,0,0,0
2024,4,Grosseto,45-54,Driver,2,2,0,2,0
2024,4,Grosseto,45-54,Passenger,1,1,0,1,0
2024,4,Grosseto,45-54,Pedestrian,1,0,0,0,0
2024,4,Grosseto,55-59,Driver,1,1,0,1,0
2024,4,Grosseto,55-59,Passenger,1,0,0,0,0
2024,4,Grosseto,60-64,Passenger,1,1,0,1,0
2024,5,Grosseto,20-24,Driver,2,2,0,2,0
2024,5,Grosseto,25-29,Driver,1,1,0,1,0
2024,5,Grosseto,25-29,Pedestrian,1,0,0,0,0
2024,5,Grosseto,30-44,Driver,2,1,0,1,0
2024,5,Grosseto,30-44,Passenger,1,1,0,1,0
2024,5,Grosseto,30-44,Pedestrian,1,1,0,1,0
2024,5,Grosseto,60-64,Driver,1,1,1,0,0
2024,5,Grosseto,65+,Driver,1,1,1,0,0
2024,5,Grosseto,65+,Pedestrian,1,1,0,1,0
2024,6,Grosseto,18-20,Driver,1,1,0,1,0
2024,6,Grosseto,20-24,Driver,2,1,0,1,0
2024,6,Grosseto,25-29,Driver,4,3,1,2,0
2024,6,Grosseto,30-44,Driver,4,3,0,3,0
2024,6,Grosseto,45-54,Driver,3,3,2,1,0
2024,6,Grosseto,45-54,Passenger,1,0,0,0,0
2024,6,Grosseto,45-54,Pedestrian,2,2,0,2,0
2024,6,Grosseto,55-59,Passenger,1,1,0,1,0
2024,7,Grosseto,18-20,Driver,5,4,1,3,0
2024,7,Grosseto,25-29,Driver,3,3,0,3,0
2024,7,Grosseto,30-44,Driver,2,1,1,0,0
2024,7,Grosseto,30-44,Passenger,2,0,0,0,0
2024,7,Grosseto,30-44,Pedestrian,1,1,0,1,0
2024,7,Grosseto,45-54,Driver,2,1,0,1,0
2024,7,Grosseto,45-54,Pedestrian,1,1,0,1,0
2024,7,Grosseto,55-59,Driver,2,2,0,2,0
2024,7,Grosseto,55-59,Passenger,1,1,0,1,0
2024,7,Grosseto,60-64,Passenger,1,0,0,0,0
2024,8,Grosseto,18-20,Driver,1,1,0,1,0
2024,8,Grosseto,20-24,Driver,1,0,0,0,0
2024,8,Grosseto,30-44,Driver,2,2,0,2,1
2024,8,Grosseto,45-54,Driver,1,1,0,1,0
2024,8,Grosseto,45-54,Pedestrian,1,1,0,1,0
2024,8,Grosseto,60-64,Driver,1,1,0,1,0
2024,8,Grosseto,65+,Passenger,1,0,0,0,0
2024,9,Grosseto,18-20,Driver,1,1,0,1,0
2024,9,Grosseto,18-20,Passenger,1,1,1,0,0
2024,9,Grosseto,20-24,Driver,1,1,0,1,0
2024,9,Grosseto,20-24,Passenger,1,1,0,1,0
2024,9,Grosseto,20-24,Pedestrian,1,1,1,0,0
2024,9,Grosseto,25-29,Driver,2,1,1,0,0
2024,9,Grosseto,30-44,Driver,1,1,1,0,0
2024,9,Grosseto,45-54,Driver,3,3,1,2,0
2024,9,Grosseto,45-54,Pedestrian,3,3,0,3,0
2024,9,Grosseto,60-64,Driver,2,2,0,2,0
2024,9,Grosseto,65+,Driver,1,1,0,1,0
2024,10,Grosseto,30-44,Driver,1,1,1,0,0
2024,11,Grosseto,18-20,Driver,1,1,0,1,0
2024,11,Grosseto,30-44,Passenger,1,1,0,1,0
2024,11,Grosseto,45-54,Driver,1,0,0,0,0
2024,11,Grosseto,45-54,Passenger,1,1,0,1,0
2024,11,Grosseto,55-59,Pedestrian,1,1,0,1,0
2024,11,Grosseto,60-64,Driver,1,0,0,0,0
2024,11,Grosseto,65+,Passenger,1,0,0,0,0
2024,12,Grosseto,20-24,Driver,1,1,0,1,0
2024,12,Grosseto,25-29,Driver,1,1,0,1,0
2024,12,Grosseto,30-44,Driver,3,2,0,2,0
2024,12,Grosseto,30-44,Passenger,1,1,1,0,0
2024,12,Grosseto,45-54,Passenger,1,0,0,0,0
2024,1,Imperia,18-20,Driver,1,1,0,1,0
2024,1,Imperia,20-24,Passenger,1,1,1,0,0
2024,1,Imperia,25-29,Driver,1,1,0,1,0
2024,1,Imperia,30-44,Driver,2,2,0,2,0
2024,1,Imperia,30-44,Passenger,1,0,0,0,0
2024,1,Imperia,45-54,Passenger,1,1,0,1,0
2024,1,Imperia,60-64,Driver,1,0,0,0,0
2024,2,Imperia,18-20,Driver,1,1,0,1,0
2024,2,Imperia,25-29,Driver,1,1,0,1,0
2024,2,Imperia,25-29,Pedestrian,1,1,0,1,0
2024,2,Imperia,30-44,Driver,1,1,0,1,0
2024,2,Imperia,45-54,Passenger,1,1,0,1,0
2024,2,Imperia,55-59,Driver,1,1,0,1,0
2024,2,Imperia,60-64,Passenger,1,1,0,1,0
2024,3,Imperia,18-20,Driver,2,2,0,2,0
2024,3,Imperia,18-20,Pedestrian,1,1,0,1,0
2024,3,Imperia,25-29,Driver,2,2,0,2,0
2024,3,Imperia,30-44,Driver,2,1,0,1,0
2024,3,Imperia,30-44,Passenger,1,0,0,0,0
2024,3,Imperia,45-54,Driver,2,2,0,2,0
2024,3,Imperia,45-54,Passenger,2,2,1,1,0
2024,3,Imperia,60-64,Driver,1,1,1,0,0
2024,3,Imperia,65+,Driver,1,1,0,1,0
2024,4,Imperia,20-24,Passenger,2,2,0,2,0
2024,4,Imperia,25-29,Driver,1,1,1,0,0
2024,4,Imperia,30-44,Driver,1,1,0,1,0
2024,4,Imperia,55-59,Driver,1,0,0,0,0
2024,4,Imperia,60-64,Driver,1,0,0,0,0
2024,4,Imperia,60-64,Passenger,2,2,2,0,0
2024,5,Imperia,18-20,Driver,1,1,0,1,0
2024,5,Imperia,18-20,Passenger,1,1,0,1,0
2024,5,Imperia,20-24,Driver,1,1,0,1,0
2024,5,Imperia,20-24,Passenger,1,0,0,0,0
2024,5,Imperia,30-44,Driver,1,1,1,0,0
2024,5,Imperia,30-44,Passenger,1,1,1,0,0
2024,5,Imperia,30-44,Pedestrian,1,1,0,1,0
2024,5,Imperia,45-54,Driver,1,1,0,1,0
2024,5,Imperia,55-59,Pedestrian,1,1,0,1,0
2024,5,Imperia,60-64,Passenger,1,1,0,1,0
2024,5,Imperia,65+,Passenger,2,1,0,1,0
2024,6,Imperia,18-20,Driver,2,2,1,1,0
2024,6,Imperia,20-24,Pedestrian,1,1,1,0,0
2024,6,Imperia,25-29,Driver,1,0,0,0,0
2024,6,Imperia,30-44,Driver,2,2,0,2,0
2024,6,Imperia,65+,Driver,1,1,0,1,0
2024,6,Imperia,65+,Passenger,1,1,0,1,0
2024,7,Imperia,20-24,Driver,3,2,1,1,0
2024,7,Imperia,20-24,Passenger,1,1,1,0,0
2024,7,Imperia,20-24,Pedestrian,1,1,0,1,0
2024,7,Imperia,25-29,Driver,3,2,0,2,0
2024,7,Imperia,30-44,Driver,5,5,2,3,0
2024,7,Imperia,30-44,Passenger,1,1,0,1,0
2024,7,Imperia,30-44,Pedestrian,1,1,0,1,0
2024,7,Imperia,45-54,Driver,2,2,0,2,0
2024,7,Imperia,55-59,Driver,2,2,0,2,0
2024,7,Imperia,55-59,Passenger,1,0,0,0,0
2024,7,Imperia,65+,Driver,1,1,0,1,0
2024,8,Imperia,20-24,Driver,1,1,0,1,0
2024,8,Imperia,30-44,Passenger,1,1,0,1,0
2024,8,Imperia,45-54,Pedestrian,1,1,0,1,0
2024,8,Imperia,55-59,Driver,1,1,0,1,0
2024,8,Imperia,65+,Driver,1,1,0,1,0
2024,9,Imperia,18-20,Driver,2,1,0,1,0
2024,9,Imperia,18-20,Passenger,1,0,0,0,0
2024,9,Imperia,20-24,Driver,2,1,0,1,0
2024,9,Imperia,25-29,Driver,2,1,0,1,0
2024,9,Imperia,30-44,Driver,2,1,0,1,0
2024,9,Imperia,30-44,Passenger,2,2,0,2,0
2024,9,Imperia,30-44,Pedestrian,1,1,1,0,0
2024,9,Imperia,45-54,Driver,4,3,0,3,0
2024,9,Imperia,45-54,Passenger,1,1,0,1,0
2024,9,Imperia,55-59,Driver,2,1,1,0,0
2024,9,Imperia,55-59,Passenger,1,1,1,0,0
2024,9,Imperia,55-59,Pedestrian,1,1,0,1,0
2024,9,Imperia,60-64,Driver,2,2,0,2,0
2024,9,Imperia,65+,Driver,1,0,0,0,0
2024,10,Imperia,18-20,Driver,2,2,0,2,0
2024,10,Imperia,20-24,Passenger,2,1,1,0,0
2024,10,Imperia,20-24,Pedestrian,1,1,0,1,0
2024,10,Imperia,25-29,Driver,1,1,0,1,0
2024,10,Imperia,30-44,Passenger,2,2,0,2,0
2024,10,Imperia,45-54,Driver,1,1,0,1,0
2024,11,Imperia,18-20,Driver,2,2,1,1,0
2024,11,Imperia,25-29,Passenger,2,2,0,2,0
2024,11,Imperia,45-54,Passenger,1,1,0,1,0
2024,11,Imperia,60-64,Driver,1,1,0,1,0
2024,12,Imperia,18-20,Driver,1,0,0,0,0
2024,12,Imperia,30-44,Driver,1,1,1,0,0
2024,12,Imperia,30-44,Passenger,2,1,0,1,0
2024,12,Imperia,30-44,Pedestrian,1,1,1,0,0
2024,12,Imperia,45-54,Driver,1,1,0,1,0
2024,12,Imperia,45-54,Passenger,1,1,1,0,0
2024,12,Imperia,55-59,Driver,2,2,2,0,0
2024,1,Isernia,25-29,Driver,1,1,0,1,0
2024,2,Isernia,30-44,Driver,2,1,0,1,0
2024,2,Isernia,30-44,Passenger,1,1,0,1,0
2024,2,Isernia,45-54,Driver,1,1,0,1,0
2024,2,Isernia,45-54,Passenger,1,1,1,0,0
2024,3,Isernia,20-24,Driver,1,1,0,1,0
2024,3,Isernia,25-29,Driver,1,1,1,0,0
2024,3,Isernia,60-64,Driver,1,1,0,1,0
2024,4,Isernia,18-20,Driver,1,1,0,1,0
2024,5,Isernia,45-54,Driver,1,1,0,1,0
2024,5,Isernia,45-54,Passenger,1,1,0,1,0
2024,5,Isernia,60-64,Pedestrian,1,1,0,1,0
2024,6,Isernia,20-24,Driver,2,2,0,2,0
2024,7,Isernia,45-54,Driver,1,1,0,1,0
2024,8,Isernia,18-20,Driver,1,1,0,1,0
2024,8,Isernia,20-24,Passenger,1,0,0,0,0
2024,8,Isernia,30-44,Driver,2,2,0,2,0
2024,8,Isernia,45-54,Driver,2,1,0,1,0
2024,8,Isernia,55-59,Driver,1,1,0,1,0
2024,9,Isernia,30-44,Driver,1,1,1,0,0
2024,10,Isernia,25-29,Driver,1,1,0,1,0
2024,10,Isernia,45-54,Driver,1,1,0,1,0
2024,10,Isernia,55-59,Driver,1,0,0,0,0
2024,10,Isernia,65+,Driver,1,1,1,0,0
2024,11,Isernia,45-54,Pedestrian,1,1,0,1,0
2024,12,Isernia,30-44,Driver,1,1,0,1,0
2024,12,Isernia,30-44,Pedestrian,1,1,0,1,0
2024,1,L'Aquila,25-29,Driver,1,1,0,1,0
2024,1,L'Aquila,30-44,Driver,1,1,0,1,0
2024,2,L'Aquila,18-20,Driver,2,1,1,0,0
2024,2,L'Aquila,20-24,Driver,3,2,0,2,0
2024,2,L'Aquila,20-24,Passenger,2,2,0,2,0
2024,2,L'Aquila,20-24,Pedestrian,1,1,0,1,0
2024,2,L'Aquila,25-29,Driver,2,2,0,2,0
2024,2,L'Aquila,25-29,Pedestrian,1,1,0,1,0
2024,2,L'Aquila,30-44,Driver,7,6,0,6,0
2024,2,L'Aquila,45-54,Driver,2,2,0,2,0
2024,2,L'Aquila,55-59,Driver,1,1,1,0,0
2024,2,L'Aquila,60-64,Driver,2,2,1,1,1
2024,2,L'Aquila,65+,Passenger,1,1,0,1,0
2024,3,L'Aquila,18-20,Driver,1,1,0,1,0
2024,3,L'Aquila,25-29,Driver,1,1,0,1,0
2024,3,L'Aquila,25-29,Passenger,2,2,0,2,0
2024,3,L'Aquila,30-44,Driver,1,0,0,0,0
2024,3,L'Aquila,45-54,Driver,2,1,1,0,0
2024,3,L'Aquila,45-54,Passenger,4,2,1,1,0
2024,3,L'Aquila,45-54,Pedestrian,1,1,0,1,0
2024,3,L'Aquila,55-59,Driver,2,2,1,1,0
2024,3,L'Aquila,55-59,Passenger,2,1,1,0,0
2024,3,L'Aquila,60-64,Driver,1,1,0,1,0
2024,4,L'Aquila,18-20,Driver,1,1,1,0,0
2024,4,L'Aquila,18-20,Passenger,1,0,0,0,0
2024,4,L'Aquila,20-24,Passenger,1,1,0,1,0
2024,4,L'Aquila,25-29,Driver,2,1,0,1,0
2024,4,L'Aquila,25-29,Passenger,1,0,0,0,0
2024,4,L'Aquila,25-29,Pedestrian,1,1,1,0,0
2024,4,L'Aquila,30-44,Driver,4,4,1,3,0
2024,4,L'Aquila,45-54,Driver,3,2,1,1,0
2024,4,L'Aquila,45-54,Passenger,1,1,0,1,0
2024,4,L'Aquila,55-59,Driver,1,1,0,1,0
2024,4,L'Aquila,65+,Driver,1,1,0,1,0
2024,5,L'Aquila,18-20,Driver,1,1,1,0,0
2024,5,L'Aquila,20-24,Driver,2,1,0,1,0
2024,5,L'Aquila,30-44,Driver,2,1,0,1,0
2024,5,L'Aquila,30-44,Passenger,1,0,0,0,0
2024,5,L'Aquila,30-44,Pedestrian,1,1,0,1,0
2024,5,L'Aquila,55-59,Driver,2,2,1,1,0
2024,5,L'Aquila,60-64,Passenger,1,0,0,0,0
2024,5,L'Aquila,65+,Driver,1,0,0,0,0
2024,6,L'Aquila,18-20,Driver,1,1,0,1,0
2024,6,L'Aquila,25-29,Driver,1,0,0,0,0
2024,6,L'Aquila,30-44,Driver,2,1,0,1,0
2024,7,L'Aquila,18-20,Driver,1,0,0,0,0
2024,7,L'Aquila,18-20,Passenger,2,1,0,1,0
2024,7,L'Aquila,20-24,Driver,4,4,0,4,0
2024,7,L'Aquila,25-29,Driver,1,1,0,1,0
2024,7,L'Aquila,30-44,Driver,4,4,0,4,0
2024,7,L'Aquila,30-44,Passenger,2,2,0,2,0
2024,7,L'Aquila,45-54,Driver,2,2,0,2,0
2024,7,L'Aquila,55-59,Driver,2,2,1,1,0
2024,7,L'Aquila,55-59,Passenger,1,1,0,1,0
2024,7,L'Aquila,60-64,Driver,1,1,1,0,0
2024,7,L'Aquila,65+,Pedestrian,1,0,0,0,0
2024,8,L'Aquila,18-20,Driver,2,2,1,1,0
2024,8,L'Aquila,20-24,Driver,2,2,1,1,0
2024,8,L'Aquila,25-29,Driver,1,1,0,1,0
2024,8,L'Aquila,30-44,Driver,6,4,1,3,0
2024,8,L'Aquila,30-44,Pedestrian,1,1,0,1,0
2024,8,L'Aquila,45-54,Passenger,2,1,0,1,0
2024,8,L'Aquila,55-59,Driver,2,2,0,2,0
2024,8,L'Aquila,60-64,Passenger,1,1,0,1,0
2024,9,L'Aquila,20-24,Driver,1,1,0,1,0
2024,9,L'Aquila,45-54,Driver,1,1,0,1,0
2024,10,L'Aquila,18-20,Pedestrian,1,1,0,1,0
2024,10,L'Aquila,20-24,Driver,1,0,0,0,0
2024,10,L'Aquila,20-24,Pedestrian,1,1,0,1,0
2024,10,L'Aquila,25-29,Driver,1,1,0,1,0
2024,10,L'Aquila,25-29,Pedestrian,1,1,0,1,0
2024,10,L'Aquila,30-44,Driver,2,2,0,2,0
2024,10,L'Aquila,30-44,Passenger,2,2,0,2,0
2024,10,L'Aquila,30-44,Pedestrian,1,1,0,1,0
2024,10,L'Aquila,45-54,Driver,1,1,0,1,0
2024,10,L'Aquila,45-54,Passenger,2,2,0,2,0
2024,10,L'Aquila,45-54,Pedestrian,1,1,0,1,0
2024,10,L'Aquila,65+,Driver,2,2,1,1,0
2024,10,L'Aquila,65+,Passenger,1,1,0,1,0
2024,11,L'Aquila,18-20,Passenger,1,0,0,0,0
2024,11,L'Aquila,20-24,Driver,3,2,0,2,0
2024,11,L'Aquila,25-29,Driver,1,1,0,1,0
2024,11,L'Aquila,25-29,Passenger,1,1,0,1,0
2024,11,L'Aquila,25-29,Pedestrian,1,1,0,1,0
2024,11,L'Aquila,30-44,Driver,5,4,1,3,0
2024,11,L'Aquila,30-44,Passenger,1,1,0,1,0
2024,11,L'Aquila,45-54,Driver,1,1,0,1,0
2024,11,L'Aquila,45-54,Passenger,2,2,0,2,0
2024,11,L'Aquila,60-64,Passenger,1,0,0,0,0
2024,11,L'Aquila,65+,Driver,2,2,0,2,0
2024,12,L'Aquila,18-20,Driver,1,0,0,0,0
2024,12,L'Aquila,18-20,Passenger,1,1,0,1,0
2024,12,L'Aquila,20-24,Driver,3,3,0,3,0
2024,12,L'Aquila,25-29,Driver,2,2,1,1,0
2024,12,L'Aquila,30-44,Driver,1,1,0,1,0
2024,12,L'Aquila,45-54,Driver,2,2,2,0,0
2024,12,L'Aquila,45-54,Pedestrian,2,0,0,0,0
2024,12,L'Aquila,55-59,Driver,1,1,0,1,0
2024,1,La Spezia,20-24,Driver,1,1,0,1,0
2024,1,La Spezia,20-24,Passenger,1,1,1,0,0
2024,1,La Spezia,25-29,Driver,3,2,0,2,0
2024,1,La Spezia,30-44,Driver,1,0,0,0,0
2024,1,La Spezia,30-44,Passenger,2,2,1,1,0
2024,1,La Spezia,45-54,Driver,1,1,1,0,0
2024,1,La Spezia,65+,Passenger,1,1,0,1,0
2024,2,La Spezia,25-29,Passenger,1,1,0,1,0
2024,2,La Spezia,30-44,Driver,1,0,0,0,0
2024,2,La Spezia,45-54,Driver,1,1,0,1,0
2024,2,La Spezia,45-54,Passenger,1,1,0,1,0
2024,3,La Spezia,18-20,Driver,1,1,0,1,0
2024,3,La Spezia,18-20,Pedestrian,1,1,0,1,0
2024,3,La Spezia,20-24,Driver,2,1,0,1,0
2024,3,La Spezia,30-44,Driver,3,1,0,1,0
2024,3,La Spezia,30-44,Passenger,3,2,1,1,0
2024,3,La Spezia,30-44,Pedestrian,1,1,0,1,0
2024,3,La Spezia,45-54,Driver,1,1,0,1,0
2024,3,La Spezia,55-59,Driver,4,3,0,3,0
2024,3,La Spezia,55-59,Passenger,1,1,0,1,0
2024,3,La Spezia,60-64,Driver,1,1,0,1,0
2024,3,La Spezia,60-64,Passenger,1,1,0,1,0
2024,3,La Spezia,65+,Driver,2,2,0,2,0
2024,4,La Spezia,18-20,Driver,2,2,0,2,0
2024,4,La Spezia,18-20,Passenger,1,1,0,1,0
2024,4,La Spezia,20-24,Passenger,3,3,0,3,1
2024,4,La Spezia,25-29,Driver,6,5,2,3,1
2024,4,La Spezia,25-29,Passenger,1,1,1,0,0
2024,4,La Spezia,30-44,Driver,6,5,1,4,0
2024,4,La Spezia,30-44,Pedestrian,1,1,1,0,0
2024,4,La Spezia,45-54,Driver,9,8,1,7,0
2024,4,La Spezia,45-54,Passenger,3,3,0,3,0
2024,4,La Spezia,55-59,Driver,1,0,0,0,0
2024,4,La Spezia,55-59,Passenger,2,1,0,1,0
2024,4,La Spezia,55-59,Pedestrian,1,1,0,1,0
2024,4,La Spezia,60-64,Passenger,1,0,0,0,0
2024,4,La Spezia,65+,Driver,1,1,0,1,0
2024,4,La Spezia,65+,Passenger,1,0,0,0,0
2024,5,La Spezia,18-20,Driver,1,1,0,1,0
2024,5,La Spezia,20-24,Driver,1,1,0,1,0
2024,5,La Spezia,30-44,Driver,1,0,0,0,0
2024,5,La Spezia,30-44,Passenger,1,0,0,0,0
2024,5,La Spezia,55-59,Driver,1,1,0,1,0
2024,5,La Spezia,60-64,Pedestrian,1,1,0,1,0
2024,6,La Spezia,18-20,Driver,1,1,0,1,0
2024,6,La Spezia,18-20,Passenger,1,0,0,0,0
2024,6,La Spezia,20-24,Driver,1,1,0,1,0
2024,6,La Spezia,25-29,Driver,4,4,0,4,0
2024,6,La Spezia,25-29,Passenger,1,1,0,1,0
2024,6,La Spezia,25-29,Pedestrian,1,1,0,1,0
2024,6,La Spezia,30-44,Driver,1,1,0,1,0
2024,6,La Spezia,30-44,Passenger,2,1,0,1,0
2024,6,La Spezia,45-54,Driver,1,1,0,1,0
2024,6,La Spezia,55-59,Driver,2,1,0,1,0
2024,6,La Spezia,55-59,Passenger,1,1,0,1,0
2024,6,La Spezia,65+,Driver,1,1,0,1,0
2024,7,La Spezia,20-24,Driver,3,2,0,2,0
2024,7,La Spezia,20-24,Pedestrian,1,1,0,1,0
2024,7,La Spezia,25-29,Passenger,1,1,1,0,0
2024,7,La Spezia,30-44,Driver,2,2,0,2,0
2024,7,La Spezia,45-54,Driver,2,1,1,0,0
2024,7,La Spezia,55-59,Driver,2,1,0,1,0
2024,7,La Spezia,55-59,Passenger,1,1,0,1,0
2024,7,La Spezia,55-59,Pedestrian,1,1,0,1,0
2024,7,La Spezia,65+,Driver,1,1,0,1,0
2024,7,La Spezia,65+,Passenger,1,1,0,1,0
2024,8,La Spezia,18-20,Driver,1,1,0,1,0
2024,8,La Spezia,20-24,Driver,3,3,1,2,0
2024,8,La Spezia,25-29,Driver,2,1,0,1,0
2024,8,La Spezia,30-44,Driver,3,2,0,2,0
2024,8,La Spezia,45-54,Driver,1,0,0,0,0
2024,8,La Spezia,55-59,Driver,2,1,1,0,0
2024,8,La Spezia,60-64,Driver,1,1,0,1,0
2024,8,La Spezia,65+,Driver,1,0,0,0,0
2024,8,La Spezia,65+,Pedestrian,1,1,0,1,0
2024,9,La Spezia,18-20,Driver,2,2,1,1,0
2024,9,La Spezia,20-24,Driver,1,1,0,1,0
2024,9,La Spezia,20-24,Passenger,1,1,1,0,0
2024,9,La Spezia,25-29,Driver,4,2,0,2,0
2024,9,La Spezia,30-44,Driver,3,3,1,2,0
2024,9,La Spezia,45-54,Driver,2,1,0,1,0
2024,9,La Spezia,45-54,Passenger,1,1,0,1,0
2024,9,La Spezia,55-59,Driver,1,1,0,1,0
2024,9,La Spezia,65+,Pedestrian,2,2,0,2,0
2024,10,La Spezia,20-24,Passenger,2,2,0,2,0
2024,10,La Spezia,30-44,Driver,3,1,1,0,0
2024,10,La Spezia,30-44,Passenger,1,1,1,0,0
2024,10,La Spezia,45-54,Driver,4,2,0,2,0
2024,10,La Spezia,45-54,Passenger,1,1,0,1,0
2024,10,La Spezia,55-59,Driver,1,1,0,1,0
2024,10,La Spezia,60-64,Driver,1,1,0,1,0
2024,10,La Spezia,60-64,Passenger,1,0,0,0,0
2024,10,La Spezia,65+,Driver,1,1,0,1,0
2024,11,La Spezia,18-20,Driver,2,1,0,1,0
2024,11,La Spezia,25-29,Driver,2,1,0,1,0
2024,11,La Spezia,30-44,Driver,2,2,1,1,0
2024,11,La Spezia,45-54,Driver,3,3,0,3,0
2024,11,La Spezia,55-59,Driver,1,0,0,0,0
2024,11,La Spezia,65+,Driver,2,2,0,2,0
2024,12,La Spezia,18-20,Driver,1,1,0,1,0
2024,12,La Spezia,18-20,Pedestrian,1,1,0,1,0
2024,12,La Spezia,20-24,Passenger,1,1,0,1,0
2024,12,La Spezia,25-29,Driver,1,1,1,0,0
2024,12,La Spezia,25-29,Passenger,1,1,0,1,0
2024,12,La Spezia,30-44,Driver,5,4,1,3,0
2024,12,La Spezia,30-44,Passenger,5,4,0,4,0
2024,12,La Spezia,45-54,Driver,3,2,0,2,0
2024,12,La Spezia,55-59,Pedestrian,1,1,0,1,0
2024,12,La Spezia,60-64,Driver,3,2,0,2,0
2024,1,Latina,18-20,Driver,4,3,0,3,0
2024,1,Latina,18-20,Passenger,3,3,0,3,0
2024,1,Latina,20-24,Driver,3,3,0,3,0
2024,1,Latina,20-24,Passenger,4,4,1,3,0
2024,1,Latina,20-24,Pedestrian,1,1,0,1,0
2024,1,Latina,25-29,Driver,8,7,3,4,1
2024,1,Latina,25-29,Passenger,2,1,0,1,0
2024,1,Latina,30-44,Driver,9,8,1,7,1
2024,1,Latina,30-44,Passenger,2,1,0,1,0
2024,1,Latina,45-54,Driver,3,3,1,2,0
2024,1,Latina,45-54,Passenger,1,0,0,0,0
2024,1,Latina,45-54,Pedestrian,2,2,1,1,0
2024,1,Latina,55-59,Driver,2,2,1,1,0
2024,1,Latina,55-59,Passenger,1,1,0,1,0
2024,1,Latina,60-64,Driver,1,0,0,0,0
2024,1,Latina,60-64,Passenger,1,1,0,1,0
2024,1,Latina,65+,Passenger,1,0,0,0,0
2024,2,Latina,65+,Driver,1,0,0,0,0
2024,3,Latina,18-20,Driver,3,1,0,1,0
2024,3,Latina,18-20,Passenger,2,2,0,2,0
2024,3,Latina,20-24,Passenger,2,2,0,2,0
2024,3,Latina,25-29,Driver,1,0,0,0,0
2024,3,Latina,25-29,Passenger,2,2,0,2,0
2024,3,Latina,30-44,Driver,3,3,0,3,0
2024,3,Latina,45-54,Driver,9,9,3,6,0
2024,3,Latina,45-54,Passenger,1,1,0,1,0
2024,3,Latina,55-59,Driver,2,1,0,1,0
2024,3,Latina,55-59,Pedestrian,1,0,0,0,0
2024,3,Latina,60-64,Driver,1,1,0,1,0
2024,3,Latina,60-64,Passenger,1,1,0,1,0
2024,3,Latina,60-64,Pedestrian,1,1,1,0,0
2024,3,Latina,65+,Driver,1,1,0,1,0
2024,4,Latina,18-20,Driver,3,2,1,1,0
2024,4,Latina,20-24,Driver,5,5,1,4,0
2024,4,Latina,20-24,Pedestrian,1,1,0,1,0
2024,4,Latina,25-29,Driver,3,3,0,3,0
2024,4,Latina,30-44,Driver,4,3,1,2,0
2024,4,Latina,30-44,Passenger,1,1,0,1,0
2024,4,Latina,30-44,Pedestrian,1,1,1,0,0
2024,4,Latina,45-54,Driver,9,6,1,5,0
2024,4,Latina,45-54,Passenger,3,3,1,2,0
2024,4,Latina,55-59,Driver,5,5,1,4,0
2024,4,Latina,60-64,Driver,2,1,0,1,0
2024,4,Latina,65+,Driver,1,1,0,1,0
2024,4,Latina,65+,Passenger,1,1,0,1,0
2024,5,Latina,20-24,Driver,1,1,0,1,0
2024,5,Latina,25-29,Driver,1,1,1,0,0
2024,5,Latina,25-29,Passenger,2,1,0,1,0
2024,5,Latina,30-44,Driver,3,3,0,3,0
2024,5,Latina,30-44,Passenger,3,3,1,2,0
2024,5,Latina,45-54,Driver,6,5,0,5,0
2024,5,Latina,45-54,Passenger,1,1,0,1,0
2024,5,Latina,55-59,Driver,3,3,0,3,0
2024,5,Latina,60-64,Driver,2,2,0,2,0
2024,5,Latina,60-64,Passenger,1,1,0,1,0
2024,5,Latina,65+,Driver,2,2,0,2,0
2024,5,Latina,65+,Passenger,1,1,0,1,0
2024,6,Latina,18-20,Driver,2,2,0,2,0
2024,6,Latina,18-20,Pedestrian,2,1,0,1,0
2024,6,Latina,20-24,Driver,3,2,0,2,0
2024,6,Latina,20-24,Passenger,4,4,1,3,0
2024,6,Latina,25-29,Driver,4,4,1,3,0
2024,6,Latina,25-29,Passenger,1,1,0,1,0
2024,6,Latina,30-44,Driver,5,4,1,3,0
2024,6,Latina,30-44,Passenger,3,2,0,2,0
2024,6,Latina,30-44,Pedestrian,3,3,0,3,0
2024,6,Latina,45-54,Driver,3,3,1,2,0
2024,6,Latina,45-54,Passenger,1,1,0,1,0
2024,6,Latina,45-54,Pedestrian,2,2,0,2,0
2024,6,Latina,55-59,Driver,2,2,0,2,0
2024,6,Latina,55-59,Passenger,5,3,1,2,0
2024,6,Latina,55-59,Pedestrian,1,1,0,1,0
2024,6,Latina,60-64,Driver,7,7,2,5,0
2024,6,Latina,60-64,Passenger,1,1,0,1,0
2024,6,Latina,65+,Passenger,1,1,0,1,0
2024,7,Latina,30-44,Driver,1,1,0,1,0
2024,7,Latina,30-44,Passenger,2,2,0,2,0
2024,7,Latina,45-54,Driver,1,1,0,1,0
2024,7,Latina,55-59,Driver,1,1,0,1,0
2024,7,Latina,60-64,Driver,1,1,0,1,0
2024,7,Latina,65+,Passenger,1,1,0,1,0
2024,8,Latina,18-20,Driver,1,1,0,1,0
2024,8,Latina,18-20,Pedestrian,1,1,0,1,0
2024,8,Latina,20-24,Driver,3,2,1,1,0
2024,8,Latina,20-24,Passenger,1,1,0,1,0
2024,8,Latina,25-29,Driver,2,2,0,2,0
2024,8,Latina,30-44,Driver,6,5,0,5,0
2024,8,Latina,30-44,Passenger,1,0,0,0,0
2024,8,Latina,45-54,Driver,2,1,0,1,0
2024,8,Latina,55-59,Driver,3,3,0,3,0
2024,8,Latina,55-59,Passenger,2,2,0,2,0
2024,8,Latina,60-64,Driver,1,0,0,0,0
2024,9,Latina,18-20,Driver,1,1,0,1,0
2024,9,Latina,20-24,Driver,2,2,1,1,0
2024,9,Latina,25-29,Driver,4,3,0,3,0
2024,9,Latina,25-29,Passenger,1,1,0,1,0
2024,9,Latina,30-44,Driver,7,4,1,3,0
2024,9,Latina,45-54,Driver,2,1,0,1,0
2024,9,Latina,45-54,Passenger,2,2,0,2,0
2024,9,Latina,55-59,Passenger,1,1,0,1,0
2024,9,Latina,60-64,Driver,1,0,0,0,0
2024,9,Latina,60-64,Passenger,1,1,0,1,0
2024,9,Latina,65+,Driver,3,2,0,2,0
2024,10,Latina,18-20,Passenger,2,2,0,2,0
2024,10,Latina,25-29,Passenger,2,2,1,1,0
2024,10,Latina,30-44,Pedestrian,1,1,0,1,0
2024,10,Latina,45-54,Driver,4,4,0,4,0
2024,10,Latina,45-54,Passenger,1,1,0,1,0
2024,10,Latina,45-54,Pedestrian,1,0,0,0,0
2024,10,Latina,55-59,Driver,1,1,0,1,0
2024,10,Latina,60-64,Driver,2,2,0,2,0
2024,11,Latina,18-20,Driver,3,3,1,2,0
2024,11,Latina,20-24,Driver,8,7,2,5,0
2024,11,Latina,20-24,Passenger,2,1,1,0,0
2024,11,Latina,25-29,Driver,3,3,1,2,0
2024,11,Latina,25-29,Passenger,2,2,0,2,0
2024,11,Latina,30-44,Driver,6,6,2,4,0
2024,11,Latina,30-44,Passenger,3,3,0,3,0
2024,11,Latina,45-54,Driver,8,6,1,5,0
2024,11,Latina,55-59,Driver,2,1,0,1,0
2024,11,Latina,55-59,Passenger,2,1,1,0,0
2024,11,Latina,60-64,Driver,2,1,0,1,0
2024,11,Latina,60-64,Passenger,1,1,0,1,0
2024,11,Latina,65+,Passenger,1,0,0,0,0
2024,12,Latina,25-29,Passenger,1,1,0,1,0
2024,12,Latina,30-44,Passenger,1,1,0,1,0
2024,1,Lecce,18-20,Passenger,2,2,0,2,0
2024,1,Lecce,20-24,Driver,3,2,0,2,0
2024,1,Lecce,20-24,Passenger,1,1,0,1,0
2024,1,Lecce,20-24,Pedestrian,3,3,0,3,0
2024,1,Lecce,25-29,Driver,3,2,1,1,0
2024,1,Lecce,30-44,Driver,9,7,1,6,0
2024,1,Lecce,30-44,Passenger,2,1,0,1,0
2024,1,Lecce,45-54,Driver,4,3,0,3,0
2024,1,Lecce,45-54,Pedestrian,2,2,0,2,0
2024,1,Lecce,55-59,Driver,7,5,1,4,0
2024,1,Lecce,55-59,Passenger,1,1,0,1,0
2024,1,Lecce,55-59,Pedestrian,1,1,1,0,0
2024,1,Lecce,60-64,Driver,2,1,0,1,0
2024,2,Lecce,18-20,Driver,1,1,0,1,0
2024,2,Lecce,18-20,Pedestrian,1,0,0,0,0
2024,2,Lecce,20-24,Passenger,1,1,0,1,0
2024,2,Lecce,25-29,Driver,1,1,0,1,0
2024,2,Lecce,25-29,Passenger,1,1,0,1,0
2024,2,Lecce,25-29,Pedestrian,1,0,0,0,0
2024,2,Lecce,30-44,Driver,2,2,0,2,0
2024,2,Lecce,30-44,Passenger,2,2,0,2,0
2024,2,Lecce,45-54,Driver,1,1,0,1,0
2024,2,Lecce,60-64,Passenger,2,2,0,2,0
2024,2,Lecce,65+,Driver,1,1,0,1,0
2024,3,Lecce,18-20,Driver,2,2,1,1,0
2024,3,Lecce,18-20,Passenger,3,2,0,2,0
2024,3,Lecce,20-24,Driver,3,3,0,3,0
2024,3,Lecce,20-24,Passenger,4,3,0,3,0
2024,3,Lecce,25-29,Driver,2,2,1,1,0
2024,3,Lecce,25-29,Passenger,3,3,2,1,0
2024,3,Lecce,25-29,Pedestrian,1,0,0,0,0
2024,3,Lecce,30-44,Driver,3,2,0,2,0
2024,3,Lecce,30-44,Passenger,5,4,1,3,0
2024,3,Lecce,45-54,Driver,3,3,2,1,0
2024,3,Lecce,45-54,Passenger,1,1,0,1,0
2024,3,Lecce,55-59,Driver,2,1,1,0,0
2024,3,Lecce,55-59,Passenger,1,1,0,1,0
2024,3,Lecce,60-64,Pedestrian,1,1,0,1,0
2024,3,Lecce,65+,Driver,4,3,1,2,0
2024,4,Lecce,18-20,Passenger,1,1,0,1,0
2024,4,Lecce,20-24,Driver,2,2,0,2,0
2024,4,Lecce,25-29,Driver,3,2,0,2,0
2024,4,Lecce,25-29,Passenger,1,1,0,1,0
2024,4,Lecce,30-44,Driver,3,3,1,2,0
2024,4,Lecce,45-54,Driver,3,3,0,3,0
2024,4,Lecce,55-59,Passenger,1,1,1,0,0
2024,4,Lecce,60-64,Driver,1,1,1,0,0
2024,5,Lecce,18-20,Driver,2,2,0,2,0
2024,5,Lecce,18-20,Pedestrian,1,1,0,1,0
2024,5,Lecce,20-24,Driver,2,2,0,2,0
2024,5,Lecce,20-24,Passenger,1,1,0,1,0
2024,5,Lecce,25-29,Driver,1,1,1,0,0
2024,5,Lecce,25-29,Pedestrian,1,1,0,1,0
2024,5,Lecce,30-44,Driver,5,3,2,1,0
2024,5,Lecce,30-44,Passenger,3,2,1,1,0
2024,5,Lecce,45-54,Driver,12,8,2,6,0
2024,5,Lecce,45-54,Passenger,2,1,0,1,0
2024,5,Lecce,45-54,Pedestrian,1,1,0,1,0
2024,5,Lecce,55-59,Driver,1,1,1,0,0
2024,5,Lecce,55-59,Passenger,1,1,0,1,0
2024,5,Lecce,60-64,Driver,4,3,1,2,0
2024,5,Lecce,60-64,Passenger,1,1,0,1,0
2024,5,Lecce,65+,Driver,2,1,0,1,1
2024,6,Lecce,18-20,Driver,4,3,1,2,0
2024,6,Lecce,18-20,Passenger,1,1,1,0,0
2024,6,Lecce,20-24,Driver,1,0,0,0,0
2024,6,Lecce,20-24,Passenger,2,1,0,1,0
2024,6,Lecce,25-29,Driver,1,0,0,0,0
2024,6,Lecce,25-29,Passenger,2,2,0,2,0
2024,6,Lecce,30-44,Driver,2,1,0,1,0
2024,6,Lecce,30-44,Passenger,1,1,0,1,0
2024,6,Lecce,45-54,Driver,6,6,1,5,0
2024,6,Lecce,45-54,Pedestrian,1,1,0,1,0
2024,6,Lecce,55-59,Driver,3,3,1,2,0
2024,6,Lecce,60-64,Driver,1,1,0,1,0
2024,6,Lecce,60-64,Passenger,1,1,1,0,0
2024,6,Lecce,65+,Driver,3,3,0,3,0
2024,6,Lecce,65+,Passenger,1,1,0,1,0
2024,7,Lecce,18-20,Driver,1,1,1,0,0
2024,7,Lecce,20-24,Driver,5,5,0,5,0
2024,7,Lecce,20-24,Passenger,3,2,0,2,0
2024,7,Lecce,25-29,Driver,1,1,0,1,0
2024,7,Lecce,30-44,Driver,4,3,1,2,0
2024,7,Lecce,30-44,Passenger,2,1,0,1,0
2024,7,Lecce,30-44,Pedestrian,3,2,0,2,1
2024,7,Lecce,45-54,Driver,5,5,1,4,0
2024,7,Lecce,45-54,Passenger,2,1,1,0,0
2024,7,Lecce,45-54,Pedestrian,2,2,1,1,0
2024,7,Lecce,55-59,Driver,2,2,0,2,0
2024,7,Lecce,55-59,Passenger,2,2,0,2,0
2024,7,Lecce,60-64,Driver,3,2,0,2,0
2024,7,Lecce,65+,Driver,1,1,1,0,0
2024,8,Lecce,20-24,Driver,1,1,0,1,0
2024,8,Lecce,45-54,Driver,1,1,0,1,0
2024,8,Lecce,45-54,Passenger,1,1,0,1,0
2024,8,Lecce,45-54,Pedestrian,1,1,0,1,0
2024,8,Lecce,60-64,Driver,2,2,0,2,0
2024,8,Lecce,65+,Driver,1,1,0,1,0
2024,9,Lecce,18-20,Driver,2,1,0,1,0
2024,9,Lecce,18-20,Passenger,1,1,1,0,0
2024,9,Lecce,20-24,Driver,1,1,0,1,0
2024,9,Lecce,25-29,Driver,2,1,0,1,0
2024,9,Lecce,25-29,Pedestrian,1,1,0,1,0
2024,9,Lecce,30-44,Driver,2,2,0,2,0
2024,9,Lecce,45-54,Driver,2,1,1,0,0
2024,9,Lecce,55-59,Passenger,1,1,0,1,0
2024,9,Lecce,60-64,Driver,2,2,1,1,0
2024,9,Lecce,65+,Driver,2,1,0,1,0
2024,10,Lecce,18-20,Driver,1,0,0,0,0
2024,10,Lecce,18-20,Pedestrian,1,1,0,1,0
2024,10,Lecce,20-24,Driver,7,6,2,4,0
2024,10,Lecce,20-24,Passenger,1,1,0,1,0
2024,10,Lecce,25-29,Driver,2,2,1,1,0
2024,10,Lecce,25-29,Pedestrian,1,1,0,1,0
2024,10,Lecce,30-44,Driver,8,7,1,6,0
2024,10,Lecce,30-44,Passenger,2,2,1,1,0
2024,10,Lecce,45-54,Driver,2,1,0,1,0
2024,10,Lecce,45-54,Passenger,2,2,0,2,0
2024,10,Lecce,55-59,Driver,2,2,0,2,0
2024,10,Lecce,55-59,Passenger,1,0,0,0,0
2024,10,Lecce,60-64,Driver,2,2,0,2,0
2024,10,Lecce,65+,Driver,3,3,0,3,0
2024,10,Lecce,65+,Passenger,1,1,0,1,0
2024,11,Lecce,18-20,Driver,1,1,0,1,0
2024,11,Lecce,18-20,Passenger,1,0,0,0,0
2024,11,Lecce,20-24,Driver,3,3,0,3,0
2024,11,Lecce,25-29,Driver,1,0,0,0,0
2024,11,Lecce,30-44,Driver,12,9,1,8,0
2024,11,Lecce,30-44,Passenger,1,1,0,1,0
2024,11,Lecce,30-44,Pedestrian,1,1,0,1,0
2024,11,Lecce,45-54,Driver,6,6,2,4,0
2024,11,Lecce,45-54,Passenger,3,3,0,3,0
2024,11,Lecce,55-59,Driver,2,2,0,2,0
2024,11,Lecce,55-59,Passenger,5,3,0,3,0
2024,11,Lecce,60-64,Driver,3,3,0,3,0
2024,11,Lecce,60-64,Passenger,1,1,0,1,0
2024,12,Lecce,20-24,Driver,1,1,1,0,0
2024,12,Lecce,25-29,Passenger,1,1,0,1,0
2024,12,Lecce,25-29,Pedestrian,1,1,1,0,0
2024,12,Lecce,30-44,Driver,3,2,1,1,0
2024,12,Lecce,30-44,Passenger,2,2,0,2,0
2024,12,Lecce,45-54,Driver,2,1,0,1,0
2024,12,Lecce,45-54,Passenger,3,3,0,3,0
2024,12,Lecce,55-59,Driver,1,1,0,1,0
2024,12,Lecce,55-59,Pedestrian,1,1,0,1,0
2024,12,Lecce,60-64,Driver,1,0,0,0,0
2024,12,Lecce,65+,Pedestrian,1,1,0,1,0
2024,1,Lecco,30-44,Driver,1,1,0,1,0
2024,2,Lecco,18-20,Driver,1,1,0,1,0
2024,2,Lecco,18-20,Passenger,1,1,0,1,0
2024,2,Lecco,20-24,Passenger,2,2,2,0,0
2024,2,Lecco,20-24,Pedestrian,1,1,0,1,0
2024,2,Lecco,25-29,Driver,1,1,0,1,0
2024,2,Lecco,25-29,Passenger,1,1,0,1,0
2024,2,Lecco,30-44,Driver,7,6,0,6,0
2024,2,Lecco,30-44,Passenger,5,5,1,4,0
2024,2,Lecco,45-54,Driver,1,0,0,0,0
2024,2,Lecco,45-54,Passenger,1,1,1,0,0
2024,2,Lecco,45-54,Pedestrian,1,0,0,0,0
2024,2,Lecco,55-59,Driver,1,0,0,0,0
2024,2,Lecco,60-64,Driver,2,2,1,1,0
2024,2,Lecco,65+,Driver,1,1,0,1,0
2024,3,Lecco,18-20,Driver,3,3,1,2,0
2024,3,Lecco,20-24,Passenger,2,2,0,2,0
2024,3,Lecco,25-29,Driver,1,1,0,1,0
2024,3,Lecco,30-44,Driver,1,1,0,1,0
2024,3,Lecco,45-54,Driver,1,0,0,0,0
2024,3,Lecco,55-59,Driver,1,0,0,0,0
2024,3,Lecco,55-59,Pedestrian,1,1,0,1,0
2024,3,Lecco,65+,Driver,1,1,0,1,0
2024,4,Lecco,18-20,Driver,1,1,1,0,0
2024,4,Lecco,20-24,Driver,1,1,0,1,0
2024,4,Lecco,30-44,Driver,1,1,0,1,0
2024,4,Lecco,30-44,Passenger,2,2,1,1,0
2024,4,Lecco,45-54,Driver,1,1,1,0,0
2024,4,Lecco,55-59,Driver,1,1,0,1,0
2024,4,Lecco,60-64,Driver,1,1,0,1,0
2024,4,Lecco,65+,Driver,1,1,0,1,0
2024,5,Lecco,18-20,Driver,3,3,1,2,0
2024,5,Lecco,18-20,Pedestrian,1,1,1,0,0
2024,5,Lecco,20-24,Driver,5,4,2,2,0
2024,5,Lecco,25-29,Pedestrian,1,1,0,1,0
2024,5,Lecco,30-44,Driver,3,3,1,2,0
2024,5,Lecco,45-54,Driver,1,1,1,0,0
2024,5,Lecco,45-54,Passenger,2,2,1,1,0
2024,5,Lecco,45-54,Pedestrian,1,1,0,1,0
2024,5,Lecco,55-59,Driver,1,1,0,1,0
2024,5,Lecco,60-64,Driver,1,1,0,1,0
2024,5,Lecco,65+,Driver,1,1,0,1,0
2024,6,Lecco,18-20,Driver,3,1,0,1,0
2024,6,Lecco,20-24,Driver,1,0,0,0,0
2024,6,Lecco,20-24,Passenger,1,1,0,1,0
2024,6,Lecco,25-29,Driver,1,1,0,1,0
2024,6,Lecco,25-29,Passenger,1,1,0,1,0
2024,6,Lecco,30-44,Driver,5,4,1,3,0
2024,6,Lecco,30-44,Passenger,1,1,0,1,0
2024,6,Lecco,30-44,Pedestrian,1,1,0,1,0
2024,6,Lecco,45-54,Driver,2,2,0,2,0
2024,6,Lecco,55-59,Driver,4,4,0,4,0
2024,6,Lecco,55-59,Passenger,1,0,0,0,0
2024,6,Lecco,60-64,Driver,1,1,0,1,0
2024,6,Lecco,60-64,Pedestrian,1,1,1,0,0
2024,6,Lecco,65+,Driver,1,1,0,1,0
2024,7,Lecco,25-29,Driver,1,0,0,0,0
2024,7,Lecco,25-29,Passenger,1,1,0,1,0
2024,7,Lecco,30-44,Driver,1,1,0,1,0
2024,7,Lecco,45-54,Driver,4,3,0,3,0
2024,7,Lecco,45-54,Pedestrian,2,0,0,0,0
2024,7,Lecco,65+,Passenger,1,1,0,1,0
2024,8,Lecco,18-20,Driver,1,0,0,0,0
2024,8,Lecco,20-24,Driver,4,4,1,3,0
2024,8,Lecco,20-24,Passenger,2,1,0,1,0
2024,8,Lecco,25-29,Driver,1,1,0,1,0
2024,8,Lecco,25-29,Pedestrian,1,1,0,1,0
2024,8,Lecco,30-44,Driver,1,1,0,1,0
2024,8,Lecco,45-54,Driver,1,1,0,1,0
2024,8,Lecco,55-59,Driver,4,3,1,2,0
2024,9,Lecco,18-20,Driver,1,1,0,1,0
2024,9,Lecco,18-20,Passenger,1,1,0,1,0
2024,9,Lecco,20-24,Driver,1,1,0,1,0
2024,9,Lecco,20-24,Passenger,2,2,0,2,0
2024,9,Lecco,25-29,Driver,3,3,1,2,0
2024,9,Lecco,30-44,Driver,3,3,0,3,0
2024,9,Lecco,45-54,Pedestrian,1,1,0,1,0
2024,9,Lecco,55-59,Driver,1,1,0,1,0
2024,9,Lecco,60-64,Pedestrian,1,1,0,1,0
2024,10,Lecco,18-20,Driver,2,2,0,2,0
2024,10,Lecco,20-24,Driver,1,1,0,1,0
2024,10,Lecco,25-29,Driver,3,2,0,2,0
2024,10,Lecco,30-44,Driver,3,3,0,3,0
2024,10,Lecco,30-44,Passenger,2,2,1,1,0
2024,10,Lecco,45-54,Driver,3,2,1,1,0
2024,10,Lecco,45-54,Passenger,1,0,0,0,0
2024,10,Lecco,55-59,Driver,3,2,0,2,0
2024,10,Lecco,60-64,Driver,2,1,0,1,0
2024,11,Lecco,30-44,Passenger,1,1,0,1,0
2024,12,Lecco,20-24,Driver,1,1,0,1,0
2024,12,Lecco,20-24,Passenger,1,1,1,0,0
2024,12,Lecco,25-29,Passenger,1,1,0,1,0
2024,12,Lecco,30-44,Passenger,1,0,0,0,0
2024,12,Lecco,45-54,Driver,1,1,0,1,0
2024,1,Livorno,18-20,Driver,1,1,1,0,0
2024,1,Livorno,18-20,Passenger,1,1,0,1,0
2024,1,Livorno,20-24,Driver,4,4,1,3,0
2024,1,Livorno,25-29,Driver,1,1,0,1,0
2024,1,Livorno,25-29,Passenger,1,1,0,1,0
2024,1,Livorno,25-29,Pedestrian,1,1,0,1,0
2024,1,Livorno,30-44,Driver,4,4,0,4,0
2024,1,Livorno,45-54,Driver,1,1,0,1,0
2024,1,Livorno,55-59,Driver,2,2,0,2,1
2024,1,Livorno,60-64,Driver,2,2,1,1,0
2024,1,Livorno,65+,Driver,1,1,0,1,0
2024,2,Livorno,18-20,Driver,4,3,1,2,0
2024,2,Livorno,20-24,Driver,3,3,0,3,0
2024,2,Livorno,25-29,Driver,1,1,1,0,0
2024,2,Livorno,25-29,Passenger,1,1,1,0,0
2024,2,Livorno,30-44,Driver,4,3,1,2,0
2024,2,Livorno,30-44,Passenger,2,2,1,1,0
2024,2,Livorno,30-44,Pedestrian,1,1,0,1,0
2024,2,Livorno,45-54,Driver,3,3,0,3,0
2024,2,Livorno,45-54,Passenger,1,1,0,1,0
2024,2,Livorno,45-54,Pedestrian,1,0,0,0,0
2024,2,Livorno,55-59,Driver,1,0,0,0,0
2024,2,Livorno,60-64,Driver,1,1,0,1,0
2024,2,Livorno,60-64,Passenger,1,1,0,1,0
2024,2,Livorno,65+,Driver,1,1,0,1,0
2024,3,Livorno,18-20,Driver,5,4,1,3,1
2024,3,Livorno,18-20,Passenger,1,0,0,0,0
2024,3,Livorno,20-24,Driver,4,3,0,3,0
2024,3,Livorno,20-24,Pedestrian,1,1,0,1,0
2024,3,Livorno,25-29,Driver,2,2,0,2,0
2024,3,Livorno,30-44,Driver,3,3,0,3,0
2024,3,Livorno,30-44,Passenger,4,3,1,2,0
2024,3,Livorno,45-54,Driver,4,3,0,3,0
2024,3,Livorno,55-59,Driver,3,3,1,2,0
2024,3,Livorno,55-59,Passenger,1,1,0,1,0
2024,3,Livorno,60-64,Driver,2,2,0,2,0
2024,3,Livorno,65+,Driver,1,1,0,1,0
2024,4,Livorno,18-20,Driver,3,2,0,2,0
2024,4,Livorno,18-20,Passenger,1,1,1,0,0
2024,4,Livorno,20-24,Driver,3,3,1,2,0
2024,4,Livorno,20-24,Passenger,3,3,0,3,0
2024,4,Livorno,20-24,Pedestrian,1,1,1,0,0
2024,4,Livorno,25-29,Driver,6,4,0,4,0
2024,4,Livorno,25-29,Passenger,1,1,0,1,0
2024,4,Livorno,30-44,Driver,6,4,0,4,0
2024,4,Livorno,30-44,Passenger,4,4,1,3,0
2024,4,Livorno,45-54,Driver,3,2,0,2,0
2024,4,Livorno,45-54,Passenger,2,1,0,1,0
2024,4,Livorno,55-59,Driver,3,2,0,2,1
2024,4,Livorno,55-59,Passenger,1,0,0,0,0
2024,4,Livorno,60-64,Driver,4,3,1,2,0
2024,4,Livorno,60-64,Pedestrian,1,1,0,1,0
2024,4,Livorno,65+,Driver,1,1,0,1,0
2024,5,Livorno,18-20,Driver,2,2,0,2,0
2024,5,Livorno,18-20,Passenger,1,1,0,1,0
2024,5,Livorno,20-24,Driver,2,2,1,1,0
2024,5,Livorno,20-24,Passenger,1,1,0,1,0
2024,5,Livorno,25-29,Driver,4,4,0,4,0
2024,5,Livorno,25-29,Passenger,1,1,1,0,0
2024,5,Livorno,30-44,Driver,3,3,0,3,1
2024,5,Livorno,30-44,Passenger,2,1,1,0,0
2024,5,Livorno,30-44,Pedestrian,1,1,0,1,0
2024,5,Livorno,45-54,Driver,1,1,1,0,0
2024,5,Livorno,45-54,Passenger,1,1,0,1,0
2024,5,Livorno,55-59,Driver,3,1,0,1,0
2024,5,Livorno,55-59,Passenger,1,1,0,1,0
2024,5,Livorno,55-59,Pedestrian,1,1,0,1,0
2024,5,Livorno,60-64,Driver,1,1,1,0,0
2024,5,Livorno,60-64,Passenger,1,1,0,1,0
2024,5,Livorno,65+,Driver,1,1,0,1,0
2024,6,Livorno,18-20,Driver,9,8,1,7,0
2024,6,Livorno,18-20,Passenger,1,1,0,1,0
2024,6,Livorno,20-24,Driver,7,4,2,2,0
2024,6,Livorno,20-24,Passenger,2,2,1,1,0
2024,6,Livorno,20-24,Pedestrian,2,2,1,1,0
2024,6,Livorno,25-29,Driver,6,2,0,2,0
2024,6,Livorno,25-29,Passenger,2,2,0,2,0
2024,6,Livorno,25-29,Pedestrian,2,1,1,0,0
2024,6,Livorno,30-44,Driver,9,8,2,6,0
2024,6,Livorno,30-44,Passenger,7,7,2,5,0
2024,6,Livorno,30-44,Pedestrian,1,1,0,1,0
2024,6,Livorno,45-54,Driver,9,9,1,8,0
2024,6,Livorno,45-54,Passenger,3,1,1,0,0
2024,6,Livorno,55-59,Driver,5,4,1,3,0
2024,6,Livorno,55-59,Passenger,2,2,1,1,0
2024,6,Livorno,55-59,Pedestrian,1,1,0,1,0
2024,6,Livorno,60-64,Driver,2,2,0,2,0
2024,6,Livorno,60-64,Passenger,1,1,0,1,0
2024,6,Livorno,60-64,Pedestrian,1,1,0,1,0
2024,6,Livorno,65+,Driver,1,1,1,0,0
2024,6,Livorno,65+,Passenger,1,1,0,1,0
2024,7,Livorno,18-20,Driver,2,1,1,0,0
2024,7,Livorno,20-24,Driver,2,2,0,2,0
2024,7,Livorno,20-24,Passenger,1,1,0,1,0
2024,7,Livorno,20-24,Pedestrian,1,1,1,0,0
2024,7,Livorno,25-29,Driver,3,2,0,2,0
2024,7,Livorno,25-29,Pedestrian,1,1,1,0,0
2024,7,Livorno,30-44,Driver,3,0,0,0,0
2024,7,Livorno,30-44,Passenger,1,1,0,1,0
2024,7,Livorno,45-54,Driver,3,2,1,1,0
2024,7,Livorno,55-59,Driver,3,3,0,3,0
2024,7,Livorno,55-59,Passenger,2,1,0,1,0
2024,7,Livorno,60-64,Driver,2,2,0,2,0
2024,7,Livorno,60-64,Passenger,1,1,0,1,0
2024,7,Livorno,65+,Driver,2,2,0,2,0
2024,8,Livorno,18-20,Driver,6,4,1,3,0
2024,8,Livorno,18-20,Pedestrian,1,1,0,1,0
2024,8,Livorno,20-24,Driver,6,6,1,5,0
2024,8,Livorno,20-24,Passenger,4,3,0,3,0
2024,8,Livorno,25-29,Driver,5,5,3,2,0
2024,8,Livorno,25-29,Passenger,2,2,0,2,0
2024,8,Livorno,30-44,Driver,8,6,1,5,0
2024,8,Livorno,30-44,Passenger,3,1,0,1,0
2024,8,Livorno,30-44,Pedestrian,2,2,0,2,1
2024,8,Livorno,45-54,Driver,6,5,0,5,0
2024,8,Livorno,45-54,Passenger,1,1,1,0,0
2024,8,Livorno,55-59,Driver,3,2,1,1,0
2024,8,Livorno,55-59,Passenger,3,3,1,2,0
2024,8,Livorno,60-64,Driver,2,2,0,2,0
2024,8,Livorno,60-64,Passenger,1,1,0,1,0
2024,8,Livorno,65+,Driver,1,1,0,1,0
2024,8,Livorno,65+,Passenger,1,1,0,1,0
2024,9,Livorno,18-20,Driver,1,1,0,1,0
2024,9,Livorno,18-20,Passenger,1,1,0,1,0
2024,9,Livorno,20-24,Driver,4,4,1,3,0
2024,9,Livorno,25-29,Driver,7,6,1,5,0
2024,9,Livorno,30-44,Driver,8,6,1,5,0
2024,9,Livorno,30-44,Passenger,2,1,0,1,0
2024,9,Livorno,30-44,Pedestrian,1,0,0,0,0
2024,9,Livorno,45-54,Driver,7,7,1,6,0
2024,9,Livorno,45-54,Passenger,1,1,0,1,0
2024,9,Livorno,45-54,Pedestrian,1,1,0,1,0
2024,9,Livorno,55-59,Driver,1,0,0,0,0
2024,9,Livorno,55-59,Passenger,3,3,1,2,0
2024,9,Livorno,60-64,Driver,2,2,1,1,0
2024,9,Livorno,65+,Driver,1,1,0,1,0
2024,9,Livorno,65+,Passenger,1,1,0,1,0
2024,10,Livorno,18-20,Driver,1,1,0,1,0
2024,10,Livorno,20-24,Driver,2,1,0,1,0
2024,10,Livorno,20-24,Pedestrian,1,1,0,1,0
2024,10,Livorno,25-29,Driver,1,1,0,1,0
2024,10,Livorno,30-44,Driver,5,5,1,4,0
2024,10,Livorno,45-54,Driver,3,2,1,1,0
2024,11,Livorno,18-20,Driver,2,1,0,1,0
2024,11,Livorno,18-20,Passenger,1,1,1,0,0
2024,11,Livorno,20-24,Driver,4,4,0,4,0
2024,11,Livorno,20-24,Passenger,1,1,0,1,0
2024,11,Livorno,20-24,Pedestrian,1,1,1,0,0
2024,11,Livorno,25-29,Driver,6,5,1,4,0
2024,11,Livorno,30-44,Driver,4,3,0,3,0
2024,11,Livorno,30-44,Passenger,4,4,0,4,0
2024,11,Livorno,30-44,Pedestrian,1,1,0,1,0
2024,11,Livorno,45-54,Driver,3,3,1,2,0
2024,11,Livorno,55-59,Driver,3,3,0,3,0
2024,11,Livorno,60-64,Driver,2,1,1,0,1
2024,11,Livorno,60-64,Passenger,1,1,0,1,1
2024,11,Livorno,65+,Pedestrian,1,1,1,0,0
2024,12,Livorno,20-24,Driver,2,2,0,2,0
2024,12,Livorno,20-24,Passenger,2,1,0,1,0
2024,12,Livorno,20-24,Pedestrian,1,1,0,1,0
2024,12,Livorno,25-29,Driver,1,0,0,0,0
2024,12,Livorno,30-44,Driver,1,1,0,1,0
2024,12,Livorno,30-44,Passenger,3,3,2,1,0
2024,12,Livorno,30-44,Pedestrian,2,2,0,2,0
2024,12,Livorno,45-54,Driver,3,2,1,1,0
2024,12,Livorno,45-54,Pedestrian,1,1,0,1,0
2024,12,Livorno,55-59,Driver,2,1,1,0,0
2024,12,Livorno,55-59,Pedestrian,1,1,0,1,0
2024,12,Livorno,60-64,Driver,2,2,1,1,0
2024,12,Livorno,65+,Driver,1,1,0,1,0
2024,1,Lodi,20-24,Driver,1,1,0,1,0
2024,1,Lodi,20-24,Passenger,1,1,0,1,0
2024,1,Lodi,30-44,Driver,1,0,0,0,0
2024,1,Lodi,55-59,Driver,2,2,1,1,0
2024,1,Lodi,55-59,Passenger,1,1,0,1,0
2024,2,Lodi,18-20,Driver,2,2,0,2,0
2024,2,Lodi,20-24,Driver,2,1,1,0,0
2024,2,Lodi,20-24,Pedestrian,1,1,0,1,0
2024,2,Lodi,25-29,Driver,1,1,0,1,0
2024,2,Lodi,25-29,Passenger,1,1,0,1,0
2024,2,Lodi,45-54,Driver,1,1,1,0,0
2024,2,Lodi,45-54,Passenger,1,1,0,1,0
2024,2,Lodi,55-59,Driver,1,1,0,1,0
2024,2,Lodi,55-59,Passenger,1,1,0,1,0
2024,2,Lodi,60-64,Driver,1,1,1,0,0
2024,2,Lodi,60-64,Passenger,1,1,0,1,0
2024,3,Lodi,45-54,Pedestrian,1,1,1,0,0
2024,4,Lodi,20-24,Driver,3,3,0,3,0
2024,4,Lodi,25-29,Driver,3,2,1,1,0
2024,4,Lodi,25-29,Passenger,1,1,1,0,0
2024,4,Lodi,30-44,Driver,2,1,0,1,1
2024,4,Lodi,30-44,Passenger,3,2,0,2,0
2024,4,Lodi,45-54,Driver,1,1,0,1,0
2024,4,Lodi,55-59,Driver,4,3,1,2,0
2024,4,Lodi,55-59,Passenger,1,0,0,0,0
2024,4,Lodi,65+,Driver,1,1,1,0,0
2024,4,Lodi,65+,Passenger,1,1,0,1,0
2024,5,Lodi,18-20,Passenger,2,1,0,1,0
2024,5,Lodi,18-20,Pedestrian,1,1,0,1,0
2024,5,Lodi,20-24,Driver,6,4,0,4,0
2024,5,Lodi,25-29,Driver,1,1,1,0,0
2024,5,Lodi,30-44,Driver,2,2,1,1,0
2024,5,Lodi,45-54,Driver,2,2,0,2,0
2024,5,Lodi,45-54,Passenger,1,0,0,0,0
2024,5,Lodi,55-59,Driver,2,1,0,1,0
2024,5,Lodi,55-59,Passenger,1,0,0,0,0
2024,5,Lodi,65+,Passenger,1,1,0,1,0
2024,6,Lodi,18-20,Driver,1,1,0,1,0
2024,6,Lodi,18-20,Passenger,1,0,0,0,0
2024,6,Lodi,25-29,Passenger,1,1,0,1,0
2024,6,Lodi,30-44,Driver,1,1,0,1,0
2024,6,Lodi,45-54,Driver,2,2,0,2,0
2024,6,Lodi,45-54,Passenger,1,1,0,1,0
2024,6,Lodi,45-54,Pedestrian,1,0,0,0,0
2024,6,Lodi,55-59,Driver,1,1,0,1,0
2024,6,Lodi,65+,Driver,1,1,1,0,0
2024,6,Lodi,65+,Passenger,1,1,0,1,0
2024,7,Lodi,25-29,Passenger,1,1,1,0,0
2024,7,Lodi,30-44,Driver,1,1,1,0,0
2024,7,Lodi,30-44,Passenger,2,1,0,1,0
2024,7,Lodi,45-54,Driver,3,3,0,3,0
2024,7,Lodi,45-54,Passenger,2,2,1,1,0
2024,7,Lodi,65+,Driver,2,1,0,1,0
2024,8,Lodi,18-20,Driver,2,1,0,1,0
2024,8,Lodi,20-24,Driver,2,2,0,2,0
2024,8,Lodi,20-24,Passenger,1,1,0,1,0
2024,8,Lodi,25-29,Driver,1,1,0,1,0
2024,8,Lodi,30-44,Driver,3,3,1,2,0
2024,8,Lodi,30-44,Passenger,1,1,0,1,0
2024,8,Lodi,45-54,Driver,2,1,0,1,0
2024,8,Lodi,45-54,Pedestrian,1,1,1,0,0
2024,8,Lodi,55-59,Driver,1,1,0,1,0
2024,8,Lodi,55-59,Passenger,1,1,1,0,0
2024,8,Lodi,60-64,Driver,1,1,0,1,0
2024,8,Lodi,60-64,Passenger,1,0,0,0,0
2024,8,Lodi,65+,Driver,1,1,0,1,0
2024,9,Lodi,18-20,Driver,1,1,1,0,0
2024,9,Lodi,18-20,Passenger,1,1,0,1,0
2024,9,Lodi,20-24,Driver,3,3,0,3,0
2024,9,Lodi,25-29,Driver,2,2,0,2,0
2024,9,Lodi,25-29,Passenger,1,1,0,1,0
2024,9,Lodi,25-29,Pedestrian,1,1,1,0,0
2024,9,Lodi,30-44,Driver,2,1,0,1,0
2024,9,Lodi,30-44,Passenger,1,0,0,0,0
2024,9,Lodi,45-54,Driver,2,2,1,1,0
2024,9,Lodi,45-54,Passenger,1,1,0,1,0
2024,9,Lodi,45-54,Pedestrian,1,0,0,0,0
2024,9,Lodi,60-64,Driver,1,1,0,1,0
2024,9,Lodi,60-64,Passenger,2,2,1,1,0
2024,9,Lodi,65+,Driver,2,2,0,2,0
2024,10,Lodi,18-20,Driver,4,1,0,1,0
2024,10,Lodi,20-24,Driver,1,1,0,1,0
2024,10,Lodi,20-24,Pedestrian,2,1,0,1,0
2024,10,Lodi,30-44,Driver,1,1,0,1,0
2024,10,Lodi,30-44,Pedestrian,1,1,0,1,0
2024,10,Lodi,45-54,Driver,4,2,2,0,0
2024,10,Lodi,45-54,Passenger,1,1,0,1,0
2024,10,Lodi,45-54,Pedestrian,1,1,0,1,0
2024,10,Lodi,60-64,Driver,1,1,0,1,0
2024,10,Lodi,65+,Passenger,1,1,0,1,0
2024,10,Lodi,65+,Pedestrian,1,1,0,1,0
2024,11,Lodi,18-20,Driver,1,1,1,0,0
2024,11,Lodi,18-20,Passenger,1,1,0,1,0
2024,11,Lodi,20-24,Driver,1,1,0,1,0
2024,11,Lodi,25-29,Driver,2,2,0,2,0
2024,11,Lodi,25-29,Passenger,1,1,0,1,0
2024,11,Lodi,30-44,Driver,2,2,1,1,0
2024,11,Lodi,30-44,Passenger,2,1,0,1,0
2024,11,Lodi,45-54,Driver,2,2,0,2,0
2024,11,Lodi,55-59,Driver,3,2,1,1,0
2024,11,Lodi,60-64,Driver,2,1,0,1,0
2024,12,Lodi,25-29,Passenger,1,1,0,1,0
2024,12,Lodi,45-54,Driver,1,1,0,1,0
2024,12,Lodi,55-59,Driver,1,0,0,0,0
2024,1,Lucca,20-24,Driver,1,1,1,0,0
2024,2,Lucca,18-20,Driver,2,2,0,2,0
2024,2,Lucca,20-24,Driver,1,0,0,0,0
2024,2,Lucca,20-24,Passenger,1,1,0,1,0
2024,2,Lucca,25-29,Driver,1,1,0,1,0
2024,2,Lucca,25-29,Passenger,2,1,0,1,0
2024,2,Lucca,30-44,Driver,2,2,0,2,0
2024,2,Lucca,30-44,Passenger,2,2,0,2,0
2024,2,Lucca,45-54,Driver,3,3,0,3,0
2024,2,Lucca,45-54,Passenger,1,1,0,1,0
2024,2,Lucca,45-54,Pedestrian,1,1,0,1,0
2024,2,Lucca,55-59,Driver,3,3,0,3,0
2024,2,Lucca,60-64,Passenger,1,1,0,1,0
2024,3,Lucca,18-20,Driver,1,0,0,0,0
2024,3,Lucca,18-20,Pedestrian,1,1,0,1,0
2024,3,Lucca,20-24,Driver,3,3,0,3,0
2024,3,Lucca,30-44,Driver,3,3,0,3,0
2024,3,Lucca,45-54,Driver,4,4,2,2,0
2024,3,Lucca,45-54,Passenger,3,3,1,2,0
2024,3,Lucca,45-54,Pedestrian,1,0,0,0,0
2024,3,Lucca,55-59,Driver,1,1,0,1,0
2024,3,Lucca,60-64,Driver,2,2,0,2,0
2024,3,Lucca,65+,Driver,1,1,0,1,0
2024,4,Lucca,18-20,Driver,1,1,0,1,0
2024,4,Lucca,18-20,Passenger,1,1,0,1,0
2024,4,Lucca,20-24,Driver,1,1,0,1,0
2024,4,Lucca,20-24,Passenger,1,1,0,1,0
2024,4,Lucca,20-24,Pedestrian,1,1,0,1,0
2024,4,Lucca,25-29,Driver,3,2,0,2,0
2024,4,Lucca,30-44,Driver,4,4,2,2,0
2024,4,Lucca,30-44,Passenger,1,1,0,1,0
2024,4,Lucca,45-54,Driver,4,4,0,4,0
2024,4,Lucca,45-54,Passenger,1,1,1,0,0
2024,4,Lucca,45-54,Pedestrian,1,0,0,0,0
2024,4,Lucca,55-59,Driver,1,1,0,1,0
2024,4,Lucca,55-59,Passenger,1,1,0,1,1
2024,4,Lucca,60-64,Driver,3,2,1,1,0
2024,4,Lucca,60-64,Pedestrian,1,1,0,1,0
2024,5,Lucca,18-20,Driver,2,2,0,2,0
2024,5,Lucca,20-24,Passenger,1,1,0,1,0
2024,5,Lucca,25-29,Driver,2,2,1,1,0
2024,5,Lucca,25-29,Passenger,2,1,0,1,0
2024,5,Lucca,25-29,Pedestrian,1,1,0,1,0
2024,5,Lucca,30-44,Driver,5,5,2,3,0
2024,5,Lucca,30-44,Passenger,1,1,1,0,0
2024,5,Lucca,45-54,Driver,3,3,2,1,0
2024,5,Lucca,55-59,Driver,1,0,0,0,0
2024,5,Lucca,55-59,Passenger,2,2,1,1,0
2024,5,Lucca,60-64,Driver,1,1,0,1,0
2024,5,Lucca,65+,Driver,1,1,0,1,0
2024,5,Lucca,65+,Pedestrian,1,1,0,1,0
2024,6,Lucca,20-24,Driver,1,0,0,0,0
2024,6,Lucca,20-24,Passenger,1,0,0,0,0
2024,6,Lucca,20-24,Pedestrian,1,1,1,0,0
2024,6,Lucca,25-29,Driver,1,1,1,0,0
2024,6,Lucca,30-44,Driver,1,1,1,0,0
2024,6,Lucca,55-59,Passenger,1,1,0,1,0
2024,6,Lucca,60-64,Driver,1,1,0,1,0
2024,7,Lucca,18-20,Driver,1,1,0,1,0
2024,7,Lucca,18-20,Passenger,1,0,0,0,0
2024,7,Lucca,20-24,Driver,3,3,1,2,0
2024,7,Lucca,20-24,Passenger,2,1,0,1,0
2024,7,Lucca,25-29,Driver,2,2,0,2,0
2024,7,Lucca,25-29,Pedestrian,1,1,0,1,0
2024,7,Lucca,30-44,Driver,6,5,1,4,0
2024,7,Lucca,30-44,Passenger,3,3,1,2,0
2024,7,Lucca,30-44,Pedestrian,1,0,0,0,0
2024,7,Lucca,45-54,Driver,1,1,0,1,0
2024,7,Lucca,45-54,Passenger,1,1,0,1,0
2024,7,Lucca,55-59,Driver,3,2,1,1,0
2024,7,Lucca,60-64,Driver,1,0,0,0,0
2024,7,Lucca,60-64,Passenger,1,0,0,0,0
2024,7,Lucca,65+,Driver,1,1,0,1,0
2024,8,Lucca,20-24,Passenger,1,0,0,0,0
2024,9,Lucca,18-20,Driver,3,3,0,3,0
2024,9,Lucca,18-20,Passenger,2,2,1,1,0
2024,9,Lucca,20-24,Driver,2,2,0,2,0
2024,9,Lucca,20-24,Passenger,2,2,0,2,0
2024,9,Lucca,25-29,Driver,1,1,0,1,0
2024,9,Lucca,30-44,Driver,8,7,1,6,0
2024,9,Lucca,30-44,Passenger,3,2,0,2,0
2024,9,Lucca,30-44,Pedestrian,1,1,0,1,0
2024,9,Lucca,45-54,Driver,2,2,0,2,0
2024,9,Lucca,45-54,Passenger,2,2,0,2,0
2024,9,Lucca,45-54,Pedestrian,1,0,0,0,0
2024,9,Lucca,55-59,Driver,4,2,1,1,0
2024,9,Lucca,55-59,Passenger,1,1,0,1,0
2024,9,Lucca,60-64,Driver,1,1,0,1,0
2024,10,Lucca,18-20,Driver,3,3,1,2,0
2024,10,Lucca,18-20,Pedestrian,1,1,0,1,0
2024,10,Lucca,20-24,Driver,4,4,0,4,0
2024,10,Lucca,20-24,Passenger,1,1,0,1,0
2024,10,Lucca,30-44,Driver,5,5,0,5,0
2024,10,Lucca,45-54,Driver,1,1,0,1,0
2024,10,Lucca,45-54,Passenger,1,0,0,0,0
2024,11,Lucca,20-24,Driver,2,2,2,0,0
2024,11,Lucca,25-29,Driver,3,3,0,3,0
2024,11,Lucca,30-44,Driver,5,4,1,3,0
2024,11,Lucca,45-54,Driver,3,3,0,3,0
2024,11,Lucca,45-54,Pedestrian,1,0,0,0,0
2024,11,Lucca,55-59,Driver,1,1,0,1,0
2024,11,Lucca,60-64,Driver,2,2,0,2,0
2024,11,Lucca,65+,Driver,1,1,0,1,0
2024,12,Lucca,18-20,Driver,1,1,0,1,0
2024,12,Lucca,18-20,Passenger,1,1,0,1,0
2024,12,Lucca,18-20,Pedestrian,4,3,1,2,0
2024,12,Lucca,20-24,Driver,2,1,0,1,0
2024,12,Lucca,20-24,Pedestrian,1,1,1,0,0
2024,12,Lucca,25-29,Driver,1,1,1,0,0
2024,12,Lucca,30-44,Driver,8,6,2,4,1
2024,12,Lucca,30-44,Passenger,3,1,0,1,0
2024,12,Lucca,30-44,Pedestrian,1,1,0,1,0
2024,12,Lucca,45-54,Driver,4,4,0,4,0
2024,12,Lucca,45-54,Passenger,2,2,0,2,0
2024,12,Lucca,55-59,Driver,1,1,0,1,0
2024,1,Macerata,18-20,Passenger,1,1,0,1,0
2024,1,Macerata,20-24,Driver,1,1,0,1,0
2024,1,Macerata,25-29,Driver,1,1,0,1,0
2024,1,Macerata,30-44,Driver,4,3,2,1,0
2024,1,Macerata,45-54,Driver,1,0,0,0,0
2024,1,Macerata,55-59,Driver,1,0,0,0,0
2024,1,Macerata,55-59,Pedestrian,1,1,0,1,0
2024,1,Macerata,60-64,Driver,3,3,1,2,0
2024,1,Macerata,65+,Driver,1,0,0,0,0
2024,2,Macerata,18-20,Driver,1,1,0,1,1
2024,2,Macerata,20-24,Driver,1,1,1,0,0
2024,2,Macerata,30-44,Driver,1,0,0,0,0
2024,2,Macerata,30-44,Passenger,1,1,0,1,0
2024,2,Macerata,45-54,Passenger,1,0,0,0,0
2024,3,Macerata,25-29,Passenger,1,1,0,1,0
2024,3,Macerata,30-44,Driver,1,0,0,0,0
2024,3,Macerata,30-44,Passenger,1,1,0,1,0
2024,3,Macerata,30-44,Pedestrian,1,1,1,0,0
2024,3,Macerata,60-64,Driver,1,1,0,1,1
2024,3,Macerata,60-64,Passenger,1,1,0,1,0
2024,3,Macerata,65+,Driver,1,1,1,0,0
2024,4,Macerata,18-20,Passenger,1,0,0,0,0
2024,4,Macerata,18-20,Pedestrian,1,1,0,1,0
2024,4,Macerata,20-24,Driver,2,2,0,2,1
2024,4,Macerata,20-24,Pedestrian,1,1,1,0,0
2024,4,Macerata,25-29,Driver,1,1,0,1,0
2024,4,Macerata,30-44,Driver,5,4,0,4,0
2024,4,Macerata,30-44,Pedestrian,1,1,1,0,0
2024,4,Macerata,45-54,Driver,1,1,0,1,0
2024,4,Macerata,45-54,Passenger,1,0,0,0,0
2024,4,Macerata,45-54,Pedestrian,1,1,0,1,0
2024,4,Macerata,55-59,Driver,3,3,1,2,0
2024,4,Macerata,55-59,Passenger,2,1,1,0,0
2024,4,Macerata,60-64,Pedestrian,1,1,0,1,0
2024,5,Macerata,30-44,Passenger,1,0,0,0,0
2024,6,Macerata,20-24,Driver,1,1,0,1,0
2024,6,Macerata,30-44,Driver,4,4,2,2,0
2024,6,Macerata,30-44,Pedestrian,1,1,0,1,0
2024,6,Macerata,45-54,Driver,7,6,2,4,0
2024,6,Macerata,45-54,Passenger,1,1,0,1,0
2024,6,Macerata,45-54,Pedestrian,1,1,0,1,0
2024,6,Macerata,55-59,Driver,1,1,1,0,0
2024,6,Macerata,60-64,Driver,1,1,0,1,0
2024,6,Macerata,65+,Driver,1,1,0,1,0
2024,6,Macerata,65+,Passenger,1,0,0,0,0
2024,7,Macerata,18-20,Pedestrian,1,1,1,0,0
2024,7,Macerata,30-44,Driver,1,1,0,1,0
2024,7,Macerata,45-54,Driver,2,1,0,1,0
2024,7,Macerata,55-59,Driver,1,0,0,0,0
2024,7,Macerata,60-64,Driver,1,1,0,1,0
2024,8,Macerata,25-29,Driver,1,1,0,1,0
2024,8,Macerata,25-29,Pedestrian,1,1,1,0,0
2024,8,Macerata,30-44,Driver,2,2,0,2,0
2024,8,Macerata,45-54,Driver,1,0,0,0,0
2024,8,Macerata,45-54,Pedestrian,1,0,0,0,0
2024,8,Macerata,55-59,Driver,3,2,0,2,0
2024,8,Macerata,60-64,Driver,1,1,0,1,1
2024,8,Macerata,65+,Driver,1,1,0,1,0
2024,9,Macerata,18-20,Driver,2,2,0,2,0
2024,9,Macerata,30-44,Driver,1,1,0,1,0
2024,9,Macerata,45-54,Driver,2,1,1,0,0
2024,9,Macerata,55-59,Driver,1,1,0,1,0
2024,9,Macerata,55-59,Pedestrian,1,1,0,1,0
2024,9,Macerata,65+,Driver,1,0,0,0,1
2024,10,Macerata,20-24,Driver,1,0,0,0,0
2024,10,Macerata,25-29,Driver,2,1,0,1,0
2024,11,Macerata,18-20,Driver,3,3,0,3,0
2024,11,Macerata,18-20,Passenger,1,1,1,0,0
2024,11,Macerata,30-44,Driver,2,0,0,0,0
2024,11,Macerata,30-44,Passenger,1,1,0,1,0
2024,11,Macerata,45-54,Driver,1,1,0,1,0
2024,11,Macerata,60-64,Driver,2,2,0,2,0
2024,12,Macerata,18-20,Driver,2,1,0,1,0
2024,12,Macerata,20-24,Driver,2,2,0,2,0
2024,12,Macerata,25-29,Passenger,1,1,0,1,0
2024,12,Macerata,30-44,Passenger,2,2,0,2,0
2024,12,Macerata,30-44,Pedestrian,1,0,0,0,0
2024,12,Macerata,45-54,Driver,2,0,0,0,0
2024,12,Macerata,55-59,Passenger,1,1,0,1,0
2024,12,Macerata,55-59,Pedestrian,1,1,0,1,0
2024,12,Macerata,60-64,Driver,1,1,0,1,0
2024,1,Mantova,18-20,Driver,4,4,0,4,0
2024,1,Mantova,20-24,Driver,5,3,1,2,0
2024,1,Mantova,20-24,Passenger,1,1,0,1,0
2024,1,Mantova,25-29,Driver,2,2,0,2,0
2024,1,Mantova,25-29,Passenger,3,3,0,3,0
2024,1,Mantova,30-44,Driver,5,2,1,1,0
2024,1,Mantova,30-44,Passenger,2,2,0,2,0
2024,1,Mantova,45-54,Driver,2,2,0,2,0
2024,1,Mantova,55-59,Driver,4,4,0,4,0
2024,1,Mantova,55-59,Passenger,1,1,0,1,0
2024,1,Mantova,60-64,Driver,1,1,0,1,0
2024,2,Mantova,18-20,Driver,1,1,0,1,0
2024,2,Mantova,20-24,Driver,1,1,1,0,0
2024,2,Mantova,25-29,Driver,1,1,1,0,0
2024,2,Mantova,30-44,Driver,1,1,0,1,0
2024,2,Mantova,30-44,Pedestrian,2,2,0,2,0
2024,2,Mantova,45-54,Driver,4,3,0,3,0
2024,2,Mantova,55-59,Driver,2,2,0,2,1
2024,2,Mantova,60-64,Driver,1,0,0,0,0
2024,3,Mantova,18-20,Driver,3,2,2,0,0
2024,3,Mantova,18-20,Passenger,2,1,0,1,0
2024,3,Mantova,20-24,Driver,1,1,0,1,0
2024,3,Mantova,25-29,Driver,3,2,0,2,0
2024,3,Mantova,25-29,Passenger,3,2,0,2,0
2024,3,Mantova,30-44,Driver,4,3,0,3,0
2024,3,Mantova,30-44,Passenger,2,2,1,1,0
2024,3,Mantova,45-54,Driver,2,2,0,2,0
2024,3,Mantova,45-54,Passenger,1,0,0,0,0
2024,3,Mantova,55-59,Driver,2,1,1,0,0
2024,3,Mantova,55-59,Passenger,1,1,0,1,0
2024,3,Mantova,60-64,Driver,1,1,0,1,0
2024,3,Mantova,65+,Driver,1,0,0,0,0
2024,4,Mantova,25-29,Driver,1,1,0,1,0
2024,5,Mantova,25-29,Pedestrian,1,1,0,1,0
2024,6,Mantova,18-20,Driver,1,1,0,1,0
2024,6,Mantova,18-20,Passenger,1,1,0,1,0
2024,6,Mantova,20-24,Driver,5,3,1,2,0
2024,6,Mantova,20-24,Passenger,2,1,0,1,0
2024,6,Mantova,25-29,Driver,2,2,1,1,0
2024,6,Mantova,25-29,Passenger,2,2,0,2,0
2024,6,Mantova,30-44,Driver,2,2,1,1,0
2024,6,Mantova,30-44,Pedestrian,1,0,0,0,0
2024,6,Mantova,45-54,Driver,2,2,0,2,0
2024,6,Mantova,45-54,Passenger,4,4,0,4,0
2024,6,Mantova,55-59,Driver,3,3,0,3,0
2024,6,Mantova,60-64,Driver,1,1,1,0,0
2024,6,Mantova,65+,Passenger,1,1,0,1,0
2024,7,Mantova,18-20,Driver,2,1,0,1,0
2024,7,Mantova,20-24,Driver,3,3,0,3,0
2024,7,Mantova,20-24,Pedestrian,1,1,0,1,0
2024,7,Mantova,30-44,Driver,2,2,1,1,0
2024,7,Mantova,30-44,Passenger,1,0,0,0,0
2024,7,Mantova,30-44,Pedestrian,1,1,0,1,0
2024,7,Mantova,45-54,Driver,2,2,1,1,0
2024,7,Mantova,45-54,Pedestrian,1,1,0,1,0
2024,7,Mantova,55-59,Driver,1,1,0,1,0
2024,8,Mantova,18-20,Driver,2,2,1,1,0
2024,8,Mantova,20-24,Driver,3,2,0,2,0
2024,8,Mantova,20-24,Passenger,2,2,0,2,0
2024,8,Mantova,25-29,Pedestrian,1,1,0,1,0
2024,8,Mantova,30-44,Driver,4,3,0,3,0
2024,8,Mantova,30-44,Passenger,2,2,0,2,0
2024,8,Mantova,30-44,Pedestrian,2,1,0,1,0
2024,8,Mantova,45-54,Driver,3,2,0,2,0
2024,8,Mantova,45-54,Passenger,1,1,0,1,0
2024,8,Mantova,45-54,Pedestrian,1,0,0,0,0
2024,8,Mantova,55-59,Pedestrian,1,0,0,0,0
2024,8,Mantova,60-64,Driver,2,1,0,1,0
2024,8,Mantova,65+,Driver,1,1,0,1,0
2024,9,Mantova,18-20,Driver,1,0,0,0,0
2024,9,Mantova,18-20,Pedestrian,1,1,0,1,0
2024,9,Mantova,20-24,Driver,1,1,0,1,0
2024,9,Mantova,20-24,Passenger,2,2,0,2,0
2024,9,Mantova,25-29,Driver,2,2,0,2,0
2024,9,Mantova,30-44,Driver,1,1,0,1,0
2024,9,Mantova,30-44,Passenger,2,1,0,1,0
2024,9,Mantova,45-54,Driver,1,1,0,1,0
2024,9,Mantova,45-54,Passenger,1,1,0,1,0
2024,9,Mantova,60-64,Passenger,1,1,0,1,0
2024,10,Mantova,20-24,Driver,1,1,0,1,0
2024,10,Mantova,20-24,Passenger,1,1,0,1,0
2024,10,Mantova,25-29,Driver,2,1,0,1,0
2024,10,Mantova,30-44,Driver,1,1,0,1,0
2024,10,Mantova,30-44,Passenger,1,0,0,0,0
2024,10,Mantova,45-54,Driver,1,1,0,1,0
2024,10,Mantova,55-59,Driver,1,1,1,0,0
2024,10,Mantova,55-59,Passenger,1,1,0,1,0
2024,10,Mantova,65+,Driver,1,1,0,1,0
2024,11,Mantova,18-20,Driver,2,1,1,0,0
2024,11,Mantova,20-24,Driver,2,2,0,2,0
2024,11,Mantova,20-24,Passenger,4,4,0,4,0
2024,11,Mantova,20-24,Pedestrian,1,1,1,0,0
2024,11,Mantova,25-29,Driver,2,0,0,0,0
2024,11,Mantova,25-29,Passenger,2,2,0,2,0
2024,11,Mantova,25-29,Pedestrian,1,1,0,1,0
2024,11,Mantova,30-44,Driver,3,2,0,2,0
2024,11,Mantova,45-54,Driver,3,3,0,3,0
2024,11,Mantova,55-59,Driver,1,1,0,1,0
2024,11,Mantova,60-64,Driver,1,1,0,1,0
2024,12,Mantova,18-20,Driver,2,2,0,2,0
2024,12,Mantova,20-24,Driver,2,2,1,1,0
2024,12,Mantova,25-29,Driver,2,2,0,2,0
2024,12,Mantova,25-29,Passenger,1,1,0,1,0
2024,12,Mantova,30-44,Driver,5,4,1,3,0
2024,12,Mantova,30-44,Passenger,1,1,0,1,0
2024,12,Mantova,45-54,Driver,6,6,1,5,0
2024,12,Mantova,60-64,Driver,1,0,0,0,0
2024,12,Mantova,65+,Driver,1,1,0,1,0
2024,1,Massa-Carrara,18-20,Driver,1,1,0,1,0
2024,1,Massa-Carrara,20-24,Driver,5,4,2,2,0
2024,1,Massa-Carrara,20-24,Passenger,1,0,0,0,0
2024,1,Massa-Carrara,25-29,Driver,1,1,0,1,0
2024,1,Massa-Carrara,25-29,Passenger,1,1,0,1,0
2024,1,Massa-Carrara,30-44,Driver,5,5,1,4,0
2024,1,Massa-Carrara,30-44,Passenger,1,0,0,0,0
2024,1,Massa-Carrara,30-44,Pedestrian,2,2,0,2,0
2024,1,Massa-Carrara,45-54,Driver,3,2,0,2,0
2024,1,Massa-Carrara,55-59,Driver,3,3,0,3,0
2024,1,Massa-Carrara,60-64,Driver,2,2,0,2,0
2024,1,Massa-Carrara,65+,Driver,4,3,0,3,0
2024,2,Massa-Carrara,18-20,Passenger,1,1,0,1,0
2024,3,Massa-Carrara,20-24,Driver,1,1,0,1,0
2024,3,Massa-Carrara,30-44,Passenger,1,1,0,1,0
2024,3,Massa-Carrara,55-59,Driver,1,1,0,1,0
2024,3,Massa-Carrara,55-59,Pedestrian,1,1,1,0,0
2024,4,Massa-Carrara,18-20,Pedestrian,1,0,0,0,0
2024,4,Massa-Carrara,20-24,Driver,3,3,1,2,0
2024,4,Massa-Carrara,25-29,Driver,2,2,0,2,0
2024,4,Massa-Carrara,25-29,Passenger,1,1,0,1,0
2024,4,Massa-Carrara,45-54,Driver,1,1,0,1,0
2024,4,Massa-Carrara,45-54,Passenger,1,1,0,1,0
2024,4,Massa-Carrara,55-59,Passenger,1,1,0,1,0
2024,4,Massa-Carrara,65+,Driver,1,1,0,1,0
2024,5,Massa-Carrara,20-24,Passenger,2,2,0,2,0
2024,5,Massa-Carrara,25-29,Driver,1,1,0,1,0
2024,5,Massa-Carrara,30-44,Driver,2,1,0,1,0
2024,5,Massa-Carrara,30-44,Passenger,2,1,0,1,1
2024,5,Massa-Carrara,45-54,Driver,1,0,0,0,0
2024,6,Massa-Carrara,18-20,Driver,3,3,1,2,0
2024,6,Massa-Carrara,18-20,Passenger,1,0,0,0,0
2024,6,Massa-Carrara,20-24,Passenger,1,1,0,1,0
2024,6,Massa-Carrara,20-24,Pedestrian,1,1,0,1,0
2024,6,Massa-Carrara,25-29,Driver,1,1,0,1,0
2024,6,Massa-Carrara,25-29,Passenger,1,1,1,0,0
2024,6,Massa-Carrara,25-29,Pedestrian,1,1,0,1,0
2024,6,Massa-Carrara,30-44,Driver,6,5,0,5,0
2024,6,Massa-Carrara,30-44,Passenger,1,1,0,1,0
2024,6,Massa-Carrara,45-54,Driver,3,3,0,3,0
2024,6,Massa-Carrara,45-54,Passenger,1,1,0,1,0
2024,6,Massa-Carrara,55-59,Driver,1,1,1,0,0
2024,6,Massa-Carrara,60-64,Driver,1,1,0,1,0
2024,6,Massa-Carrara,60-64,Pedestrian,1,1,0,1,0
2024,6,Massa-Carrara,65+,Passenger,1,0,0,0,0
2024,7,Massa-Carrara,25-29,Passenger,1,1,0,1,0
2024,7,Massa-Carrara,30-44,Driver,2,2,1,1,0
2024,7,Massa-Carrara,45-54,Driver,1,1,0,1,0
2024,7,Massa-Carrara,45-54,Passenger,1,1,0,1,0
2024,7,Massa-Carrara,55-59,Driver,1,0,0,0,0
2024,7,Massa-Carrara,60-64,Pedestrian,1,0,0,0,0
2024,8,Massa-Carrara,18-20,Driver,2,2,0,2,0
2024,8,Massa-Carrara,20-24,Driver,3,3,0,3,0
2024,8,Massa-Carrara,20-24,Passenger,1,1,0,1,0
2024,8,Massa-Carrara,30-44,Driver,2,1,0,1,0
2024,8,Massa-Carrara,30-44,Passenger,2,2,1,1,0
2024,8,Massa-Carrara,45-54,Passenger,1,1,0,1,0
2024,8,Massa-Carrara,55-59,Driver,1,1,0,1,0
2024,8,Massa-Carrara,65+,Driver,1,0,0,0,0
2024,9,Massa-Carrara,20-24,Driver,2,2,0,2,0
2024,9,Massa-Carrara,20-24,Passenger,1,1,0,1,0
2024,9,Massa-Carrara,25-29,Driver,2,1,1,0,0
2024,9,Massa-Carrara,30-44,Driver,3,3,0,3,0
2024,9,Massa-Carrara,30-44,Passenger,2,2,0,2,0
2024,9,Massa-Carrara,45-54,Driver,2,1,0,1,0
2024,9,Massa-Carrara,45-54,Passenger,1,1,0,1,0
2024,9,Massa-Carrara,55-59,Driver,2,2,0,2,0
2024,9,Massa-Carrara,60-64,Driver,1,1,0,1,0
2024,10,Massa-Carrara,18-20,Driver,1,1,0,1,0
2024,10,Massa-Carrara,18-20,Passenger,1,0,0,0,0
2024,10,Massa-Carrara,30-44,Driver,2,2,1,1,0
2024,10,Massa-Carrara,30-44,Passenger,2,1,0,1,0
2024,10,Massa-Carrara,55-59,Driver,1,1,1,0,0
2024,11,Massa-Carrara,18-20,Driver,1,1,1,0,0
2024,11,Massa-Carrara,20-24,Driver,2,2,0,2,0
2024,11,Massa-Carrara,25-29,Driver,1,1,1,0,0
2024,11,Massa-Carrara,30-44,Driver,4,4,0,4,0
2024,11,Massa-Carrara,30-44,Passenger,2,1,0,1,0
2024,11,Massa-Carrara,30-44,Pedestrian,1,1,0,1,0
2024,11,Massa-Carrara,45-54,Driver,2,1,0,1,0
2024,11,Massa-Carrara,45-54,Passenger,2,1,0,1,0
2024,11,Massa-Carrara,45-54,Pedestrian,2,2,1,1,0
2024,11,Massa-Carrara,55-59,Driver,3,3,0,3,0
2024,11,Massa-Carrara,65+,Passenger,1,1,0,1,0
2024,12,Massa-Carrara,20-24,Driver,1,1,0,1,0
2024,12,Massa-Carrara,30-44,Driver,1,1,0,1,0
2024,12,Massa-Carrara,30-44,Passenger,1,1,0,1,0
2024,1,Matera,18-20,Driver,1,1,0,1,0
2024,1,Matera,20-24,Driver,1,1,0,1,0
2024,1,Matera,30-44,Driver,3,3,0,3,0
2024,1,Matera,30-44,Passenger,1,1,0,1,0
2024,1,Matera,45-54,Pedestrian,1,1,0,1,0
2024,1,Matera,55-59,Driver,1,1,0,1,0
2024,2,Matera,20-24,Driver,1,1,0,1,0
2024,2,Matera,25-29,Driver,3,3,0,3,0
2024,2,Matera,25-29,Passenger,1,1,0,1,0
2024,2,Matera,30-44,Driver,3,3,0,3,0
2024,2,Matera,30-44,Passenger,1,1,0,1,0
2024,2,Matera,45-54,Driver,1,0,0,0,0
2024,2,Matera,45-54,Passenger,2,1,0,1,0
2024,2,Matera,45-54,Pedestrian,1,1,1,0,0
2024,2,Matera,55-59,Driver,4,4,2,2,0
2024,2,Matera,65+,Driver,2,2,1,1,0
2024,3,Matera,25-29,Driver,1,1,1,0,0
2024,3,Matera,30-44,Driver,1,1,0,1,0
2024,3,Matera,30-44,Passenger,1,1,0,1,0
2024,3,Matera,30-44,Pedestrian,1,1,0,1,0
2024,3,Matera,45-54,Pedestrian,1,1,0,1,0
2024,3,Matera,55-59,Pedestrian,1,0,0,0,0
2024,4,Matera,20-24,Passenger,2,2,0,2,0
2024,4,Matera,30-44,Driver,1,1,1,0,0
2024,4,Matera,45-54,Driver,1,0,0,0,0
2024,4,Matera,60-64,Driver,1,0,0,0,0
2024,5,Matera,18-20,Driver,2,2,0,2,0
2024,5,Matera,20-24,Driver,1,0,0,0,0
2024,5,Matera,20-24,Pedestrian,1,1,0,1,0
2024,5,Matera,25-29,Passenger,1,1,0,1,0
2024,5,Matera,30-44,Driver,2,1,0,1,0
2024,5,Matera,30-44,Passenger,2,2,0,2,0
2024,5,Matera,30-44,Pedestrian,1,1,0,1,0
2024,5,Matera,45-54,Driver,1,0,0,0,0
2024,5,Matera,55-59,Driver,1,1,0,1,0
2024,6,Matera,30-44,Driver,3,2,1,1,0
2024,7,Matera,18-20,Driver,1,1,0,1,0
2024,7,Matera,30-44,Driver,2,2,0,2,0
2024,7,Matera,45-54,Passenger,1,1,0,1,0
2024,8,Matera,18-20,Driver,2,1,0,1,0
2024,8,Matera,30-44,Driver,1,0,0,0,0
2024,8,Matera,30-44,Passenger,2,2,0,2,0
2024,8,Matera,45-54,Driver,2,2,0,2,0
2024,8,Matera,55-59,Driver,1,1,0,1,0
2024,8,Matera,55-59,Pedestrian,1,1,0,1,0
2024,8,Matera,60-64,Driver,1,1,0,1,0
2024,8,Matera,60-64,Pedestrian,1,1,0,1,0
2024,9,Matera,18-20,Driver,1,1,0,1,0
2024,10,Matera,30-44,Driver,2,2,0,2,0
2024,10,Matera,55-59,Driver,1,1,0,1,0
2024,11,Matera,18-20,Passenger,1,1,0,1,0
2024,11,Matera,20-24,Driver,1,0,0,0,0
2024,11,Matera,20-24,Pedestrian,1,1,1,0,0
2024,11,Matera,25-29,Driver,3,3,0,3,0
2024,11,Matera,30-44,Passenger,2,2,0,2,0
2024,11,Matera,45-54,Driver,1,1,0,1,0
2024,11,Matera,45-54,Passenger,1,1,0,1,0
2024,11,Matera,45-54,Pedestrian,1,1,1,0,0
2024,12,Matera,18-20,Passenger,2,2,1,1,0
2024,12,Matera,25-29,Driver,1,1,0,1,0
2024,12,Matera,30-44,Driver,2,2,2,0,0
2024,12,Matera,30-44,Passenger,1,1,0,1,0
2024,12,Matera,45-54,Driver,1,0,0,0,0
2024,12,Matera,45-54,Passenger,1,1,0,1,0
2024,12,Matera,55-59,Driver,1,1,0,1,0
2024,12,Matera,65+,Driver,1,1,0,1,0
2024,12,Matera,65+,Passenger,1,1,0,1,0
2024,1,Messina,18-20,Driver,3,3,0,3,0
2024,1,Messina,18-20,Passenger,1,0,0,0,0
2024,1,Messina,25-29,Driver,2,2,0,2,0
2024,1,Messina,25-29,Passenger,1,1,0,1,0
2024,1,Messina,30-44,Driver,4,4,0,4,0
2024,1,Messina,30-44,Passenger,1,1,0,1,0
2024,1,Messina,30-44,Pedestrian,2,1,1,0,0
2024,1,Messina,45-54,Driver,5,5,0,5,0
2024,1,Messina,45-54,Passenger,1,1,0,1,0
2024,1,Messina,55-59,Driver,2,2,0,2,0
2024,1,Messina,65+,Driver,1,1,0,1,0
2024,2,Messina,30-44,Driver,1,1,1,0,0
2024,3,Messina,20-24,Driver,5,5,0,5,0
2024,3,Messina,20-24,Passenger,1,1,0,1,0
2024,3,Messina,25-29,Driver,2,2,0,2,0
2024,3,Messina,25-29,Pedestrian,1,1,0,1,0
2024,3,Messina,30-44,Driver,1,0,0,0,0
2024,3,Messina,45-54,Driver,5,4,0,4,0
2024,3,Messina,45-54,Passenger,1,1,0,1,0
2024,3,Messina,45-54,Pedestrian,1,1,0,1,0
2024,3,Messina,55-59,Driver,1,1,1,0,0
2024,3,Messina,60-64,Driver,1,1,0,1,0
2024,3,Messina,60-64,Pedestrian,1,0,0,0,0
2024,4,Messina,18-20,Driver,1,1,1,0,0
2024,4,Messina,18-20,Passenger,1,1,1,0,0
2024,4,Messina,18-20,Pedestrian,1,1,0,1,0
2024,4,Messina,20-24,Driver,1,1,0,1,0
2024,4,Messina,25-29,Driver,1,0,0,0,0
2024,4,Messina,25-29,Passenger,1,1,1,0,0
2024,4,Messina,25-29,Pedestrian,1,1,0,1,0
2024,4,Messina,30-44,Driver,5,3,2,1,0
2024,4,Messina,30-44,Pedestrian,2,2,1,1,0
2024,4,Messina,45-54,Driver,1,1,0,1,0
2024,4,Messina,55-59,Passenger,1,0,0,0,0
2024,4,Messina,60-64,Driver,2,2,0,2,0
2024,4,Messina,65+,Driver,3,2,1,1,0
2024,4,Messina,65+,Passenger,1,1,0,1,0
2024,5,Messina,18-20,Passenger,1,1,0,1,0
2024,5,Messina,20-24,Driver,2,2,1,1,0
2024,5,Messina,20-24,Passenger,1,1,0,1,0
2024,5,Messina,25-29,Passenger,1,1,0,1,0
2024,5,Messina,30-44,Driver,4,2,0,2,0
2024,5,Messina,30-44,Passenger,1,0,0,0,0
2024,5,Messina,30-44,Pedestrian,1,1,0,1,0
2024,5,Messina,55-59,Driver,1,1,0,1,0
2024,5,Messina,55-59,Passenger,1,1,1,0,0
2024,5,Messina,60-64,Driver,1,1,0,1,0
2024,5,Messina,60-64,Passenger,1,1,0,1,0
2024,6,Messina,18-20,Driver,3,3,0,3,0
2024,6,Messina,18-20,Passenger,1,1,0,1,0
2024,6,Messina,20-24,Driver,2,1,0,1,0
2024,6,Messina,20-24,Passenger,2,1,0,1,0
2024,6,Messina,25-29,Pedestrian,1,1,0,1,0
2024,6,Messina,30-44,Driver,4,3,1,2,0
2024,6,Messina,45-54,Driver,6,5,2,3,0
2024,6,Messina,45-54,Passenger,1,1,0,1,0
2024,6,Messina,45-54,Pedestrian,2,1,0,1,1
2024,6,Messina,55-59,Driver,2,2,1,1,0
2024,6,Messina,60-64,Driver,1,0,0,0,0
2024,7,Messina,18-20,Driver,5,4,1,3,0
2024,7,Messina,20-24,Driver,4,4,0,4,0
2024,7,Messina,20-24,Passenger,1,1,0,1,0
2024,7,Messina,20-24,Pedestrian,1,1,0,1,0
2024,7,Messina,25-29,Driver,4,4,0,4,0
2024,7,Messina,25-29,Pedestrian,1,1,0,1,0
2024,7,Messina,30-44,Driver,2,1,1,0,0
2024,7,Messina,30-44,Pedestrian,1,1,0,1,0
2024,7,Messina,45-54,Driver,2,1,0,1,0
2024,7,Messina,45-54,Pedestrian,1,1,0,1,0
2024,7,Messina,55-59,Driver,4,4,1,3,0
2024,7,Messina,55-59,Pedestrian,1,0,0,0,0
2024,7,Messina,60-64,Driver,4,3,1,2,0
2024,7,Messina,60-64,Pedestrian,1,1,1,0,0
2024,8,Messina,18-20,Driver,2,2,0,2,0
2024,8,Messina,18-20,Passenger,3,3,0,3,0
2024,8,Messina,20-24,Driver,3,2,0,2,0
2024,8,Messina,20-24,Passenger,3,3,0,3,0
2024,8,Messina,25-29,Driver,8,8,2,6,0
2024,8,Messina,30-44,Driver,8,7,0,7,0
2024,8,Messina,30-44,Passenger,1,1,1,0,0
2024,8,Messina,45-54,Driver,3,3,2,1,0
2024,8,Messina,45-54,Passenger,1,0,0,0,0
2024,8,Messina,55-59,Driver,2,1,0,1,0
2024,8,Messina,60-64,Driver,2,0,0,0,0
2024,8,Messina,60-64,Passenger,2,1,1,0,0
2024,9,Messina,18-20,Driver,2,1,0,1,0
2024,9,Messina,20-24,Driver,6,6,1,5,0
2024,9,Messina,20-24,Passenger,1,1,0,1,0
2024,9,Messina,25-29,Driver,5,4,0,4,0
2024,9,Messina,25-29,Passenger,1,0,0,0,0
2024,9,Messina,25-29,Pedestrian,1,1,0,1,0
2024,9,Messina,30-44,Driver,9,7,1,6,0
2024,9,Messina,30-44,Passenger,3,2,1,1,0
2024,9,Messina,45-54,Driver,7,5,0,5,0
2024,9,Messina,45-54,Passenger,3,3,0,3,0
2024,9,Messina,45-54,Pedestrian,1,1,0,1,0
2024,9,Messina,55-59,Driver,5,4,1,3,0
2024,9,Messina,55-59,Passenger,1,1,0,1,0
2024,9,Messina,60-64,Driver,1,1,0,1,0
2024,9,Messina,60-64,Passenger,1,1,0,1,0
2024,10,Messina,18-20,Driver,2,1,1,0,0
2024,10,Messina,20-24,Driver,3,1,0,1,0
2024,10,Messina,25-29,Driver,2,2,1,1,0
2024,10,Messina,30-44,Driver,5,5,1,4,0
2024,10,Messina,30-44,Pedestrian,1,1,0,1,0
2024,10,Messina,45-54,Driver,2,2,1,1,0
2024,10,Messina,45-54,Passenger,1,0,0,0,0
2024,10,Messina,55-59,Driver,1,1,0,1,0
2024,10,Messina,60-64,Passenger,1,1,0,1,0
2024,10,Messina,65+,Driver,1,1,0,1,0
2024,10,Messina,65+,Passenger,1,1,0,1,0
2024,11,Messina,18-20,Driver,2,1,0,1,0
2024,11,Messina,18-20,Passenger,1,1,0,1,0
2024,11,Messina,20-24,Driver,6,6,0,6,0
2024,11,Messina,20-24,Passenger,3,3,0,3,0
2024,11,Messina,25-29,Driver,2,2,1,1,0
2024,11,Messina,30-44,Driver,8,5,2,3,0
2024,11,Messina,30-44,Passenger,1,1,0,1,0
2024,11,Messina,30-44,Pedestrian,1,0,0,0,0
2024,11,Messina,45-54,Driver,4,4,0,4,0
2024,11,Messina,45-54,Passenger,1,0,0,0,0
2024,11,Messina,55-59,Driver,1,1,0,1,0
2024,11,Messina,55-59,Passenger,1,1,0,1,0
2024,11,Messina,55-59,Pedestrian,1,1,0,1,0
2024,12,Messina,18-20,Driver,2,2,0,2,0
2024,12,Messina,18-20,Passenger,1,1,0,1,0
2024,12,Messina,20-24,Driver,3,1,0,1,0
2024,12,Messina,20-24,Passenger,1,1,0,1,0
2024,12,Messina,25-29,Driver,2,2,1,1,0
2024,12,Messina,30-44,Driver,1,1,0,1,0
2024,12,Messina,45-54,Driver,2,1,0,1,0
2024,12,Messina,45-54,Passenger,2,1,0,1,0
2024,12,Messina,55-59,Driver,2,1,1,0,0
2024,12,Messina,60-64,Driver,1,1,1,0,0
2024,12,Messina,60-64,Passenger,1,1,0,1,0
2024,1,Milano,25-29,Driver,1,1,0,1,0
2024,2,Milano,18-20,Driver,3,3,1,2,0
2024,2,Milano,18-20,Passenger,1,1,0,1,0
2024,2,Milano,20-24,Driver,6,5,3,2,0
2024,2,Milano,20-24,Passenger,2,2,0,2,0
2024,2,Milano,20-24,Pedestrian,2,2,0,2,0
2024,2,Milano,25-29,Driver,4,3,0,3,0
2024,2,Milano,25-29,Passenger,1,1,0,1,0
2024,2,Milano,30-44,Driver,6,4,0,4,0
2024,2,Milano,30-44,Passenger,2,2,0,2,0
2024,2,Milano,45-54,Driver,4,4,1,3,0
2024,2,Milano,45-54,Passenger,1,1,1,0,0
2024,2,Milano,45-54,Pedestrian,1,1,0,1,0
2024,2,Milano,55-59,Driver,3,3,0,3,0
2024,2,Milano,55-59,Passenger,4,2,0,2,1
2024,2,Milano,60-64,Driver,2,2,1,1,0
2024,2,Milano,60-64,Passenger,1,0,0,0,0
2024,2,Milano,65+,Passenger,1,1,0,1,0
2024,3,Milano,18-20,Driver,12,12,2,10,0
2024,3,Milano,18-20,Passenger,4,4,0,4,0
2024,3,Milano,18-20,Pedestrian,2,2,1,1,0
2024,3,Milano,20-24,Driver,9,6,2,4,0
2024,3,Milano,20-24,Passenger,3,3,2,1,0
2024,3,Milano,20-24,Pedestrian,1,1,0,1,0
2024,3,Milano,25-29,Driver,15,13,2,11,0
2024,3,Milano,25-29,Passenger,1,1,0,1,0
2024,3,Milano,30-44,Driver,23,20,5,15,0
2024,3,Milano,30-44,Passenger,9,8,0,8,0
2024,3,Milano,30-44,Pedestrian,1,1,0,1,0
2024,3,Milano,45-54,Driver,9,7,1,6,0
2024,3,Milano,45-54,Passenger,4,4,0,4,0
2024,3,Milano,55-59,Driver,8,8,2,6,0
2024,3,Milano,55-59,Passenger,5,4,1,3,0
2024,3,Milano,55-59,Pedestrian,2,2,0,2,0
2024,3,Milano,60-64,Driver,5,3,1,2,0
2024,3,Milano,60-64,Passenger,2,1,0,1,0
2024,3,Milano,60-64,Pedestrian,2,2,0,2,0
2024,3,Milano,65+,Driver,3,3,1,2,0
2024,3,Milano,65+,Passenger,1,1,0,1,0
2024,4,Milano,18-20,Driver,10,6,1,5,0
2024,4,Milano,18-20,Passenger,3,1,0,1,0
2024,4,Milano,18-20,Pedestrian,1,1,0,1,0
2024,4,Milano,20-24,Driver,9,6,2,4,0
2024,4,Milano,20-24,Passenger,3,2,0,2,0
2024,4,Milano,20-24,Pedestrian,1,0,0,0,0
2024,4,Milano,25-29,Driver,8,5,2,3,0
2024,4,Milano,25-29,Passenger,4,4,2,2,0
2024,4,Milano,25-29,Pedestrian,1,1,0,1,0
2024,4,Milano,30-44,Driver,11,10,1,9,1
2024,4,Milano,30-44,Passenger,3,2,1,1,0
2024,4,Milano,30-44,Pedestrian,1,1,0,1,0
2024,4,Milano,45-54,Driver,11,9,1,8,2
2024,4,Milano,45-54,Passenger,2,2,1,1,0
2024,4,Milano,45-54,Pedestrian,2,2,0,2,0
2024,4,Milano,55-59,Driver,7,6,1,5,0
2024,4,Milano,55-59,Passenger,1,1,0,1,0
2024,4,Milano,60-64,Driver,4,3,1,2,0
2024,4,Milano,60-64,Passenger,1,0,0,0,0
2024,4,Milano,65+,Driver,4,4,1,3,1
2024,4,Milano,65+,Passenger,3,0,0,0,0
2024,4,Milano,65+,Pedestrian,1,1,0,1,0
2024,5,Milano,18-20,Driver,12,10,2,8,0
2024,5,Milano,18-20,Passenger,6,6,1,5,0
2024,5,Milano,20-24,Driver,17,16,7,9,0
2024,5,Milano,20-24,Passenger,9,7,1,6,0
2024,5,Milano,20-24,Pedestrian,4,4,1,3,0
2024,5,Milano,25-29,Driver,20,18,1,17,1
2024,5,Milano,25-29,Passenger,2,2,1,1,0
2024,5,Milano,25-29,Pedestrian,3,2,1,1,0
2024,5,Milano,30-44,Driver,32,26,5,21,0
2024,5,Milano,30-44,Passenger,11,10,1,9,0
2024,5,Milano,30-44,Pedestrian,1,1,0,1,0
2024,5,Milano,45-54,Driver,14,13,3,10,0
2024,5,Milano,45-54,Passenger,10,8,3,5,0
2024,5,Milano,55-59,Driver,16,14,1,13,0
2024,5,Milano,55-59,Passenger,5,5,1,4,0
2024,5,Milano,55-59,Pedestrian,2,2,0,2,0
2024,5,Milano,60-64,Driver,11,10,2,8,0
2024,5,Milano,60-64,Passenger,2,2,0,2,0
2024,5,Milano,60-64,Pedestrian,1,1,0,1,0
2024,5,Milano,65+,Driver,4,4,0,4,0
2024,5,Milano,65+,Passenger,2,1,0,1,0
2024,6,Milano,18-20,Driver,5,4,1,3,0
2024,6,Milano,18-20,Passenger,2,2,0,2,0
2024,6,Milano,20-24,Driver,4,2,2,0,0
2024,6,Milano,20-24,Passenger,4,3,0,3,0
2024,6,Milano,25-29,Driver,9,6,1,5,1
2024,6,Milano,25-29,Passenger,6,3,2,1,0
2024,6,Milano,30-44,Driver,12,10,0,10,0
2024,6,Milano,30-44,Passenger,3,3,1,2,0
2024,6,Milano,30-44,Pedestrian,2,1,0,1,0
2024,6,Milano,45-54,Driver,12,11,3,8,0
2024,6,Milano,45-54,Passenger,4,4,0,4,0
2024,6,Milano,45-54,Pedestrian,2,2,0,2,0
2024,6,Milano,55-59,Driver,4,3,1,2,0
2024,6,Milano,55-59,Passenger,5,5,0,5,0
2024,6,Milano,60-64,Driver,2,2,0,2,0
2024,6,Milano,65+,Driver,2,2,0,2,0
2024,6,Milano,65+,Passenger,2,2,0,2,0
2024,6,Milano,65+,Pedestrian,1,1,1,0,0
2024,7,Milano,18-20,Driver,9,6,2,4,0
2024,7,Milano,18-20,Passenger,2,2,1,1,0
2024,7,Milano,20-24,Driver,17,16,3,13,0
2024,7,Milano,20-24,Passenger,8,7,0,7,0
2024,7,Milano,20-24,Pedestrian,1,1,0,1,0
2024,7,Milano,25-29,Driver,20,15,3,12,0
2024,7,Milano,25-29,Passenger,4,3,1,2,0
2024,7,Milano,25-29,Pedestrian,2,2,0,2,0
2024,7,Milano,30-44,Driver,28,24,5,19,0
2024,7,Milano,30-44,Passenger,9,8,1,7,0
2024,7,Milano,30-44,Pedestrian,4,3,2,1,0
2024,7,Milano,45-54,Driver,25,19,7,12,0
2024,7,Milano,45-54,Passenger,4,4,0,4,0
2024,7,Milano,45-54,Pedestrian,3,3,0,3,0
2024,7,Milano,55-59,Driver,15,12,2,10,0
2024,7,Milano,55-59,Passenger,4,3,1,2,0
2024,7,Milano,60-64,Driver,5,4,0,4,0
2024,7,Milano,60-64,Passenger,1,0,0,0,0
2024,7,Milano,65+,Driver,5,5,1,4,0
2024,7,Milano,65+,Pedestrian,1,1,0,1,0
2024,8,Milano,18-20,Driver,1,1,1,0,0
2024,9,Milano,18-20,Driver,7,7,1,6,0
2024,9,Milano,18-20,Passenger,3,3,0,3,0
2024,9,Milano,18-20,Pedestrian,1,0,0,0,0
2024,9,Milano,20-24,Driver,8,5,0,5,0
2024,9,Milano,20-24,Passenger,5,4,2,2,0
2024,9,Milano,25-29,Driver,10,8,1,7,0
2024,9,Milano,25-29,Passenger,6,5,2,3,0
2024,9,Milano,25-29,Pedestrian,4,3,1,2,0
2024,9,Milano,30-44,Driver,17,14,2,12,0
2024,9,Milano,30-44,Passenger,3,2,0,2,0
2024,9,Milano,30-44,Pedestrian,2,2,0,2,0
2024,9,Milano,45-54,Driver,11,9,3,6,0
2024,9,Milano,45-54,Passenger,3,2,1,1,0
2024,9,Milano,45-54,Pedestrian,2,2,1,1,0
2024,9,Milano,55-59,Driver,6,5,0,5,0
2024,9,Milano,55-59,Passenger,4,3,2,1,0
2024,9,Milano,60-64,Driver,3,3,0,3,0
2024,9,Milano,60-64,Passenger,1,1,1,0,0
2024,9,Milano,60-64,Pedestrian,2,1,0,1,0
2024,9,Milano,65+,Driver,2,1,0,1,0
2024,9,Milano,65+,Passenger,1,1,0,1,0
2024,10,Milano,18-20,Driver,8,6,3,3,0
2024,10,Milano,18-20,Passenger,1,1,0,1,0
2024,10,Milano,20-24,Driver,4,4,0,4,0
2024,10,Milano,25-29,Driver,3,3,0,3,0
2024,10,Milano,30-44,Driver,8,7,0,7,1
2024,10,Milano,30-44,Passenger,1,1,0,1,0
2024,10,Milano,45-54,Driver,6,5,2,3,0
2024,10,Milano,45-54,Passenger,3,3,0,3,0
2024,10,Milano,45-54,Pedestrian,1,1,0,1,0
2024,10,Milano,55-59,Driver,5,4,1,3,0
2024,10,Milano,55-59,Passenger,1,1,0,1,0
2024,10,Milano,60-64,Driver,5,5,2,3,1
2024,10,Milano,60-64,Passenger,1,1,0,1,0
2024,10,Milano,60-64,Pedestrian,2,2,1,1,0
2024,10,Milano,65+,Driver,4,4,1,3,0
2024,10,Milano,65+,Passenger,1,1,0,1,0
2024,11,Milano,45-54,Passenger,1,1,0,1,0
2024,12,Milano,18-20,Driver,2,1,0,1,1
2024,12,Milano,18-20,Passenger,2,2,0,2,0
2024,12,Milano,18-20,Pedestrian,1,1,0,1,0
2024,12,Milano,20-24,Driver,4,2,0,2,0
2024,12,Milano,20-24,Passenger,2,0,0,0,0
2024,12,Milano,25-29,Driver,7,7,0,7,0
2024,12,Milano,25-29,Passenger,3,3,0,3,0
2024,12,Milano,25-29,Pedestrian,1,1,0,1,0
2024,12,Milano,30-44,Driver,4,2,0,2,0
2024,12,Milano,30-44,Passenger,3,3,1,2,0
2024,12,Milano,30-44,Pedestrian,1,1,1,0,0
2024,12,Milano,45-54,Driver,11,8,1,7,0
2024,12,Milano,45-54,Passenger,1,1,1,0,0
2024,12,Milano,55-59,Driver,1,0,0,0,0
2024,12,Milano,55-59,Passenger,3,1,0,1,0
2024,12,Milano,60-64,Driver,1,1,0,1,0
2024,12,Milano,60-64,Passenger,1,1,1,0,0
2024,12,Milano,60-64,Pedestrian,1,0,0,0,0
2024,12,Milano,65+,Passenger,2,0,0,0,0
2024,1,Modena,18-20,Driver,2,2,0,2,0
2024,1,Modena,18-20,Pedestrian,1,1,0,1,0
2024,1,Modena,20-24,Driver,9,6,2,4,0
2024,1,Modena,20-24,Passenger,3,3,0,3,0
2024,1,Modena,25-29,Driver,5,4,0,4,0
2024,1,Modena,25-29,Passenger,4,3,1,2,0
2024,1,Modena,25-29,Pedestrian,1,1,0,1,0
2024,1,Modena,30-44,Driver,2,2,0,2,0
2024,1,Modena,30-44,Passenger,4,3,0,3,0
2024,1,Modena,30-44,Pedestrian,3,3,0,3,0
2024,1,Modena,45-54,Driver,13,6,1,5,0
2024,1,Modena,45-54,Passenger,5,5,0,5,0
2024,1,Modena,45-54,Pedestrian,1,0,0,0,0
2024,1,Modena,55-59,Driver,6,5,0,5,0
2024,1,Modena,55-59,Passenger,3,3,1,2,0
2024,1,Modena,55-59,Pedestrian,2,2,1,1,0
2024,1,Modena,60-64,Driver,4,1,0,1,0
2024,1,Modena,60-64,Passenger,1,1,0,1,0
2024,1,Modena,60-64,Pedestrian,1,1,0,1,0
2024,1,Modena,65+,Driver,1,1,1,0,0
2024,2,Modena,18-20,Driver,7,6,1,5,0
2024,2,Modena,18-20,Passenger,4,3,1,2,0
2024,2,Modena,20-24,Driver,10,9,0,9,0
2024,2,Modena,20-24,Passenger,4,3,1,2,0
2024,2,Modena,20-24,Pedestrian,1,1,0,1,0
2024,2,Modena,25-29,Driver,3,2,0,2,0
2024,2,Modena,25-29,Passenger,1,1,1,0,0
2024,2,Modena,30-44,Driver,7,6,1,5,0
2024,2,Modena,30-44,Passenger,5,5,1,4,0
2024,2,Modena,30-44,Pedestrian,1,1,0,1,1
2024,2,Modena,45-54,Driver,8,5,1,4,0
2024,2,Modena,45-54,Passenger,4,2,0,2,0
2024,2,Modena,45-54,Pedestrian,2,1,0,1,0
2024,2,Modena,55-59,Driver,1,1,0,1,0
2024,2,Modena,55-59,Passenger,2,2,0,2,0
2024,2,Modena,60-64,Driver,3,3,0,3,0
2024,2,Modena,60-64,Passenger,4,4,1,3,0
2024,2,Modena,65+,Driver,2,1,0,1,0
2024,2,Modena,65+,Pedestrian,1,1,0,1,0
2024,3,Modena,18-20,Driver,6,5,1,4,0
2024,3,Modena,20-24,Driver,4,3,2,1,0
2024,3,Modena,20-24,Passenger,5,5,0,5,0
2024,3,Modena,20-24,Pedestrian,2,2,1,1,0
2024,3,Modena,25-29,Driver,4,4,0,4,0
2024,3,Modena,25-29,Passenger,3,3,0,3,0
2024,3,Modena,30-44,Driver,4,4,1,3,0
2024,3,Modena,30-44,Passenger,2,2,0,2,0
2024,3,Modena,30-44,Pedestrian,2,2,2,0,0
2024,3,Modena,45-54,Driver,1,1,0,1,0
2024,3,Modena,45-54,Passenger,2,2,1,1,0
2024,3,Modena,45-54,Pedestrian,1,1,0,1,0
2024,3,Modena,55-59,Driver,2,2,0,2,0
2024,3,Modena,55-59,Passenger,1,1,0,1,0
2024,3,Modena,60-64,Driver,7,5,0,5,0
2024,4,Modena,18-20,Driver,4,2,1,1,1
2024,4,Modena,18-20,Passenger,3,0,0,0,0
2024,4,Modena,20-24,Driver,3,2,1,1,0
2024,4,Modena,25-29,Driver,4,4,0,4,0
2024,4,Modena,25-29,Pedestrian,1,1,0,1,0
2024,4,Modena,30-44,Driver,7,3,2,1,0
2024,4,Modena,30-44,Passenger,1,1,0,1,0
2024,4,Modena,30-44,Pedestrian,1,1,0,1,0
2024,4,Modena,45-54,Driver,7,4,3,1,0
2024,4,Modena,45-54,Passenger,5,5,4,1,0
2024,4,Modena,45-54,Pedestrian,1,1,0,1,0
2024,4,Modena,55-59,Driver,5,3,1,2,0
2024,4,Modena,55-59,Passenger,3,1,1,0,0
2024,4,Modena,60-64,Driver,3,3,0,3,0
2024,4,Modena,65+,Driver,3,2,0,2,0
2024,5,Modena,18-20,Driver,4,4,1,3,0
2024,5,Modena,20-24,Driver,5,4,0,4,0
2024,5,Modena,25-29,Driver,5,5,0,5,0
2024,5,Modena,25-29,Passenger,2,1,0,1,0
2024,5,Modena,25-29,Pedestrian,1,1,1,0,0
2024,5,Modena,30-44,Driver,10,8,0,8,0
2024,5,Modena,30-44,Passenger,1,1,1,0,0
2024,5,Modena,30-44,Pedestrian,1,1,0,1,0
2024,5,Modena,45-54,Driver,2,2,0,2,0
2024,5,Modena,45-54,Passenger,6,5,1,4,0
2024,5,Modena,55-59,Driver,3,2,0,2,0
2024,5,Modena,55-59,Passenger,1,1,0,1,0
2024,5,Modena,60-64,Passenger,1,1,0,1,0
2024,5,Modena,60-64,Pedestrian,1,1,0,1,1
2024,5,Modena,65+,Driver,1,1,0,1,0
2024,6,Modena,18-20,Driver,4,4,0,4,0
2024,6,Modena,18-20,Passenger,2,2,1,1,0
2024,6,Modena,20-24,Driver,6,6,0,6,0
2024,6,Modena,20-24,Passenger,3,3,0,3,0
2024,6,Modena,20-24,Pedestrian,1,1,1,0,0
2024,6,Modena,25-29,Driver,4,3,0,3,1
2024,6,Modena,25-29,Passenger,3,3,1,2,0
2024,6,Modena,25-29,Pedestrian,1,0,0,0,0
2024,6,Modena,30-44,Driver,9,8,0,8,0
2024,6,Modena,30-44,Passenger,3,2,0,2,0
2024,6,Modena,30-44,Pedestrian,2,2,1,1,0
2024,6,Modena,45-54,Driver,6,5,2,3,0
2024,6,Modena,55-59,Driver,6,5,1,4,0
2024,6,Modena,55-59,Passenger,1,1,1,0,0
2024,6,Modena,60-64,Driver,5,4,2,2,0
2024,6,Modena,60-64,Passenger,1,1,1,0,0
2024,6,Modena,65+,Driver,3,3,1,2,1
2024,7,Modena,18-20,Driver,5,5,1,4,0
2024,7,Modena,18-20,Passenger,2,2,1,1,0
2024,7,Modena,18-20,Pedestrian,2,2,0,2,0
2024,7,Modena,20-24,Driver,6,6,0,6,0
2024,7,Modena,20-24,Passenger,1,1,0,1,0
2024,7,Modena,25-29,Driver,4,4,1,3,0
2024,7,Modena,25-29,Passenger,2,1,1,0,0
2024,7,Modena,25-29,Pedestrian,3,2,1,1,0
2024,7,Modena,30-44,Driver,4,3,0,3,0
2024,7,Modena,30-44,Passenger,4,3,1,2,0
2024,7,Modena,30-44,Pedestrian,2,2,1,1,0
2024,7,Modena,45-54,Driver,6,4,0,4,0
2024,7,Modena,45-54,Passenger,3,2,1,1,0
2024,7,Modena,45-54,Pedestrian,1,1,0,1,0
2024,7,Modena,55-59,Driver,4,2,0,2,0
2024,7,Modena,55-59,Passenger,2,1,0,1,0
2024,7,Modena,60-64,Driver,3,3,0,3,0
2024,7,Modena,65+,Driver,4,4,1,3,0
2024,8,Modena,18-20,Driver,1,1,0,1,0
2024,8,Modena,20-24,Driver,1,1,1,0,0
2024,8,Modena,20-24,Passenger,1,1,0,1,0
2024,8,Modena,20-24,Pedestrian,1,0,0,0,0
2024,8,Modena,30-44,Driver,4,3,0,3,0
2024,8,Modena,30-44,Passenger,1,1,0,1,0
2024,8,Modena,45-54,Driver,6,6,2,4,0
2024,8,Modena,45-54,Passenger,2,1,0,1,0
2024,8,Modena,55-59,Driver,3,3,0,3,0
2024,8,Modena,55-59,Passenger,1,1,0,1,0
2024,8,Modena,60-64,Driver,2,2,1,1,0
2024,8,Modena,65+,Driver,2,2,0,2,0
2024,9,Modena,18-20,Driver,1,1,0,1,0
2024,9,Modena,18-20,Passenger,1,1,0,1,0
2024,9,Modena,20-24,Driver,3,3,1,2,0
2024,9,Modena,20-24,Passenger,1,1,1,0,0
2024,9,Modena,25-29,Driver,4,3,0,3,0
2024,9,Modena,25-29,Pedestrian,1,1,0,1,0
2024,9,Modena,30-44,Driver,5,5,1,4,0
2024,9,Modena,30-44,Passenger,1,1,0,1,0
2024,9,Modena,30-44,Pedestrian,3,3,0,3,0
2024,9,Modena,45-54,Driver,3,3,1,2,0
2024,9,Modena,45-54,Passenger,1,1,0,1,0
2024,9,Modena,45-54,Pedestrian,1,1,0,1,0
2024,9,Modena,55-59,Driver,2,2,1,1,0
2024,9,Modena,60-64,Driver,1,0,0,0,0
2024,10,Modena,18-20,Driver,2,2,0,2,0
2024,10,Modena,20-24,Driver,1,1,0,1,0
2024,10,Modena,20-24,Passenger,1,1,0,1,0
2024,10,Modena,25-29,Driver,3,3,1,2,0
2024,10,Modena,25-29,Pedestrian,2,2,0,2,0
2024,10,Modena,30-44,Driver,1,1,1,0,0
2024,10,Modena,45-54,Driver,6,6,1,5,0
2024,10,Modena,45-54,Passenger,2,2,0,2,0
2024,10,Modena,55-59,Driver,4,2,0,2,0
2024,10,Modena,55-59,Passenger,1,1,0,1,0
2024,10,Modena,60-64,Driver,1,1,0,1,0
2024,10,Modena,65+,Driver,1,1,0,1,0
2024,11,Modena,18-20,Driver,1,1,0,1,0
2024,11,Modena,18-20,Passenger,1,1,0,1,0
2024,11,Modena,18-20,Pedestrian,1,1,1,0,0
2024,11,Modena,20-24,Driver,3,3,1,2,0
2024,11,Modena,20-24,Passenger,1,1,0,1,0
2024,11,Modena,30-44,Driver,1,1,0,1,0
2024,11,Modena,30-44,Passenger,1,0,0,0,0
2024,11,Modena,45-54,Passenger,1,1,0,1,0
2024,11,Modena,45-54,Pedestrian,1,1,1,0,0
2024,11,Modena,55-59,Driver,1,1,0,1,0
2024,11,Modena,55-59,Passenger,1,0,0,0,0
2024,11,Modena,60-64,Pedestrian,1,1,0,1,0
2024,11,Modena,65+,Driver,1,1,0,1,0
2024,11,Modena,65+,Pedestrian,1,1,1,0,0
2024,12,Modena,18-20,Driver,4,2,0,2,0
2024,12,Modena,20-24,Driver,6,6,2,4,0
2024,12,Modena,20-24,Passenger,2,2,0,2,0
2024,12,Modena,20-24,Pedestrian,1,0,0,0,0
2024,12,Modena,25-29,Driver,1,1,0,1,0
2024,12,Modena,25-29,Passenger,1,0,0,0,0
2024,12,Modena,30-44,Driver,6,4,0,4,0
2024,12,Modena,30-44,Passenger,1,1,1,0,0
2024,12,Modena,45-54,Driver,5,4,1,3,0
2024,12,Modena,45-54,Passenger,2,1,0,1,0
2024,12,Modena,45-54,Pedestrian,1,0,0,0,0
2024,12,Modena,55-59,Driver,3,3,1,2,0
2024,12,Modena,55-59,Pedestrian,1,1,0,1,0
2024,12,Modena,60-64,Driver,4,2,1,1,0
2024,12,Modena,65+,Driver,1,1,1,0,0
2024,12,Modena,65+,Passenger,1,1,0,1,0
2024,1,Monza e della Brianza,18-20,Driver,3,3,0,3,0
2024,1,Monza e della Brianza,18-20,Passenger,2,2,0,2,0
2024,1,Monza e della Brianza,20-24,Driver,6,6,2,4,0
2024,1,Monza e della Brianza,20-24,Passenger,3,3,1,2,0
2024,1,Monza e della Brianza,25-29,Driver,3,1,1,0,0
2024,1,Monza e della Brianza,30-44,Driver,7,5,0,5,0
2024,1,Monza e della Brianza,30-44,Passenger,2,1,0,1,0
2024,1,Monza e della Brianza,45-54,Driver,9,7,2,5,0
2024,1,Monza e della Brianza,45-54,Passenger,2,2,0,2,0
2024,1,Monza e della Brianza,55-59,Driver,2,0,0,0,0
2024,1,Monza e della Brianza,60-64,Driver,2,2,0,2,0
2024,1,Monza e della Brianza,65+,Pedestrian,1,1,1,0,0
2024,2,Monza e della Brianza,18-20,Driver,4,4,1,3,0
2024,2,Monza e della Brianza,18-20,Passenger,1,1,0,1,0
2024,2,Monza e della Brianza,20-24,Driver,3,3,1,2,0
2024,2,Monza e della Brianza,20-24,Passenger,2,2,0,2,0
2024,2,Monza e della Brianza,25-29,Driver,4,4,1,3,0
2024,2,Monza e della Brianza,25-29,Passenger,3,3,1,2,0
2024,2,Monza e della Brianza,25-29,Pedestrian,1,1,0,1,0
2024,2,Monza e della Brianza,30-44,Driver,7,6,2,4,0
2024,2,Monza e della Brianza,30-44,Passenger,2,2,0,2,0
2024,2,Monza e della Brianza,30-44,Pedestrian,2,1,0,1,0
2024,2,Monza e della Brianza,45-54,Driver,2,2,1,1,0
2024,2,Monza e della Brianza,45-54,Passenger,1,1,0,1,0
2024,2,Monza e della Brianza,45-54,Pedestrian,1,1,0,1,0
2024,2,Monza e della Brianza,55-59,Driver,1,1,0,1,0
2024,2,Monza e della Brianza,55-59,Passenger,4,3,0,3,0
2024,2,Monza e della Brianza,60-64,Driver,5,5,1,4,0
2024,2,Monza e della Brianza,60-64,Passenger,1,1,0,1,0
2024,2,Monza e della Brianza,65+,Driver,1,1,0,1,0
2024,3,Monza e della Brianza,18-20,Driver,3,3,0,3,0
2024,3,Monza e della Brianza,20-24,Driver,4,4,0,4,0
2024,3,Monza e della Brianza,20-24,Passenger,3,2,0,2,0
2024,3,Monza e della Brianza,20-24,Pedestrian,2,2,0,2,0
2024,3,Monza e della Brianza,25-29,Driver,2,1,0,1,0
2024,3,Monza e della Brianza,25-29,Passenger,3,3,2,1,0
2024,3,Monza e della Brianza,30-44,Driver,7,6,0,6,0
2024,3,Monza e della Brianza,30-44,Pedestrian,1,1,0,1,1
2024,3,Monza e della Brianza,45-54,Driver,9,7,0,7,0
2024,3,Monza e della Brianza,45-54,Passenger,1,1,0,1,0
2024,3,Monza e della Brianza,45-54,Pedestrian,1,1,0,1,0
2024,3,Monza e della Brianza,55-59,Driver,4,4,1,3,0
2024,3,Monza e della Brianza,55-59,Passenger,2,1,0,1,0
2024,3,Monza e della Brianza,60-64,Driver,1,1,0,1,0
2024,3,Monza e della Brianza,60-64,Passenger,1,1,0,1,0
2024,3,Monza e della Brianza,65+,Driver,1,1,0,1,0
2024,4,Monza e della Brianza,18-20,Driver,1,1,0,1,0
2024,4,Monza e della Brianza,25-29,Driver,1,1,0,1,0
2024,4,Monza e della Brianza,30-44,Driver,2,1,0,1,0
2024,4,Monza e della Brianza,30-44,Passenger,2,1,0,1,0
2024,4,Monza e della Brianza,30-44,Pedestrian,1,1,0,1,0
2024,4,Monza e della Brianza,45-54,Driver,3,3,1,2,0
2024,4,Monza e della Brianza,45-54,Pedestrian,2,2,1,1,0
2024,4,Monza e della Brianza,55-59,Driver,1,1,0,1,0
2024,4,Monza e della Brianza,55-59,Passenger,1,1,0,1,0
2024,5,Monza e della Brianza,18-20,Driver,2,0,0,0,0
2024,5,Monza e della Brianza,18-20,Passenger,2,2,1,1,0
2024,5,Monza e della Brianza,20-24,Driver,4,3,0,3,0
2024,5,Monza e della Brianza,25-29,Driver,6,5,1,4,0
2024,5,Monza e della Brianza,25-29,Passenger,4,3,1,2,0
2024,5,Monza e della Brianza,30-44,Driver,8,6,1,5,0
2024,5,Monza e della Brianza,30-44,Pedestrian,2,2,0,2,0
2024,5,Monza e della Brianza,45-54,Driver,5,3,0,3,0
2024,5,Monza e della Brianza,45-54,Passenger,2,2,0,2,0
2024,5,Monza e della Brianza,55-59,Driver,3,2,0,2,0
2024,5,Monza e della Brianza,60-64,Driver,3,3,0,3,0
2024,5,Monza e della Brianza,60-64,Passenger,1,1,0,1,0
2024,5,Monza e della Brianza,65+,Driver,1,0,0,0,0
2024,6,Monza e della Brianza,18-20,Driver,2,2,0,2,0
2024,6,Monza e della Brianza,18-20,Passenger,1,1,0,1,0
2024,6,Monza e della Brianza,18-20,Pedestrian,1,1,0,1,0
2024,6,Monza e della Brianza,20-24,Driver,4,3,2,1,0
2024,6,Monza e della Brianza,20-24,Pedestrian,1,1,0,1,0
2024,6,Monza e della Brianza,25-29,Driver,3,2,0,2,0
2024,6,Monza e della Brianza,25-29,Pedestrian,1,1,0,1,0
2024,6,Monza e della Brianza,30-44,Driver,6,6,1,5,0
2024,6,Monza e della Brianza,45-54,Driver,2,2,0,2,0
2024,6,Monza e della Brianza,45-54,Passenger,1,1,0,1,0
2024,6,Monza e della Brianza,55-59,Driver,3,2,1,1,0
2024,6,Monza e della Brianza,55-59,Pedestrian,1,1,0,1,0
2024,6,Monza e della Brianza,60-64,Driver,2,2,0,2,0
2024,6,Monza e della Brianza,60-64,Passenger,1,1,0,1,0
2024,6,Monza e della Brianza,65+,Driver,1,0,0,0,0
2024,6,Monza e della Brianza,65+,Passenger,1,1,0,1,0
2024,7,Monza e della Brianza,18-20,Passenger,1,1,1,0,0
2024,7,Monza e della Brianza,20-24,Driver,2,2,0,2,0
2024,7,Monza e della Brianza,20-24,Passenger,2,2,0,2,0
2024,7,Monza e della Brianza,25-29,Driver,4,4,0,4,0
2024,7,Monza e della Brianza,25-29,Passenger,2,2,0,2,0
2024,7,Monza e della Brianza,30-44,Driver,4,3,0,3,0
2024,7,Monza e della Brianza,30-44,Passenger,1,0,0,0,0
2024,7,Monza e della Brianza,30-44,Pedestrian,1,1,0,1,0
2024,7,Monza e della Brianza,45-54,Driver,6,4,0,4,0
2024,7,Monza e della Brianza,45-54,Passenger,2,2,0,2,0
2024,7,Monza e della Brianza,45-54,Pedestrian,3,3,1,2,0
2024,7,Monza e della Brianza,55-59,Driver,1,1,1,0,0
2024,7,Monza e della Brianza,55-59,Passenger,1,1,0,1,0
2024,7,Monza e della Brianza,60-64,Passenger,1,1,1,0,0
2024,7,Monza e della Brianza,65+,Driver,1,0,0,0,0
2024,8,Monza e della Brianza,18-20,Driver,4,3,2,1,1
2024,8,Monza e della Brianza,18-20,Passenger,2,2,0,2,0
2024,8,Monza e della Brianza,18-20,Pedestrian,1,1,0,1,0
2024,8,Monza e della Brianza,20-24,Driver,10,8,0,8,0
2024,8,Monza e della Brianza,20-24,Passenger,3,2,2,0,0
2024,8,Monza e della Brianza,20-24,Pedestrian,2,2,0,2,0
2024,8,Monza e della Brianza,25-29,Driver,7,3,1,2,0
2024,8,Monza e della Brianza,25-29,Pedestrian,1,1,0,1,0
2024,8,Monza e della Brianza,30-44,Driver,9,9,3,6,0
2024,8,Monza e della Brianza,30-44,Passenger,2,2,0,2,0
2024,8,Monza e della Brianza,45-54,Driver,9,8,0,8,0
2024,8,Monza e della Brianza,45-54,Pedestrian,1,0,0,0,0
2024,8,Monza e della Brianza,55-59,Driver,1,1,1,0,0
2024,8,Monza e della Brianza,60-64,Driver,1,1,1,0,0
2024,8,Monza e della Brianza,65+,Driver,2,1,0,1,0
2024,8,Monza e della Brianza,65+,Passenger,1,1,0,1,0
2024,9,Monza e della Brianza,18-20,Driver,2,2,0,2,0
2024,9,Monza e della Brianza,18-20,Passenger,2,1,1,0,0
2024,9,Monza e della Brianza,20-24,Driver,1,1,0,1,0
2024,9,Monza e della Brianza,20-24,Passenger,1,0,0,0,0
2024,9,Monza e della Brianza,25-29,Driver,1,1,0,1,0
2024,9,Monza e della Brianza,30-44,Driver,7,5,2,3,1
2024,9,Monza e della Brianza,30-44,Passenger,1,1,1,0,0
2024,9,Monza e della Brianza,30-44,Pedestrian,2,1,0,1,0
2024,9,Monza e della Brianza,45-54,Driver,3,2,0,2,0
2024,9,Monza e della Brianza,55-59,Driver,4,2,1,1,0
2024,9,Monza e della Brianza,60-64,Pedestrian,1,1,0,1,0
2024,9,Monza e della Brianza,65+,Driver,1,0,0,0,0
2024,9,Monza e della Brianza,65+,Passenger,1,0,0,0,0
2024,10,Monza e della Brianza,18-20,Driver,2,1,0,1,0
2024,10,Monza e della Brianza,18-20,Passenger,3,3,1,2,0
2024,10,Monza e della Brianza,20-24,Driver,2,1,0,1,0
2024,10,Monza e della Brianza,25-29,Driver,1,1,0,1,0
2024,10,Monza e della Brianza,25-29,Passenger,4,4,1,3,0
2024,10,Monza e della Brianza,30-44,Driver,7,5,3,2,0
2024,10,Monza e della Brianza,30-44,Passenger,3,3,0,3,0
2024,10,Monza e della Brianza,30-44,Pedestrian,1,1,0,1,0
2024,10,Monza e della Brianza,45-54,Driver,2,1,0,1,0
2024,10,Monza e della Brianza,45-54,Passenger,3,2,1,1,0
2024,10,Monza e della Brianza,45-54,Pedestrian,1,1,0,1,0
2024,10,Monza e della Brianza,55-59,Driver,2,2,0,2,0
2024,10,Monza e della Brianza,55-59,Passenger,1,1,0,1,0
2024,10,Monza e della Brianza,60-64,Driver,1,1,0,1,0
2024,10,Monza e della Brianza,65+,Driver,1,1,0,1,0
2024,11,Monza e della Brianza,18-20,Driver,8,5,2,3,0
2024,11,Monza e della Brianza,18-20,Passenger,2,2,1,1,0
2024,11,Monza e della Brianza,18-20,Pedestrian,1,0,0,0,0
2024,11,Monza e della Brianza,20-24,Driver,3,3,0,3,1
2024,11,Monza e della Brianza,20-24,Passenger,1,1,1,0,0
2024,11,Monza e della Brianza,25-29,Driver,2,1,0,1,0
2024,11,Monza e della Brianza,30-44,Driver,5,3,0,3,0
2024,11,Monza e della Brianza,30-44,Passenger,3,3,1,2,0
2024,11,Monza e della Brianza,30-44,Pedestrian,2,2,1,1,0
2024,11,Monza e della Brianza,45-54,Driver,5,4,1,3,0
2024,11,Monza e della Brianza,55-59,Driver,6,5,1,4,0
2024,11,Monza e della Brianza,55-59,Passenger,1,1,0,1,0
2024,11,Monza e della Brianza,55-59,Pedestrian,1,1,0,1,0
2024,11,Monza e della Brianza,60-64,Driver,3,3,0,3,0
2024,11,Monza e della Brianza,65+,Passenger,1,1,0,1,0
2024,12,Monza e della Brianza,20-24,Passenger,1,1,1,0,0
2024,12,Monza e della Brianza,20-24,Pedestrian,1,0,0,0,0
2024,12,Monza e della Brianza,30-44,Driver,1,1,1,0,0
2024,12,Monza e della Brianza,45-54,Driver,2,2,1,1,0
2024,12,Monza e della Brianza,65+,Passenger,1,1,0,1,0
2024,1,Napoli,18-20,Driver,5,5,2,3,0
2024,1,Napoli,18-20,Pedestrian,1,0,0,0,0
2024,1,Napoli,20-24,Driver,6,4,2,2,0
2024,1,Napoli,20-24,Pedestrian,1,1,0,1,0
2024,1,Napoli,25-29,Driver,3,3,1,2,0
2024,1,Napoli,25-29,Passenger,1,0,0,0,0
2024,1,Napoli,30-44,Driver,2,2,0,2,0
2024,1,Napoli,30-44,Passenger,5,4,2,2,0
2024,1,Napoli,30-44,Pedestrian,1,0,0,0,0
2024,1,Napoli,45-54,Driver,7,5,0,5,0
2024,1,Napoli,45-54,Passenger,1,1,0,1,0
2024,1,Napoli,55-59,Driver,8,7,1,6,0
2024,1,Napoli,65+,Driver,3,1,1,0,0
2024,2,Napoli,18-20,Driver,4,4,1,3,0
2024,2,Napoli,18-20,Passenger,2,1,0,1,0
2024,2,Napoli,20-24,Driver,13,12,2,10,0
2024,2,Napoli,20-24,Passenger,2,2,1,1,0
2024,2,Napoli,25-29,Driver,7,5,1,4,0
2024,2,Napoli,30-44,Driver,14,12,2,10,0
2024,2,Napoli,30-44,Passenger,5,4,0,4,0
2024,2,Napoli,30-44,Pedestrian,1,1,0,1,0
2024,2,Napoli,45-54,Driver,18,14,2,12,0
2024,2,Napoli,45-54,Passenger,6,5,1,4,0
2024,2,Napoli,45-54,Pedestrian,2,2,0,2,0
2024,2,Napoli,55-59,Driver,4,4,2,2,0
2024,2,Napoli,55-59,Passenger,2,1,0,1,0
2024,2,Napoli,55-59,Pedestrian,2,2,1,1,0
2024,2,Napoli,60-64,Driver,6,5,0,5,0
2024,2,Napoli,60-64,Passenger,2,2,1,1,0
2024,2,Napoli,60-64,Pedestrian,1,0,0,0,0
2024,2,Napoli,65+,Driver,5,5,0,5,0
2024,2,Napoli,65+,Passenger,1,1,1,0,0
2024,3,Napoli,18-20,Driver,6,6,1,5,0
2024,3,Napoli,18-20,Passenger,1,1,0,1,0
2024,3,Napoli,18-20,Pedestrian,2,1,0,1,0
2024,3,Napoli,20-24,Driver,9,6,0,6,0
2024,3,Napoli,20-24,Passenger,5,5,1,4,0
2024,3,Napoli,20-24,Pedestrian,2,2,0,2,0
2024,3,Napoli,25-29,Driver,11,10,2,8,0
2024,3,Napoli,25-29,Passenger,1,1,0,1,0
2024,3,Napoli,25-29,Pedestrian,1,0,0,0,0
2024,3,Napoli,30-44,Driver,12,11,3,8,0
2024,3,Napoli,30-44,Passenger,3,3,0,3,0
2024,3,Napoli,30-44,Pedestrian,2,1,0,1,0
2024,3,Napoli,45-54,Driver,6,4,1,3,0
2024,3,Napoli,45-54,Passenger,1,1,1,0,0
2024,3,Napoli,45-54,Pedestrian,2,2,0,2,0
2024,3,Napoli,55-59,Driver,5,5,1,4,0
2024,3,Napoli,55-59,Passenger,1,1,1,0,0
2024,3,Napoli,60-64,Driver,2,1,1,0,0
2024,3,Napoli,65+,Driver,4,4,0,4,0
2024,3,Napoli,65+,Passenger,2,2,0,2,0
2024,4,Napoli,18-20,Driver,13,13,1,12,0
2024,4,Napoli,18-20,Passenger,2,1,0,1,0
2024,4,Napoli,18-20,Pedestrian,1,1,0,1,0
2024,4,Napoli,20-24,Driver,13,13,3,10,0
2024,4,Napoli,20-24,Passenger,4,2,1,1,0
2024,4,Napoli,25-29,Driver,7,6,1,5,0
2024,4,Napoli,25-29,Passenger,3,3,0,3,0
2024,4,Napoli,30-44,Driver,17,16,3,13,0
2024,4,Napoli,30-44,Passenger,5,4,0,4,0
2024,4,Napoli,30-44,Pedestrian,3,3,0,3,0
2024,4,Napoli,45-54,Driver,13,10,1,9,0
2024,4,Napoli,45-54,Passenger,6,5,1,4,0
2024,4,Napoli,45-54,Pedestrian,3,2,0,2,1
2024,4,Napoli,55-59,Driver,13,12,1,11,0
2024,4,Napoli,55-59,Passenger,5,4,0,4,0
2024,4,Napoli,55-59,Pedestrian,1,1,0,1,0
2024,4,Napoli,60-64,Driver,3,3,1,2,0
2024,4,Napoli,60-64,Passenger,3,3,0,3,0
2024,4,Napoli,60-64,Pedestrian,1,1,0,1,0
2024,4,Napoli,65+,Driver,4,2,0,2,0
2024,4,Napoli,65+,Passenger,1,1,0,1,0
2024,4,Napoli,65+,Pedestrian,1,1,1,0,0
2024,5,Napoli,18-20,Driver,16,16,4,12,0
2024,5,Napoli,18-20,Passenger,8,3,2,1,0
2024,5,Napoli,20-24,Driver,21,17,2,15,1
2024,5,Napoli,20-24,Passenger,3,3,0,3,0
2024,5,Napoli,20-24,Pedestrian,3,1,0,1,0
2024,5,Napoli,25-29,Driver,13,10,3,7,1
2024,5,Napoli,25-29,Passenger,5,3,1,2,0
2024,5,Napoli,25-29,Pedestrian,2,1,0,1,0
2024,5,Napoli,30-44,Driver,42,39,8,31,0
2024,5,Napoli,30-44,Passenger,4,4,1,3,0
2024,5,Napoli,30-44,Pedestrian,5,3,0,3,0
2024,5,Napoli,45-54,Driver,24,18,2,16,0
2024,5,Napoli,45-54,Passenger,5,3,0,3,0
2024,5,Napoli,45-54,Pedestrian,1,1,0,1,0
2024,5,Napoli,55-59,Driver,11,10,1,9,0
2024,5,Napoli,55-59,Passenger,2,2,1,1,0
2024,5,Napoli,55-59,Pedestrian,2,0,0,0,0
2024,5,Napoli,60-64,Driver,11,10,3,7,0
2024,5,Napoli,60-64,Passenger,5,4,0,4,0
2024,5,Napoli,60-64,Pedestrian,1,1,0,1,0
2024,5,Napoli,65+,Driver,7,6,1,5,0
2024,5,Napoli,65+,Passenger,1,1,0,1,0
2024,6,Napoli,18-20,Driver,4,3,1,2,0
2024,6,Napoli,18-20,Passenger,1,1,0,1,0
2024,6,Napoli,20-24,Driver,9,8,1,7,0
2024,6,Napoli,20-24,Passenger,2,2,0,2,0
2024,6,Napoli,20-24,Pedestrian,1,1,0,1,0
2024,6,Napoli,25-29,Driver,5,3,1,2,0
2024,6,Napoli,25-29,Passenger,1,1,1,0,0
2024,6,Napoli,30-44,Driver,10,8,1,7,0
2024,6,Napoli,30-44,Pedestrian,1,1,1,0,0
2024,6,Napoli,45-54,Driver,7,6,1,5,2
2024,6,Napoli,45-54,Passenger,2,2,1,1,0
2024,6,Napoli,45-54,Pedestrian,1,1,1,0,0
2024,6,Napoli,55-59,Driver,2,2,0,2,0
2024,6,Napoli,55-59,Passenger,3,3,1,2,0
2024,6,Napoli,55-59,Pedestrian,1,0,0,0,0
2024,6,Napoli,60-64,Driver,2,2,0,2,0
2024,6,Napoli,60-64,Passenger,1,1,0,1,0
2024,6,Napoli,60-64,Pedestrian,1,1,0,1,0
2024,6,Napoli,65+,Driver,3,1,1,0,0
2024,6,Napoli,65+,Passenger,1,0,0,0,0
2024,7,Napoli,18-20,Driver,5,4,1,3,0
2024,7,Napoli,20-24,Driver,8,6,1,5,0
2024,7,Napoli,20-24,Passenger,10,6,0,6,1
2024,7,Napoli,25-29,Driver,13,8,0,8,0
2024,7,Napoli,25-29,Passenger,3,3,0,3,0
2024,7,Napoli,25-29,Pedestrian,1,1,1,0,0
2024,7,Napoli,30-44,Driver,13,13,4,9,0
2024,7,Napoli,30-44,Passenger,7,5,1,4,0
2024,7,Napoli,30-44,Pedestrian,2,2,0,2,0
2024,7,Napoli,45-54,Driver,10,9,0,9,1
2024,7,Napoli,45-54,Passenger,2,2,1,1,0
2024,7,Napoli,45-54,Pedestrian,1,1,0,1,0
2024,7,Napoli,55-59,Driver,11,10,2,8,1
2024,7,Napoli,55-59,Passenger,2,2,1,1,0
2024,7,Napoli,60-64,Driver,6,5,1,4,0
2024,7,Napoli,60-64,Passenger,2,2,1,1,0
2024,7,Napoli,65+,Driver,4,3,0,3,0
2024,8,Napoli,18-20,Driver,13,10,2,8,0
2024,8,Napoli,18-20,Passenger,3,3,0,3,0
2024,8,Napoli,18-20,Pedestrian,2,2,1,1,0
2024,8,Napoli,20-24,Driver,16,13,1,12,0
2024,8,Napoli,20-24,Passenger,5,3,0,3,0
2024,8,Napoli,20-24,Pedestrian,3,3,0,3,0
2024,8,Napoli,25-29,Driver,10,10,4,6,0
2024,8,Napoli,25-29,Passenger,6,5,0,5,0
2024,8,Napoli,30-44,Driver,19,15,1,14,0
2024,8,Napoli,30-44,Passenger,11,10,3,7,0
2024,8,Napoli,30-44,Pedestrian,6,6,2,4,0
2024,8,Napoli,45-54,Driver,17,15,4,11,0
2024,8,Napoli,45-54,Passenger,11,8,1,7,0
2024,8,Napoli,45-54,Pedestrian,2,2,0,2,0
2024,8,Napoli,55-59,Driver,8,6,1,5,0
2024,8,Napoli,55-59,Passenger,3,3,0,3,0
2024,8,Napoli,55-59,Pedestrian,1,0,0,0,0
2024,8,Napoli,60-64,Driver,9,8,1,7,1
2024,8,Napoli,60-64,Passenger,4,4,2,2,0
2024,8,Napoli,60-64,Pedestrian,1,1,1,0,0
2024,8,Napoli,65+,Driver,5,5,2,3,0
2024,8,Napoli,65+,Passenger,1,1,0,1,0
2024,9,Napoli,18-20,Driver,9,7,2,5,0
2024,9,Napoli,18-20,Passenger,3,3,1,2,0
2024,9,Napoli,18-20,Pedestrian,1,1,0,1,0
2024,9,Napoli,20-24,Driver,5,3,0,3,0
2024,9,Napoli,20-24,Passenger,1,1,0,1,0
2024,9,Napoli,20-24,Pedestrian,2,2,0,2,0
2024,9,Napoli,25-29,Driver,7,6,0,6,0
2024,9,Napoli,25-29,Passenger,4,2,1,1,0
2024,9,Napoli,25-29,Pedestrian,1,0,0,0,0
2024,9,Napoli,30-44,Driver,8,8,2,6,0
2024,9,Napoli,30-44,Passenger,5,4,1,3,0
2024,9,Napoli,30-44,Pedestrian,3,2,0,2,0
2024,9,Napoli,45-54,Driver,7,7,1,6,0
2024,9,Napoli,45-54,Passenger,3,3,0,3,0
2024,9,Napoli,45-54,Pedestrian,2,2,1,1,0
2024,9,Napoli,55-59,Driver,3,2,0,2,0
2024,9,Napoli,60-64,Driver,6,5,0,5,0
2024,9,Napoli,60-64,Passenger,2,2,0,2,0
2024,9,Napoli,60-64,Pedestrian,3,1,0,1,0
2024,9,Napoli,65+,Driver,5,5,2,3,0
2024,10,Napoli,18-20,Driver,9,8,1,7,0
2024,10,Napoli,18-20,Passenger,2,2,1,1,0
2024,10,Napoli,18-20,Pedestrian,1,1,0,1,0
2024,10,Napoli,20-24,Driver,10,9,1,8,0
2024,10,Napoli,20-24,Passenger,3,2,0,2,0
2024,10,Napoli,25-29,Driver,6,5,2,3,0
2024,10,Napoli,25-29,Passenger,4,3,0,3,0
2024,10,Napoli,25-29,Pedestrian,3,1,0,1,0
2024,10,Napoli,30-44,Driver,13,12,2,10,1
2024,10,Napoli,30-44,Passenger,4,4,0,4,0
2024,10,Napoli,45-54,Driver,9,8,1,7,1
2024,10,Napoli,45-54,Passenger,2,0,0,0,0
2024,10,Napoli,45-54,Pedestrian,3,3,0,3,0
2024,10,Napoli,55-59,Driver,9,8,1,7,0
2024,10,Napoli,60-64,Driver,6,5,0,5,1
2024,10,Napoli,60-64,Passenger,1,1,0,1,0
2024,10,Napoli,65+,Driver,3,3,0,3,0
2024,10,Napoli,65+,Passenger,1,1,0,1,0
2024,11,Napoli,20-24,Driver,1,1,0,1,0
2024,12,Napoli,18-20,Driver,8,8,0,8,0
2024,12,Napoli,18-20,Pedestrian,2,2,0,2,0
2024,12,Napoli,20-24,Driver,16,15,3,12,0
2024,12,Napoli,20-24,Passenger,3,3,1,2,0
2024,12,Napoli,20-24,Pedestrian,2,2,0,2,0
2024,12,Napoli,25-29,Driver,9,7,1,6,0
2024,12,Napoli,25-29,Passenger,6,5,1,4,0
2024,12,Napoli,25-29,Pedestrian,3,3,1,2,0
2024,12,Napoli,30-44,Driver,20,18,3,15,0
2024,12,Napoli,30-44,Passenger,5,1,0,1,0
2024,12,Napoli,30-44,Pedestrian,2,2,0,2,0
2024,12,Napoli,45-54,Driver,15,10,3,7,1
2024,12,Napoli,45-54,Passenger,7,6,0,6,0
2024,12,Napoli,45-54,Pedestrian,2,2,1,1,0
2024,12,Napoli,55-59,Driver,5,4,2,2,0
2024,12,Napoli,55-59,Passenger,1,1,0,1,0
2024,12,Napoli,55-59,Pedestrian,3,3,0,3,0
2024,12,Napoli,60-64,Driver,4,4,0,4,1
2024,12,Napoli,60-64,Passenger,3,0,0,0,0
2024,12,Napoli,65+,Driver,3,3,1,2,0
2024,12,Napoli,65+,Passenger,1,1,1,0,0
2024,1,Novara,18-20,Driver,2,2,0,2,0
2024,1,Novara,20-24,Driver,2,2,0,2,0
2024,1,Novara,20-24,Passenger,2,2,0,2,0
2024,1,Novara,20-24,Pedestrian,1,1,0,1,0
2024,1,Novara,25-29,Driver,2,2,0,2,0
2024,1,Novara,25-29,Passenger,1,1,1,0,0
2024,1,Novara,30-44,Driver,5,4,0,4,0
2024,1,Novara,30-44,Passenger,3,0,0,0,0
2024,1,Novara,45-54,Driver,3,3,2,1,0
2024,1,Novara,45-54,Passenger,2,1,0,1,0
2024,1,Novara,45-54,Pedestrian,2,2,1,1,1
2024,1,Novara,55-59,Driver,1,1,0,1,0
2024,1,Novara,55-59,Passenger,1,1,1,0,0
2024,1,Novara,60-64,Driver,2,2,0,2,0
2024,1,Novara,60-64,Pedestrian,2,2,0,2,0
2024,1,Novara,65+,Passenger,1,0,0,0,0
2024,2,Novara,18-20,Driver,1,1,0,1,0
2024,2,Novara,20-24,Driver,1,1,0,1,0
2024,2,Novara,20-24,Pedestrian,1,1,0,1,0
2024,2,Novara,25-29,Driver,1,1,0,1,0
2024,2,Novara,25-29,Passenger,1,1,0,1,0
2024,2,Novara,30-44,Passenger,1,1,0,1,0
2024,2,Novara,45-54,Driver,3,3,0,3,0
2024,2,Novara,45-54,Pedestrian,1,0,0,0,0
2024,2,Novara,65+,Driver,1,1,1,0,0
2024,3,Novara,18-20,Driver,2,1,0,1,0
2024,3,Novara,18-20,Passenger,2,2,1,1,0
2024,3,Novara,20-24,Driver,2,2,1,1,0
2024,3,Novara,20-24,Passenger,3,3,1,2,0
2024,3,Novara,30-44,Driver,5,5,1,4,0
2024,3,Novara,30-44,Passenger,2,2,0,2,0
2024,3,Novara,30-44,Pedestrian,1,1,1,0,0
2024,3,Novara,45-54,Driver,5,4,2,2,0
2024,3,Novara,45-54,Passenger,1,1,0,1,0
2024,3,Novara,55-59,Driver,2,2,0,2,0
2024,3,Novara,55-59,Passenger,2,2,0,2,0
2024,3,Novara,60-64,Passenger,2,1,0,1,0
2024,3,Novara,60-64,Pedestrian,1,1,0,1,0
2024,4,Novara,20-24,Passenger,1,1,0,1,0
2024,4,Novara,25-29,Driver,1,1,1,0,0
2024,4,Novara,45-54,Driver,1,0,0,0,0
2024,4,Novara,55-59,Passenger,1,1,0,1,0
2024,5,Novara,45-54,Driver,1,0,0,0,0
2024,6,Novara,18-20,Driver,1,0,0,0,0
2024,6,Novara,20-24,Driver,4,4,0,4,0
2024,6,Novara,25-29,Pedestrian,1,1,0,1,0
2024,6,Novara,30-44,Driver,7,6,0,6,0
2024,6,Novara,45-54,Driver,2,2,0,2,0
2024,6,Novara,45-54,Pedestrian,1,0,0,0,0
2024,6,Novara,55-59,Driver,1,1,0,1,0
2024,6,Novara,65+,Driver,1,1,0,1,0
2024,7,Novara,20-24,Driver,2,2,1,1,0
2024,7,Novara,20-24,Passenger,1,1,0,1,0
2024,7,Novara,45-54,Driver,2,2,0,2,0
2024,7,Novara,45-54,Passenger,1,1,1,0,0
2024,8,Novara,18-20,Driver,1,1,0,1,0
2024,8,Novara,18-20,Pedestrian,1,1,0,1,0
2024,8,Novara,20-24,Driver,2,2,0,2,0
2024,8,Novara,20-24,Passenger,2,2,0,2,0
2024,8,Novara,25-29,Driver,4,4,0,4,1
2024,8,Novara,30-44,Driver,6,6,2,4,0
2024,8,Novara,30-44,Passenger,1,1,1,0,0
2024,8,Novara,45-54,Driver,5,4,0,4,0
2024,8,Novara,45-54,Passenger,1,1,0,1,0
2024,8,Novara,45-54,Pedestrian,2,2,0,2,0
2024,8,Novara,55-59,Driver,2,2,0,2,0
2024,8,Novara,55-59,Pedestrian,1,1,0,1,0
2024,8,Novara,60-64,Driver,1,1,0,1,0
2024,8,Novara,60-64,Pedestrian,1,1,1,0,0
2024,8,Novara,65+,Driver,2,2,0,2,0
2024,9,Novara,18-20,Driver,1,0,0,0,0
2024,9,Novara,20-24,Driver,2,2,0,2,0
2024,9,Novara,25-29,Driver,2,2,0,2,0
2024,9,Novara,30-44,Driver,4,1,0,1,0
2024,9,Novara,45-54,Driver,6,5,0,5,0
2024,9,Novara,45-54,Passenger,2,2,0,2,0
2024,9,Novara,55-59,Driver,1,1,0,1,0
2024,9,Novara,60-64,Pedestrian,1,1,0,1,0
2024,9,Novara,65+,Passenger,1,1,0,1,0
2024,10,Novara,18-20,Driver,5,4,1,3,0
2024,10,Novara,18-20,Passenger,1,1,0,1,0
2024,10,Novara,20-24,Driver,4,4,0,4,0
2024,10,Novara,25-29,Passenger,1,1,0,1,0
2024,10,Novara,30-44,Driver,7,6,1,5,0
2024,10,Novara,30-44,Passenger,2,2,0,2,0
2024,10,Novara,30-44,Pedestrian,2,1,0,1,0
2024,10,Novara,45-54,Driver,4,4,2,2,0
2024,10,Novara,55-59,Driver,2,1,0,1,1
2024,10,Novara,55-59,Passenger,1,1,0,1,0
2024,10,Novara,65+,Driver,1,1,0,1,0
2024,10,Novara,65+,Passenger,1,1,1,0,0
2024,11,Novara,25-29,Driver,2,2,0,2,0
2024,12,Novara,18-20,Driver,1,0,0,0,1
2024,12,Novara,18-20,Passenger,2,2,2,0,0
2024,12,Novara,20-24,Driver,3,2,0,2,0
2024,12,Novara,20-24,Pedestrian,1,1,0,1,0
2024,12,Novara,25-29,Driver,6,2,0,2,1
2024,12,Novara,25-29,Pedestrian,1,1,0,1,0
2024,12,Novara,30-44,Driver,6,5,1,4,0
2024,12,Novara,30-44,Passenger,4,4,2,2,0
2024,12,Novara,30-44,Pedestrian,2,1,0,1,0
2024,12,Novara,45-54,Driver,6,5,1,4,0
2024,12,Novara,45-54,Passenger,3,1,1,0,0
2024,12,Novara,55-59,Driver,2,1,0,1,0
2024,12,Novara,55-59,Passenger,2,2,1,1,0
2024,12,Novara,55-59,Pedestrian,1,0,0,0,0
2024,12,Novara,60-64,Driver,3,3,0,3,0
2024,12,Novara,65+,Driver,2,2,0,2,0
2024,12,Novara,65+,Pedestrian,1,1,0,1,0
2024,1,Nuoro,25-29,Driver,1,0,0,0,0
2024,1,Nuoro,55-59,Driver,1,1,1,0,0
2024,2,Nuoro,20-24,Driver,2,1,1,0,0
2024,2,Nuoro,20-24,Passenger,1,1,0,1,0
2024,2,Nuoro,25-29,Driver,2,2,0,2,0
2024,2,Nuoro,30-44,Driver,2,2,0,2,0
2024,2,Nuoro,30-44,Passenger,1,0,0,0,0
2024,2,Nuoro,45-54,Driver,2,1,0,1,0
2024,2,Nuoro,55-59,Driver,1,1,0,1,0
2024,2,Nuoro,60-64,Driver,2,2,0,2,0
2024,3,Nuoro,20-24,Driver,2,1,0,1,0
2024,3,Nuoro,20-24,Passenger,1,1,1,0,0
2024,3,Nuoro,25-29,Driver,1,1,0,1,0
2024,3,Nuoro,30-44,Driver,2,2,1,1,0
2024,3,Nuoro,30-44,Passenger,1,1,1,0,0
2024,3,Nuoro,45-54,Driver,3,2,0,2,0
2024,3,Nuoro,55-59,Driver,1,1,0,1,0
2024,3,Nuoro,65+,Driver,1,1,0,1,0
2024,4,Nuoro,18-20,Driver,3,3,0,3,0
2024,4,Nuoro,20-24,Driver,1,1,0,1,1
2024,4,Nuoro,20-24,Passenger,2,2,0,2,0
2024,4,Nuoro,30-44,Driver,4,4,2,2,0
2024,4,Nuoro,30-44,Passenger,2,2,0,2,0
2024,4,Nuoro,45-54,Driver,2,2,0,2,0
2024,4,Nuoro,45-54,Passenger,2,2,0,2,0
2024,4,Nuoro,60-64,Passenger,1,1,1,0,0
2024,4,Nuoro,65+,Driver,1,1,1,0,0
2024,5,Nuoro,18-20,Pedestrian,1,1,0,1,0
2024,5,Nuoro,20-24,Driver,4,3,0,3,0
2024,5,Nuoro,20-24,Passenger,1,1,0,1,0
2024,5,Nuoro,30-44,Driver,3,3,0,3,0
2024,5,Nuoro,30-44,Passenger,1,1,0,1,0
2024,5,Nuoro,45-54,Driver,2,1,0,1,0
2024,5,Nuoro,45-54,Passenger,1,0,0,0,0
2024,5,Nuoro,55-59,Passenger,2,1,0,1,0
2024,5,Nuoro,60-64,Driver,2,2,0,2,0
2024,5,Nuoro,60-64,Passenger,1,0,0,0,0
2024,5,Nuoro,65+,Driver,1,1,0,1,0
2024,6,Nuoro,18-20,Driver,1,1,0,1,0
2024,6,Nuoro,20-24,Passenger,1,1,0,1,0
2024,6,Nuoro,25-29,Driver,1,0,0,0,0
2024,6,Nuoro,30-44,Driver,2,1,0,1,1
2024,6,Nuoro,30-44,Passenger,1,1,0,1,0
2024,6,Nuoro,30-44,Pedestrian,1,1,0,1,0
2024,6,Nuoro,45-54,Driver,1,1,0,1,0
2024,6,Nuoro,45-54,Passenger,1,1,0,1,0
2024,6,Nuoro,55-59,Driver,1,1,0,1,0
2024,7,Nuoro,18-20,Driver,1,1,0,1,0
2024,7,Nuoro,25-29,Driver,1,1,0,1,0
2024,7,Nuoro,25-29,Passenger,1,0,0,0,0
2024,7,Nuoro,30-44,Driver,1,1,1,0,0
2024,7,Nuoro,45-54,Passenger,1,1,0,1,0
2024,7,Nuoro,60-64,Driver,1,1,0,1,0
2024,8,Nuoro,25-29,Driver,1,1,1,0,0
2024,8,Nuoro,30-44,Driver,2,2,1,1,0
2024,9,Nuoro,20-24,Driver,1,0,0,0,0
2024,9,Nuoro,25-29,Driver,1,1,0,1,0
2024,9,Nuoro,25-29,Pedestrian,2,2,1,1,0
2024,9,Nuoro,30-44,Driver,1,0,0,0,0
2024,9,Nuoro,30-44,Passenger,1,1,0,1,0
2024,9,Nuoro,45-54,Driver,4,3,0,3,0
2024,9,Nuoro,55-59,Driver,1,1,0,1,0
2024,9,Nuoro,55-59,Passenger,1,1,0,1,0
2024,9,Nuoro,65+,Driver,1,1,0,1,0
2024,10,Nuoro,25-29,Driver,2,1,1,0,0
2024,10,Nuoro,30-44,Driver,2,2,0,2,0
2024,10,Nuoro,30-44,Passenger,1,1,0,1,0
2024,11,Nuoro,25-29,Driver,1,1,1,0,0
2024,11,Nuoro,55-59,Driver,2,2,0,2,0
2024,12,Nuoro,18-20,Driver,1,1,0,1,0
2024,12,Nuoro,20-24,Passenger,1,1,0,1,0
2024,12,Nuoro,25-29,Driver,1,1,0,1,0
2024,12,Nuoro,30-44,Driver,2,2,0,2,0
2024,12,Nuoro,30-44,Passenger,2,1,1,0,0
2024,12,Nuoro,45-54,Driver,1,1,0,1,0
2024,12,Nuoro,45-54,Passenger,1,0,0,0,0
2024,12,Nuoro,55-59,Passenger,1,0,0,0,0
2024,1,Oristano,30-44,Driver,1,1,0,1,0
2024,2,Oristano,20-24,Driver,1,1,0,1,0
2024,3,Oristano,18-20,Driver,2,2,0,2,0
2024,3,Oristano,25-29,Driver,1,1,0,1,0
2024,3,Oristano,55-59,Passenger,1,1,0,1,0
2024,3,Oristano,60-64,Driver,1,1,0,1,0
2024,4,Oristano,18-20,Driver,2,1,0,1,0
2024,4,Oristano,25-29,Driver,1,1,0,1,0
2024,4,Oristano,25-29,Passenger,1,1,0,1,0
2024,4,Oristano,30-44,Driver,1,1,0,1,0
2024,4,Oristano,45-54,Driver,1,1,0,1,1
2024,5,Oristano,18-20,Passenger,2,1,0,1,0
2024,5,Oristano,20-24,Driver,1,1,0,1,0
2024,5,Oristano,25-29,Driver,1,1,0,1,0
2024,5,Oristano,25-29,Pedestrian,1,1,1,0,0
2024,5,Oristano,30-44,Driver,3,2,0,2,0
2024,5,Oristano,30-44,Passenger,1,1,0,1,0
2024,5,Oristano,45-54,Passenger,1,0,0,0,0
2024,5,Oristano,45-54,Pedestrian,1,1,0,1,0
2024,5,Oristano,55-59,Driver,1,1,1,0,0
2024,5,Oristano,60-64,Driver,2,2,0,2,0
2024,6,Oristano,18-20,Passenger,1,0,0,0,0
2024,6,Oristano,20-24,Passenger,1,1,0,1,0
2024,6,Oristano,20-24,Pedestrian,1,1,0,1,0
2024,6,Oristano,25-29,Driver,2,2,1,1,0
2024,6,Oristano,25-29,Pedestrian,1,0,0,0,0
2024,6,Oristano,30-44,Driver,3,3,1,2,0
2024,6,Oristano,30-44,Passenger,4,4,0,4,1
2024,6,Oristano,45-54,Driver,1,0,0,0,0
2024,6,Oristano,55-59,Driver,1,1,0,1,0
2024,6,Oristano,55-59,Pedestrian,1,1,1,0,0
2024,6,Oristano,60-64,Passenger,1,0,0,0,0
2024,6,Oristano,65+,Driver,1,1,0,1,0
2024,6,Oristano,65+,Pedestrian,1,0,0,0,0
2024,7,Oristano,18-20,Driver,1,1,0,1,0
2024,7,Oristano,20-24,Passenger,1,1,0,1,1
2024,7,Oristano,55-59,Passenger,1,1,0,1,0
2024,8,Oristano,18-20,Passenger,3,2,1,1,0
2024,8,Oristano,20-24,Driver,1,1,0,1,0
2024,8,Oristano,25-29,Passenger,1,0,0,0,0
2024,8,Oristano,30-44,Driver,1,0,0,0,0
2024,8,Oristano,45-54,Passenger,1,1,0,1,0
2024,9,Oristano,20-24,Driver,1,1,1,0,0
2024,9,Oristano,30-44,Passenger,2,2,0,2,0
2024,9,Oristano,45-54,Driver,4,4,2,2,0
2024,9,Oristano,45-54,Passenger,1,0,0,0,0
2024,9,Oristano,65+,Driver,1,0,0,0,0
2024,10,Oristano,20-24,Driver,1,1,0,1,0
2024,10,Oristano,30-44,Driver,1,1,0,1,0
2024,10,Oristano,45-54,Passenger,1,1,0,1,0
2024,10,Oristano,45-54,Pedestrian,1,1,0,1,0
2024,10,Oristano,55-59,Driver,1,1,0,1,0
2024,11,Oristano,18-20,Driver,1,0,0,0,0
2024,11,Oristano,20-24,Passenger,1,0,0,0,0
2024,11,Oristano,25-29,Driver,1,1,1,0,0
2024,11,Oristano,30-44,Driver,1,1,0,1,0
2024,11,Oristano,60-64,Driver,1,1,0,1,0
2024,12,Oristano,18-20,Driver,1,0,0,0,0
2024,12,Oristano,18-20,Pedestrian,1,1,0,1,0
2024,12,Oristano,20-24,Pedestrian,1,1,0,1,0
2024,12,Oristano,25-29,Passenger,1,1,0,1,0
2024,12,Oristano,30-44,Driver,1,1,0,1,0
2024,12,Oristano,45-54,Passenger,1,1,0,1,0
2024,1,Padova,18-20,Driver,2,2,0,2,0
2024,1,Padova,20-24,Driver,5,3,0,3,0
2024,1,Padova,20-24,Pedestrian,2,1,0,1,0
2024,1,Padova,25-29,Driver,2,2,1,1,0
2024,1,Padova,25-29,Passenger,2,1,0,1,0
2024,1,Padova,25-29,Pedestrian,1,1,0,1,0
2024,1,Padova,30-44,Driver,5,4,0,4,0
2024,1,Padova,30-44,Passenger,3,2,2,0,0
2024,1,Padova,30-44,Pedestrian,2,2,0,2,0
2024,1,Padova,45-54,Driver,2,1,1,0,0
2024,1,Padova,45-54,Passenger,3,3,0,3,0
2024,1,Padova,55-59,Driver,2,1,0,1,0
2024,1,Padova,55-59,Passenger,1,1,0,1,0
2024,1,Padova,60-64,Driver,2,2,2,0,0
2024,1,Padova,65+,Driver,3,3,0,3,0
2024,1,Padova,65+,Pedestrian,1,1,0,1,0
2024,2,Padova,18-20,Driver,2,2,1,1,0
2024,2,Padova,18-20,Passenger,5,5,0,5,0
2024,2,Padova,20-24,Driver,1,1,0,1,0
2024,2,Padova,20-24,Passenger,4,4,0,4,0
2024,2,Padova,20-24,Pedestrian,1,1,0,1,0
2024,2,Padova,25-29,Driver,10,8,2,6,0
2024,2,Padova,25-29,Passenger,1,1,0,1,0
2024,2,Padova,30-44,Driver,13,9,1,8,0
2024,2,Padova,30-44,Passenger,4,2,0,2,0
2024,2,Padova,30-44,Pedestrian,4,4,0,4,0
2024,2,Padova,45-54,Driver,4,3,1,2,0
2024,2,Padova,45-54,Passenger,4,4,1,3,0
2024,2,Padova,55-59,Driver,1,1,0,1,0
2024,2,Padova,55-59,Passenger,1,1,0,1,0
2024,2,Padova,55-59,Pedestrian,1,1,1,0,0
2024,2,Padova,60-64,Driver,2,2,1,1,0
2024,2,Padova,60-64,Pedestrian,1,1,0,1,0
2024,2,Padova,65+,Driver,2,2,0,2,0
2024,2,Padova,65+,Passenger,1,0,0,0,0
2024,3,Padova,18-20,Driver,1,0,0,0,0
2024,3,Padova,20-24,Passenger,1,1,1,0,0
2024,3,Padova,25-29,Driver,1,1,1,0,0
2024,3,Padova,25-29,Passenger,1,1,1,0,0
2024,3,Padova,30-44,Driver,3,3,2,1,0
2024,3,Padova,30-44,Pedestrian,1,1,1,0,0
2024,3,Padova,45-54,Driver,1,1,1,0,0
2024,3,Padova,45-54,Passenger,1,1,0,1,0
2024,3,Padova,55-59,Driver,1,1,0,1,0
2024,3,Padova,60-64,Driver,1,0,0,0,0
2024,4,Padova,18-20,Driver,5,2,0,2,0
2024,4,Padova,18-20,Passenger,1,1,0,1,0
2024,4,Padova,18-20,Pedestrian,2,1,0,1,0
2024,4,Padova,20-24,Driver,10,6,2,4,0
2024,4,Padova,20-24,Passenger,5,3,0,3,0
2024,4,Padova,20-24,Pedestrian,3,3,0,3,0
2024,4,Padova,25-29,Driver,13,10,1,9,1
2024,4,Padova,25-29,Passenger,2,2,1,1,0
2024,4,Padova,30-44,Driver,26,24,5,19,1
2024,4,Padova,30-44,Passenger,7,5,1,4,0
2024,4,Padova,30-44,Pedestrian,5,5,1,4,0
2024,4,Padova,45-54,Driver,18,16,2,14,0
2024,4,Padova,45-54,Passenger,5,4,0,4,0
2024,4,Padova,45-54,Pedestrian,5,4,0,4,0
2024,4,Padova,55-59,Driver,8,5,1,4,0
2024,4,Padova,55-59,Passenger,3,3,0,3,0
2024,4,Padova,55-59,Pedestrian,2,2,1,1,0
2024,4,Padova,60-64,Driver,11,9,3,6,0
2024,4,Padova,60-64,Passenger,2,2,0,2,1
2024,4,Padova,60-64,Pedestrian,1,1,0,1,0
2024,4,Padova,65+,Driver,4,3,0,3,1
2024,4,Padova,65+,Passenger,3,3,0,3,0
2024,5,Padova,18-20,Driver,3,2,0,2,0
2024,5,Padova,18-20,Passenger,1,1,1,0,0
2024,5,Padova,18-20,Pedestrian,1,1,1,0,0
2024,5,Padova,20-24,Driver,2,2,0,2,0
2024,5,Padova,20-24,Passenger,4,4,0,4,0
2024,5,Padova,25-29,Driver,1,1,0,1,0
2024,5,Padova,25-29,Pedestrian,1,1,0,1,0
2024,5,Padova,30-44,Driver,6,5,0,5,0
2024,5,Padova,30-44,Passenger,2,1,0,1,0
2024,5,Padova,45-54,Driver,5,5,2,3,0
2024,5,Padova,55-59,Driver,2,2,0,2,0
2024,5,Padova,55-59,Passenger,2,1,0,1,0
2024,5,Padova,65+,Driver,1,0,0,0,0
2024,6,Padova,18-20,Driver,2,2,0,2,0
2024,6,Padova,18-20,Passenger,2,2,1,1,0
2024,6,Padova,20-24,Driver,2,2,0,2,0
2024,6,Padova,25-29,Driver,4,3,0,3,0
2024,6,Padova,25-29,Passenger,3,2,0,2,0
2024,6,Padova,30-44,Driver,10,8,3,5,0
2024,6,Padova,30-44,Pedestrian,3,2,1,1,0
2024,6,Padova,45-54,Driver,5,3,0,3,0
2024,6,Padova,45-54,Passenger,1,1,0,1,0
2024,6,Padova,55-59,Driver,1,1,0,1,0
2024,6,Padova,60-64,Driver,3,3,0,3,0
2024,6,Padova,65+,Driver,2,2,0,2,0
2024,7,Padova,18-20,Driver,6,3,0,3,0
2024,7,Padova,20-24,Driver,12,8,1,7,0
2024,7,Padova,20-24,Passenger,3,3,0,3,0
2024,7,Padova,25-29,Driver,5,4,1,3,0
2024,7,Padova,25-29,Passenger,2,2,1,1,0
2024,7,Padova,30-44,Driver,12,9,2,7,0
2024,7,Padova,30-44,Passenger,2,2,0,2,0
2024,7,Padova,30-44,Pedestrian,2,2,0,2,0
2024,7,Padova,45-54,Driver,8,8,2,6,0
2024,7,Padova,45-54,Passenger,4,3,0,3,0
2024,7,Padova,55-59,Driver,2,2,1,1,0
2024,7,Padova,55-59,Passenger,3,3,0,3,0
2024,7,Padova,60-64,Driver,3,3,1,2,0
2024,7,Padova,60-64,Passenger,1,1,0,1,0
2024,7,Padova,60-64,Pedestrian,1,1,1,0,0
2024,7,Padova,65+,Driver,4,3,1,2,0
2024,8,Padova,18-20,Driver,1,0,0,0,0
2024,8,Padova,20-24,Driver,1,1,1,0,0
2024,8,Padova,25-29,Driver,2,2,0,2,0
2024,8,Padova,30-44,Driver,2,2,0,2,0
2024,8,Padova,60-64,Driver,1,1,0,1,1
2024,8,Padova,65+,Passenger,1,0,0,0,0
2024,9,Padova,18-20,Driver,5,4,0,4,0
2024,9,Padova,18-20,Pedestrian,1,0,0,0,0
2024,9,Padova,20-24,Driver,6,3,0,3,0
2024,9,Padova,25-29,Driver,5,4,1,3,0
2024,9,Padova,25-29,Pedestrian,1,1,0,1,0
2024,9,Padova,30-44,Driver,6,5,2,3,0
2024,9,Padova,30-44,Passenger,2,1,0,1,0
2024,9,Padova,30-44,Pedestrian,2,2,1,1,0
2024,9,Padova,45-54,Driver,8,8,0,8,0
2024,9,Padova,45-54,Passenger,1,1,1,0,0
2024,9,Padova,45-54,Pedestrian,4,3,0,3,0
2024,9,Padova,55-59,Driver,5,3,0,3,0
2024,9,Padova,55-59,Passenger,2,2,0,2,0
2024,9,Padova,60-64,Driver,4,4,0,4,0
2024,9,Padova,60-64,Pedestrian,1,0,0,0,0
2024,9,Padova,65+,Driver,2,1,0,1,0
2024,9,Padova,65+,Passenger,1,1,0,1,0
2024,10,Padova,18-20,Driver,3,2,1,1,0
2024,10,Padova,18-20,Passenger,2,1,0,1,0
2024,10,Padova,20-24,Driver,5,3,1,2,0
2024,10,Padova,20-24,Passenger,2,1,0,1,0
2024,10,Padova,25-29,Driver,4,4,1,3,0
2024,10,Padova,25-29,Passenger,1,1,0,1,0
2024,10,Padova,30-44,Driver,16,12,3,9,0
2024,10,Padova,30-44,Passenger,4,1,0,1,0
2024,10,Padova,45-54,Driver,5,4,2,2,0
2024,10,Padova,45-54,Passenger,2,2,0,2,0
2024,10,Padova,55-59,Driver,5,5,1,4,0
2024,10,Padova,55-59,Pedestrian,1,1,0,1,0
2024,10,Padova,65+,Driver,1,1,0,1,0
2024,10,Padova,65+,Pedestrian,1,0,0,0,0
2024,11,Padova,18-20,Driver,1,1,0,1,0
2024,11,Padova,20-24,Driver,5,4,0,4,0
2024,11,Padova,25-29,Driver,2,2,1,1,0
2024,11,Padova,25-29,Passenger,2,2,0,2,0
2024,11,Padova,25-29,Pedestrian,1,1,0,1,0
2024,11,Padova,30-44,Driver,8,6,0,6,0
2024,11,Padova,30-44,Passenger,3,2,0,2,0
2024,11,Padova,30-44,Pedestrian,1,1,0,1,0
2024,11,Padova,45-54,Driver,3,2,0,2,0
2024,11,Padova,45-54,Passenger,1,0,0,0,0
2024,11,Padova,55-59,Driver,1,1,1,0,0
2024,11,Padova,55-59,Passenger,2,2,0,2,0
2024,11,Padova,60-64,Driver,4,4,0,4,0
2024,11,Padova,65+,Driver,1,1,1,0,0
2024,12,Padova,18-20,Driver,2,2,1,1,0
2024,12,Padova,18-20,Passenger,1,0,0,0,0
2024,12,Padova,18-20,Pedestrian,1,0,0,0,1
2024,12,Padova,20-24,Driver,2,2,0,2,0
2024,12,Padova,20-24,Passenger,2,2,0,2,0
2024,12,Padova,25-29,Driver,2,2,1,1,0
2024,12,Padova,25-29,Passenger,1,0,0,0,0
2024,12,Padova,25-29,Pedestrian,1,1,0,1,0
2024,12,Padova,30-44,Driver,4,4,1,3,0
2024,12,Padova,30-44,Passenger,3,3,0,3,0
2024,12,Padova,45-54,Driver,7,5,1,4,0
2024,12,Padova,45-54,Passenger,1,1,0,1,0
2024,12,Padova,55-59,Passenger,1,1,0,1,0
2024,12,Padova,60-64,Driver,2,1,0,1,0
2024,12,Padova,60-64,Passenger,1,1,0,1,0
2024,12,Padova,65+,Driver,1,1,0,1,0
2024,1,Palermo,18-20,Driver,8,6,0,6,0
2024,1,Palermo,18-20,Passenger,1,1,1,0,0
2024,1,Palermo,20-24,Driver,7,5,1,4,0
2024,1,Palermo,20-24,Passenger,1,1,0,1,0
2024,1,Palermo,25-29,Driver,7,5,2,3,0
2024,1,Palermo,25-29,Passenger,3,2,1,1,0
2024,1,Palermo,30-44,Driver,17,16,4,12,0
2024,1,Palermo,30-44,Passenger,3,3,0,3,0
2024,1,Palermo,30-44,Pedestrian,1,0,0,0,0
2024,1,Palermo,45-54,Driver,9,7,2,5,0
2024,1,Palermo,45-54,Passenger,5,5,0,5,0
2024,1,Palermo,45-54,Pedestrian,1,1,1,0,1
2024,1,Palermo,55-59,Driver,4,4,1,3,0
2024,1,Palermo,55-59,Passenger,3,2,0,2,0
2024,1,Palermo,55-59,Pedestrian,4,4,0,4,0
2024,1,Palermo,60-64,Driver,6,6,0,6,0
2024,1,Palermo,60-64,Passenger,3,1,0,1,0
2024,1,Palermo,60-64,Pedestrian,1,0,0,0,0
2024,1,Palermo,65+,Driver,1,1,0,1,0
2024,1,Palermo,65+,Passenger,2,2,0,2,0
2024,1,Palermo,65+,Pedestrian,3,3,0,3,0
2024,2,Palermo,18-20,Driver,1,1,0,1,0
2024,2,Palermo,18-20,Passenger,1,1,0,1,0
2024,2,Palermo,20-24,Driver,9,6,1,5,0
2024,2,Palermo,20-24,Passenger,2,2,0,2,0
2024,2,Palermo,20-24,Pedestrian,2,2,0,2,0
2024,2,Palermo,25-29,Driver,4,2,0,2,0
2024,2,Palermo,25-29,Passenger,1,1,1,0,0
2024,2,Palermo,30-44,Driver,9,7,0,7,0
2024,2,Palermo,30-44,Passenger,4,4,2,2,0
2024,2,Palermo,30-44,Pedestrian,4,4,1,3,0
2024,2,Palermo,45-54,Driver,5,4,0,4,1
2024,2,Palermo,45-54,Passenger,1,1,0,1,0
2024,2,Palermo,45-54,Pedestrian,1,0,0,0,0
2024,2,Palermo,55-59,Driver,10,7,1,6,1
2024,2,Palermo,55-59,Passenger,1,1,0,1,0
2024,2,Palermo,55-59,Pedestrian,1,1,0,1,0
2024,2,Palermo,60-64,Driver,1,1,0,1,0
2024,2,Palermo,60-64,Passenger,1,0,0,0,0
2024,2,Palermo,60-64,Pedestrian,1,1,0,1,0
2024,2,Palermo,65+,Driver,4,3,0,3,0
2024,3,Palermo,18-20,Driver,1,1,0,1,0
2024,3,Palermo,20-24,Driver,4,4,1,3,0
2024,3,Palermo,20-24,Passenger,1,1,0,1,0
2024,3,Palermo,25-29,Driver,2,1,0,1,0
2024,3,Palermo,25-29,Passenger,1,1,0,1,0
2024,3,Palermo,30-44,Driver,9,7,1,6,0
2024,3,Palermo,30-44,Passenger,3,2,1,1,0
2024,3,Palermo,30-44,Pedestrian,1,1,1,0,0
2024,3,Palermo,45-54,Driver,6,5,2,3,0
2024,3,Palermo,45-54,Pedestrian,1,1,1,0,0
2024,3,Palermo,55-59,Driver,4,3,0,3,0
2024,3,Palermo,65+,Driver,2,2,0,2,0
2024,4,Palermo,20-24,Driver,2,2,0,2,0
2024,4,Palermo,20-24,Passenger,1,1,0,1,0
2024,4,Palermo,25-29,Driver,2,2,0,2,0
2024,4,Palermo,30-44,Driver,4,3,0,3,0
2024,4,Palermo,30-44,Passenger,2,1,1,0,0
2024,4,Palermo,30-44,Pedestrian,1,0,0,0,0
2024,4,Palermo,45-54,Driver,2,2,1,1,0
2024,4,Palermo,45-54,Passenger,2,1,0,1,0
2024,4,Palermo,60-64,Driver,1,0,0,0,0
2024,5,Palermo,18-20,Driver,8,5,2,3,0
2024,5,Palermo,18-20,Passenger,6,4,0,4,0
2024,5,Palermo,18-20,Pedestrian,1,0,0,0,0
2024,5,Palermo,20-24,Driver,10,10,2,8,0
2024,5,Palermo,20-24,Passenger,5,4,2,2,0
2024,5,Palermo,20-24,Pedestrian,3,2,1,1,0
2024,5,Palermo,25-29,Driver,8,7,1,6,0
2024,5,Palermo,25-29,Passenger,1,0,0,0,0
2024,5,Palermo,30-44,Driver,17,14,6,8,0
2024,5,Palermo,30-44,Passenger,11,11,1,10,0
2024,5,Palermo,30-44,Pedestrian,2,1,0,1,0
2024,5,Palermo,45-54,Driver,14,14,2,12,1
2024,5,Palermo,45-54,Passenger,3,3,0,3,0
2024,5,Palermo,45-54,Pedestrian,4,3,0,3,0
2024,5,Palermo,55-59,Driver,10,10,1,9,0
2024,5,Palermo,55-59,Passenger,4,4,1,3,0
2024,5,Palermo,55-59,Pedestrian,2,2,0,2,0
2024,5,Palermo,60-64,Driver,7,5,0,5,0
2024,5,Palermo,60-64,Passenger,3,2,1,1,0
2024,5,Palermo,65+,Driver,3,2,0,2,0
2024,5,Palermo,65+,Passenger,3,3,1,2,0
2024,5,Palermo,65+,Pedestrian,1,1,0,1,0
2024,6,Palermo,18-20,Driver,9,5,0,5,1
2024,6,Palermo,18-20,Passenger,1,1,0,1,0
2024,6,Palermo,18-20,Pedestrian,2,2,1,1,0
2024,6,Palermo,20-24,Driver,10,8,3,5,0
2024,6,Palermo,20-24,Passenger,3,2,1,1,0
2024,6,Palermo,25-29,Driver,5,4,1,3,0
2024,6,Palermo,25-29,Passenger,6,6,4,2,1
2024,6,Palermo,30-44,Driver,7,5,1,4,1
2024,6,Palermo,30-44,Passenger,3,2,0,2,0
2024,6,Palermo,30-44,Pedestrian,1,0,0,0,0
2024,6,Palermo,45-54,Driver,13,9,3,6,0
2024,6,Palermo,45-54,Passenger,3,3,1,2,0
2024,6,Palermo,55-59,Driver,6,6,1,5,0
2024,6,Palermo,55-59,Passenger,2,1,1,0,0
2024,6,Palermo,55-59,Pedestrian,1,1,0,1,0
2024,6,Palermo,60-64,Driver,6,3,0,3,0
2024,6,Palermo,60-64,Passenger,1,1,1,0,0
2024,6,Palermo,65+,Driver,2,2,0,2,0
2024,7,Palermo,18-20,Driver,7,7,1,6,0
2024,7,Palermo,18-20,Passenger,1,1,0,1,0
2024,7,Palermo,18-20,Pedestrian,1,1,0,1,0
2024,7,Palermo,20-24,Driver,12,9,1,8,0
2024,7,Palermo,20-24,Passenger,2,2,0,2,0
2024,7,Palermo,25-29,Driver,8,8,2,6,0
2024,7,Palermo,25-29,Passenger,2,2,1,1,0
2024,7,Palermo,25-29,Pedestrian,2,2,1,1,0
2024,7,Palermo,30-44,Driver,19,14,2,12,0
2024,7,Palermo,30-44,Passenger,5,5,1,4,0
2024,7,Palermo,45-54,Driver,10,6,1,5,0
2024,7,Palermo,45-54,Passenger,3,3,1,2,0
2024,7,Palermo,55-59,Driver,8,5,1,4,0
2024,7,Palermo,55-59,Passenger,2,1,0,1,0
2024,7,Palermo,60-64,Driver,5,3,0,3,0
2024,7,Palermo,60-64,Passenger,2,2,0,2,0
2024,7,Palermo,60-64,Pedestrian,1,1,1,0,0
2024,7,Palermo,65+,Driver,3,1,0,1,0
2024,7,Palermo,65+,Passenger,1,1,0,1,0
2024,8,Palermo,18-20,Driver,1,1,0,1,0
2024,8,Palermo,20-24,Driver,2,1,0,1,0
2024,8,Palermo,25-29,Driver,4,3,1,2,0
2024,8,Palermo,25-29,Passenger,1,1,0,1,0
2024,8,Palermo,30-44,Driver,6,6,1,5,1
2024,8,Palermo,45-54,Driver,6,6,1,5,0
2024,8,Palermo,45-54,Passenger,3,3,2,1,0
2024,8,Palermo,55-59,Driver,3,3,2,1,0
2024,8,Palermo,60-64,Driver,3,2,1,1,0
2024,8,Palermo,60-64,Passenger,1,0,0,0,0
2024,8,Palermo,65+,Passenger,1,1,0,1,0
2024,9,Palermo,55-59,Passenger,1,1,1,0,0
2024,10,Palermo,18-20,Driver,10,8,3,5,0
2024,10,Palermo,18-20,Passenger,2,2,0,2,0
2024,10,Palermo,18-20,Pedestrian,3,1,0,1,0
2024,10,Palermo,20-24,Driver,11,9,0,9,0
2024,10,Palermo,20-24,Passenger,1,1,0,1,0
2024,10,Palermo,20-24,Pedestrian,2,1,0,1,0
2024,10,Palermo,25-29,Driver,7,7,1,6,0
2024,10,Palermo,25-29,Passenger,2,1,0,1,0
2024,10,Palermo,25-29,Pedestrian,2,2,0,2,0
2024,10,Palermo,30-44,Driver,12,9,0,9,0
2024,10,Palermo,30-44,Passenger,7,5,0,5,0
2024,10,Palermo,30-44,Pedestrian,1,1,0,1,0
2024,10,Palermo,45-54,Driver,10,7,1,6,0
2024,10,Palermo,45-54,Passenger,2,1,0,1,0
2024,10,Palermo,45-54,Pedestrian,4,3,0,3,0
2024,10,Palermo,55-59,Driver,9,7,0,7,0
2024,10,Palermo,55-59,Passenger,1,1,0,1,0
2024,10,Palermo,55-59,Pedestrian,2,0,0,0,0
2024,10,Palermo,60-64,Driver,6,5,1,4,0
2024,10,Palermo,65+,Driver,2,2,0,2,0
2024,11,Palermo,18-20,Driver,5,4,2,2,0
2024,11,Palermo,18-20,Passenger,3,3,1,2,0
2024,11,Palermo,18-20,Pedestrian,1,1,1,0,0
2024,11,Palermo,20-24,Driver,8,8,1,7,0
2024,11,Palermo,20-24,Passenger,5,5,1,4,1
2024,11,Palermo,20-24,Pedestrian,2,2,0,2,0
2024,11,Palermo,25-29,Driver,10,7,3,4,1
2024,11,Palermo,25-29,Passenger,1,1,1,0,0
2024,11,Palermo,25-29,Pedestrian,2,2,0,2,0
2024,11,Palermo,30-44,Driver,14,14,2,12,0
2024,11,Palermo,30-44,Passenger,10,8,1,7,0
2024,11,Palermo,30-44,Pedestrian,2,2,0,2,0
2024,11,Palermo,45-54,Driver,8,7,1,6,0
2024,11,Palermo,45-54,Passenger,6,6,1,5,0
2024,11,Palermo,45-54,Pedestrian,1,1,0,1,0
2024,11,Palermo,55-59,Driver,7,7,2,5,0
2024,11,Palermo,55-59,Passenger,1,1,0,1,0
2024,11,Palermo,60-64,Driver,3,2,1,1,0
2024,11,Palermo,65+,Driver,6,6,3,3,0
2024,11,Palermo,65+,Passenger,1,1,0,1,0
2024,11,Palermo,65+,Pedestrian,1,1,0,1,0
2024,12,Palermo,18-20,Driver,5,2,1,1,0
2024,12,Palermo,20-24,Driver,6,6,0,6,0
2024,12,Palermo,20-24,Passenger,1,0,0,0,0
2024,12,Palermo,25-29,Driver,2,2,0,2,1
2024,12,Palermo,25-29,Passenger,1,1,0,1,0
2024,12,Palermo,25-29,Pedestrian,1,1,0,1,0
2024,12,Palermo,30-44,Driver,12,9,4,5,0
2024,12,Palermo,30-44,Pedestrian,1,1,0,1,0
2024,12,Palermo,45-54,Driver,4,1,0,1,0
2024,12,Palermo,55-59,Driver,5,3,0,3,0
2024,12,Palermo,55-59,Passenger,2,2,1,1,0
2024,12,Palermo,60-64,Driver,1,1,0,1,0
2024,12,Palermo,60-64,Passenger,1,1,0,1,0
2024,12,Palermo,65+,Driver,2,2,0,2,0
2024,12,Palermo,65+,Passenger,1,0,0,0,0
2024,1,Parma,18-20,Driver,2,1,0,1,0
2024,1,Parma,18-20,Passenger,2,2,0,2,0
2024,1,Parma,20-24,Driver,5,4,2,2,0
2024,1,Parma,20-24,Passenger,3,3,2,1,0
2024,1,Parma,20-24,Pedestrian,2,1,0,1,0
2024,1,Parma,25-29,Driver,1,1,0,1,0
2024,1,Parma,25-29,Passenger,1,1,1,0,0
2024,1,Parma,30-44,Driver,7,5,1,4,0
2024,1,Parma,30-44,Passenger,3,3,1,2,0
2024,1,Parma,30-44,Pedestrian,2,1,0,1,0
2024,1,Parma,45-54,Driver,8,7,3,4,0
2024,1,Parma,45-54,Passenger,5,5,0,5,0
2024,1,Parma,45-54,Pedestrian,1,1,0,1,0
2024,1,Parma,55-59,Driver,4,2,0,2,0
2024,1,Parma,60-64,Passenger,1,1,1,0,0
2024,1,Parma,65+,Driver,1,1,0,1,0
2024,1,Parma,65+,Pedestrian,1,0,0,0,0
2024,2,Parma,18-20,Pedestrian,1,1,0,1,0
2024,2,Parma,20-24,Driver,2,1,0,1,0
2024,2,Parma,20-24,Passenger,1,1,0,1,0
2024,2,Parma,20-24,Pedestrian,1,1,0,1,0
2024,2,Parma,25-29,Driver,2,2,0,2,0
2024,2,Parma,25-29,Pedestrian,2,2,0,2,0
2024,2,Parma,30-44,Driver,3,3,0,3,0
2024,2,Parma,30-44,Passenger,1,1,0,1,0
2024,2,Parma,45-54,Driver,1,1,0,1,0
2024,2,Parma,55-59,Driver,2,2,1,1,0
2024,2,Parma,55-59,Passenger,1,1,1,0,0
2024,2,Parma,60-64,Driver,3,3,0,3,0
2024,3,Parma,18-20,Driver,1,1,0,1,0
2024,3,Parma,18-20,Pedestrian,1,1,0,1,0
2024,3,Parma,20-24,Driver,3,3,1,2,0
2024,3,Parma,25-29,Driver,3,3,0,3,0
2024,3,Parma,30-44,Driver,4,3,0,3,0
2024,3,Parma,30-44,Pedestrian,2,1,0,1,0
2024,3,Parma,45-54,Driver,1,1,0,1,0
2024,3,Parma,45-54,Pedestrian,1,1,0,1,0
2024,3,Parma,55-59,Driver,3,3,1,2,0
2024,3,Parma,55-59,Passenger,1,1,0,1,0
2024,3,Parma,60-64,Passenger,1,0,0,0,0
2024,3,Parma,65+,Driver,1,1,0,1,0
2024,4,Parma,18-20,Passenger,1,1,0,1,0
2024,4,Parma,20-24,Driver,3,3,0,3,0
2024,4,Parma,25-29,Driver,2,2,0,2,0
2024,4,Parma,25-29,Pedestrian,1,1,0,1,0
2024,4,Parma,30-44,Driver,4,3,1,2,0
2024,4,Parma,30-44,Passenger,1,0,0,0,0
2024,4,Parma,45-54,Driver,5,3,0,3,1
2024,4,Parma,55-59,Passenger,1,1,0,1,0
2024,4,Parma,65+,Passenger,2,1,0,1,0
2024,5,Parma,18-20,Driver,3,2,0,2,0
2024,5,Parma,18-20,Passenger,2,2,0,2,0
2024,5,Parma,20-24,Driver,2,2,0,2,0
2024,5,Parma,20-24,Passenger,7,5,0,5,0
2024,5,Parma,25-29,Driver,2,0,0,0,0
2024,5,Parma,25-29,Pedestrian,1,1,0,1,0
2024,5,Parma,30-44,Driver,7,5,0,5,0
2024,5,Parma,30-44,Pedestrian,2,2,1,1,0
2024,5,Parma,45-54,Driver,4,2,1,1,0
2024,5,Parma,55-59,Driver,1,1,0,1,0
2024,5,Parma,55-59,Passenger,1,1,0,1,0
2024,5,Parma,60-64,Driver,3,2,0,2,0
2024,5,Parma,60-64,Passenger,1,1,0,1,0
2024,5,Parma,65+,Driver,2,2,0,2,1
2024,6,Parma,18-20,Driver,1,1,0,1,0
2024,6,Parma,18-20,Passenger,1,1,0,1,0
2024,6,Parma,25-29,Driver,1,0,0,0,0
2024,6,Parma,30-44,Driver,1,1,0,1,0
2024,6,Parma,45-54,Driver,1,0,0,0,0
2024,6,Parma,55-59,Driver,1,1,0,1,0
2024,7,Parma,60-64,Passenger,1,0,0,0,0
2024,8,Parma,18-20,Driver,3,1,0,1,0
2024,8,Parma,18-20,Passenger,2,2,1,1,0
2024,8,Parma,18-20,Pedestrian,1,1,0,1,0
2024,8,Parma,20-24,Driver,6,4,0,4,0
2024,8,Parma,20-24,Passenger,1,1,0,1,0
2024,8,Parma,25-29,Driver,5,4,1,3,0
2024,8,Parma,25-29,Passenger,3,1,0,1,0
2024,8,Parma,30-44,Driver,4,2,0,2,0
2024,8,Parma,30-44,Passenger,3,3,0,3,0
2024,8,Parma,45-54,Driver,8,7,2,5,0
2024,8,Parma,45-54,Passenger,4,4,0,4,0
2024,8,Parma,45-54,Pedestrian,1,1,0,1,0
2024,8,Parma,55-59,Driver,5,3,0,3,0
2024,8,Parma,55-59,Passenger,1,1,0,1,0
2024,8,Parma,60-64,Driver,2,2,0,2,0
2024,8,Parma,60-64,Passenger,3,3,1,2,0
2024,8,Parma,65+,Driver,1,1,0,1,0
2024,9,Parma,18-20,Driver,2,1,0,1,0
2024,9,Parma,18-20,Passenger,1,1,0,1,0
2024,9,Parma,20-24,Driver,4,4,1,3,0
2024,9,Parma,20-24,Passenger,3,3,1,2,0
2024,9,Parma,20-24,Pedestrian,2,2,1,1,0
2024,9,Parma,25-29,Driver,6,4,0,4,0
2024,9,Parma,25-29,Passenger,1,1,0,1,0
2024,9,Parma,30-44,Driver,6,4,0,4,0
2024,9,Parma,30-44,Passenger,3,2,1,1,0
2024,9,Parma,45-54,Driver,3,3,1,2,0
2024,9,Parma,45-54,Passenger,1,1,0,1,0
2024,9,Parma,45-54,Pedestrian,1,1,0,1,0
2024,9,Parma,55-59,Driver,4,4,0,4,0
2024,9,Parma,55-59,Passenger,1,1,0,1,0
2024,9,Parma,60-64,Driver,2,2,0,2,0
2024,9,Parma,65+,Driver,1,1,0,1,0
2024,10,Parma,18-20,Passenger,1,1,0,1,0
2024,10,Parma,20-24,Driver,1,1,0,1,0
2024,10,Parma,30-44,Driver,3,3,0,3,0
2024,10,Parma,45-54,Driver,1,1,0,1,0
2024,10,Parma,55-59,Driver,1,1,0,1,0
2024,10,Parma,55-59,Pedestrian,1,1,0,1,0
2024,11,Parma,18-20,Driver,5,2,0,2,0
2024,11,Parma,18-20,Passenger,1,1,0,1,0
2024,11,Parma,20-24,Passenger,2,2,0,2,0
2024,11,Parma,25-29,Driver,2,2,1,1,0
2024,11,Parma,30-44,Driver,7,6,0,6,0
2024,11,Parma,30-44,Passenger,1,1,0,1,0
2024,11,Parma,45-54,Driver,5,5,2,3,0
2024,11,Parma,55-59,Driver,1,1,0,1,0
2024,11,Parma,60-64,Driver,2,2,0,2,0
2024,11,Parma,65+,Driver,1,1,0,1,0
2024,11,Parma,65+,Passenger,1,1,0,1,0
2024,12,Parma,18-20,Driver,1,1,1,0,0
2024,12,Parma,20-24,Driver,2,1,1,0,0
2024,12,Parma,20-24,Passenger,1,1,0,1,0
2024,12,Parma,25-29,Driver,1,1,0,1,0
2024,12,Parma,25-29,Passenger,2,1,1,0,0
2024,12,Parma,30-44,Driver,1,0,0,0,0
2024,12,Parma,30-44,Passenger,3,2,0,2,0
2024,12,Parma,30-44,Pedestrian,2,2,0,2,0
2024,12,Parma,45-54,Driver,2,2,0,2,0
2024,12,Parma,45-54,Passenger,2,2,0,2,0
2024,12,Parma,45-54,Pedestrian,1,1,1,0,0
2024,12,Parma,55-59,Driver,2,2,1,1,0
2024,12,Parma,60-64,Passenger,2,2,0,2,0
2024,1,Pavia,18-20,Driver,2,2,1,1,0
2024,1,Pavia,20-24,Driver,2,2,0,2,1
2024,1,Pavia,20-24,Passenger,1,1,0,1,0
2024,1,Pavia,30-44,Driver,4,3,0,3,0
2024,1,Pavia,45-54,Driver,2,1,0,1,0
2024,1,Pavia,45-54,Passenger,1,1,1,0,0
2024,1,Pavia,55-59,Passenger,1,1,1,0,0
2024,1,Pavia,60-64,Driver,3,3,0,3,0
2024,1,Pavia,65+,Passenger,1,1,0,1,0
2024,2,Pavia,18-20,Driver,4,2,0,2,0
2024,2,Pavia,18-20,Passenger,1,1,0,1,0
2024,2,Pavia,18-20,Pedestrian,1,1,0,1,0
2024,2,Pavia,20-24,Driver,3,0,0,0,0
2024,2,Pavia,20-24,Passenger,2,2,0,2,0
2024,2,Pavia,25-29,Driver,2,1,0,1,0
2024,2,Pavia,30-44,Driver,5,4,0,4,0
2024,2,Pavia,30-44,Passenger,2,2,0,2,0
2024,2,Pavia,30-44,Pedestrian,1,1,0,1,0
2024,2,Pavia,45-54,Driver,7,6,2,4,0
2024,2,Pavia,45-54,Passenger,2,1,1,0,0
2024,2,Pavia,55-59,Passenger,2,2,1,1,0
2024,2,Pavia,60-64,Driver,1,1,0,1,0
2024,2,Pavia,60-64,Passenger,1,1,0,1,0
2024,2,Pavia,65+,Driver,1,1,0,1,0
2024,2,Pavia,65+,Pedestrian,2,2,0,2,0
2024,3,Pavia,18-20,Driver,3,2,2,0,0
2024,3,Pavia,20-24,Driver,2,2,0,2,0
2024,3,Pavia,20-24,Passenger,2,2,0,2,0
2024,3,Pavia,25-29,Driver,1,1,0,1,0
2024,3,Pavia,30-44,Driver,6,6,2,4,0
2024,3,Pavia,30-44,Passenger,2,2,1,1,0
2024,3,Pavia,45-54,Driver,4,3,0,3,0
2024,3,Pavia,55-59,Driver,1,1,0,1,0
2024,3,Pavia,55-59,Passenger,1,0,0,0,0
2024,3,Pavia,60-64,Driver,3,3,1,2,0
2024,4,Pavia,18-20,Driver,3,2,0,2,0
2024,4,Pavia,18-20,Pedestrian,1,1,0,1,0
2024,4,Pavia,20-24,Driver,2,1,0,1,0
2024,4,Pavia,20-24,Passenger,2,1,1,0,0
2024,4,Pavia,25-29,Driver,2,1,0,1,0
2024,4,Pavia,25-29,Pedestrian,1,1,0,1,0
2024,4,Pavia,30-44,Driver,2,2,1,1,0
2024,4,Pavia,30-44,Passenger,1,1,0,1,0
2024,4,Pavia,45-54,Driver,5,5,1,4,0
2024,4,Pavia,45-54,Passenger,1,0,0,0,0
2024,4,Pavia,45-54,Pedestrian,1,1,0,1,0
2024,4,Pavia,55-59,Driver,3,3,0,3,0
2024,4,Pavia,60-64,Driver,1,1,0,1,0
2024,4,Pavia,65+,Driver,2,1,0,1,0
2024,4,Pavia,65+,Passenger,1,1,0,1,0
2024,5,Pavia,18-20,Driver,3,1,0,1,0
2024,5,Pavia,20-24,Driver,3,1,1,0,0
2024,5,Pavia,20-24,Passenger,1,1,0,1,0
2024,5,Pavia,20-24,Pedestrian,1,1,0,1,0
2024,5,Pavia,25-29,Driver,1,0,0,0,0
2024,5,Pavia,25-29,Pedestrian,1,1,0,1,0
2024,5,Pavia,30-44,Driver,6,4,1,3,0
2024,5,Pavia,30-44,Passenger,1,1,0,1,0
2024,5,Pavia,45-54,Driver,3,3,0,3,0
2024,5,Pavia,45-54,Passenger,1,1,0,1,0
2024,5,Pavia,55-59,Driver,1,0,0,0,0
2024,5,Pavia,55-59,Passenger,1,1,0,1,0
2024,5,Pavia,60-64,Passenger,2,1,0,1,0
2024,5,Pavia,60-64,Pedestrian,1,1,0,1,0
2024,5,Pavia,65+,Driver,1,1,0,1,0
2024,5,Pavia,65+,Passenger,1,1,0,1,0
2024,6,Pavia,18-20,Driver,2,1,1,0,0
2024,6,Pavia,18-20,Passenger,3,3,1,2,0
2024,6,Pavia,20-24,Driver,4,4,1,3,0
2024,6,Pavia,20-24,Passenger,2,2,1,1,0
2024,6,Pavia,20-24,Pedestrian,1,1,1,0,0
2024,6,Pavia,25-29,Driver,2,1,0,1,0
2024,6,Pavia,25-29,Passenger,1,1,1,0,0
2024,6,Pavia,30-44,Driver,1,1,0,1,0
2024,6,Pavia,30-44,Passenger,1,1,1,0,0
2024,6,Pavia,30-44,Pedestrian,3,3,0,3,0
2024,6,Pavia,45-54,Driver,3,2,0,2,0
2024,6,Pavia,45-54,Passenger,2,2,1,1,0
2024,6,Pavia,55-59,Driver,2,1,0,1,0
2024,6,Pavia,60-64,Driver,1,0,0,0,0
2024,6,Pavia,60-64,Passenger,1,1,0,1,0
2024,6,Pavia,65+,Passenger,1,1,0,1,0
2024,7,Pavia,20-24,Driver,3,3,0,3,0
2024,7,Pavia,20-24,Passenger,2,1,1,0,0
2024,7,Pavia,25-29,Driver,1,1,0,1,0
2024,7,Pavia,30-44,Driver,6,6,3,3,0
2024,7,Pavia,45-54,Driver,1,1,1,0,0
2024,7,Pavia,45-54,Passenger,1,1,0,1,0
2024,7,Pavia,55-59,Driver,1,1,0,1,0
2024,7,Pavia,65+,Driver,1,0,0,0,0
2024,8,Pavia,18-20,Driver,2,1,0,1,0
2024,8,Pavia,18-20,Passenger,1,1,0,1,0
2024,8,Pavia,20-24,Driver,4,3,0,3,0
2024,8,Pavia,20-24,Pedestrian,1,1,0,1,0
2024,8,Pavia,25-29,Driver,3,3,0,3,0
2024,8,Pavia,25-29,Pedestrian,1,0,0,0,0
2024,8,Pavia,30-44,Driver,9,8,0,8,0
2024,8,Pavia,30-44,Passenger,1,1,0,1,0
2024,8,Pavia,45-54,Driver,3,2,0,2,0
2024,8,Pavia,45-54,Passenger,1,1,0,1,0
2024,8,Pavia,55-59,Driver,1,1,0,1,0
2024,8,Pavia,60-64,Driver,3,2,1,1,0
2024,8,Pavia,65+,Driver,1,1,0,1,0
2024,8,Pavia,65+,Passenger,1,1,0,1,0
2024,9,Pavia,20-24,Driver,4,4,0,4,0
2024,9,Pavia,25-29,Driver,1,1,0,1,0
2024,9,Pavia,30-44,Driver,6,5,0,5,0
2024,9,Pavia,30-44,Passenger,2,2,0,2,0
2024,9,Pavia,45-54,Driver,1,1,0,1,0
2024,9,Pavia,45-54,Passenger,1,0,0,0,0
2024,9,Pavia,55-59,Driver,3,3,0,3,0
2024,9,Pavia,55-59,Passenger,2,1,0,1,0
2024,9,Pavia,65+,Driver,1,1,0,1,0
2024,10,Pavia,18-20,Driver,1,1,0,1,0
2024,10,Pavia,20-24,Driver,5,3,0,3,0
2024,10,Pavia,25-29,Driver,1,1,1,0,0
2024,10,Pavia,25-29,Passenger,1,1,1,0,0
2024,10,Pavia,30-44,Driver,3,2,0,2,0
2024,10,Pavia,30-44,Passenger,1,0,0,0,0
2024,10,Pavia,45-54,Driver,4,3,0,3,0
2024,10,Pavia,55-59,Driver,2,2,1,1,0
2024,10,Pavia,60-64,Driver,2,2,0,2,0
2024,10,Pavia,60-64,Passenger,1,1,0,1,0
2024,10,Pavia,60-64,Pedestrian,1,0,0,0,0
2024,11,Pavia,20-24,Driver,2,1,0,1,0
2024,11,Pavia,20-24,Passenger,1,1,0,1,0
2024,11,Pavia,25-29,Passenger,1,1,0,1,0
2024,11,Pavia,30-44,Driver,4,3,0,3,0
2024,11,Pavia,45-54,Driver,2,2,0,2,0
2024,11,Pavia,45-54,Passenger,1,1,0,1,0
2024,11,Pavia,55-59,Driver,1,1,0,1,0
2024,11,Pavia,60-64,Pedestrian,1,1,0,1,0
2024,11,Pavia,65+,Driver,1,1,1,0,0
2024,12,Pavia,25-29,Driver,2,2,1,1,0
2024,12,Pavia,30-44,Driver,3,3,1,2,0
2024,12,Pavia,30-44,Passenger,2,2,1,1,0
2024,12,Pavia,45-54,Driver,1,1,1,0,0
2024,12,Pavia,55-59,Driver,2,2,1,1,0
2024,12,Pavia,65+,Driver,1,0,0,0,0
2024,1,Perugia,18-20,Driver,1,1,0,1,0
2024,1,Perugia,20-24,Driver,3,3,0,3,0
2024,1,Perugia,20-24,Passenger,3,2,0,2,0
2024,1,Perugia,20-24,Pedestrian,1,1,0,1,0
2024,1,Perugia,25-29,Driver,3,3,1,2,0
2024,1,Perugia,25-29,Passenger,1,1,0,1,0
2024,1,Perugia,30-44,Driver,6,4,2,2,0
2024,1,Perugia,45-54,Driver,3,2,0,2,0
2024,1,Perugia,55-59,Driver,2,2,0,2,0
2024,1,Perugia,60-64,Driver,2,1,0,1,0
2024,1,Perugia,60-64,Passenger,1,1,0,1,0
2024,2,Perugia,18-20,Driver,3,3,1,2,0
2024,2,Perugia,18-20,Passenger,1,1,0,1,0
2024,2,Perugia,30-44,Driver,5,4,2,2,0
2024,2,Perugia,30-44,Passenger,3,3,1,2,0
2024,2,Perugia,30-44,Pedestrian,1,1,1,0,0
2024,2,Perugia,45-54,Driver,2,2,0,2,0
2024,2,Perugia,45-54,Passenger,1,1,0,1,0
2024,2,Perugia,55-59,Driver,3,3,1,2,0
2024,2,Perugia,60-64,Driver,2,1,0,1,0
2024,2,Perugia,65+,Driver,3,3,0,3,0
2024,3,Perugia,18-20,Driver,1,1,0,1,0
2024,3,Perugia,20-24,Driver,2,2,0,2,0
2024,3,Perugia,20-24,Passenger,1,1,0,1,0
2024,3,Perugia,30-44,Driver,1,0,0,0,0
2024,3,Perugia,30-44,Pedestrian,1,1,0,1,0
2024,3,Perugia,45-54,Driver,2,0,0,0,0
2024,3,Perugia,55-59,Driver,2,1,0,1,0
2024,3,Perugia,55-59,Passenger,1,1,0,1,0
2024,3,Perugia,60-64,Driver,1,1,0,1,0
2024,4,Perugia,30-44,Driver,1,1,1,0,0
2024,5,Perugia,18-20,Passenger,1,1,1,0,0
2024,5,Perugia,20-24,Driver,1,1,1,0,0
2024,5,Perugia,25-29,Driver,1,0,0,0,0
2024,5,Perugia,30-44,Driver,1,1,0,1,0
2024,5,Perugia,60-64,Driver,1,1,0,1,0
2024,6,Perugia,18-20,Driver,1,1,0,1,0
2024,6,Perugia,18-20,Passenger,1,1,0,1,0
2024,6,Perugia,20-24,Driver,2,2,0,2,0
2024,6,Perugia,20-24,Passenger,1,0,0,0,0
2024,6,Perugia,25-29,Passenger,1,1,0,1,0
2024,6,Perugia,30-44,Driver,1,0,0,0,0
2024,6,Perugia,30-44,Passenger,1,1,1,0,0
2024,6,Perugia,45-54,Driver,6,6,1,5,0
2024,6,Perugia,45-54,Passenger,1,1,1,0,0
2024,6,Perugia,55-59,Driver,2,2,0,2,0
2024,6,Perugia,55-59,Passenger,2,2,0,2,0
2024,6,Perugia,65+,Driver,1,1,0,1,0
2024,7,Perugia,18-20,Pedestrian,1,0,0,0,0
2024,7,Perugia,20-24,Driver,8,8,1,7,0
2024,7,Perugia,20-24,Pedestrian,1,1,0,1,0
2024,7,Perugia,25-29,Pedestrian,1,1,0,1,0
2024,7,Perugia,30-44,Driver,7,7,2,5,0
2024,7,Perugia,30-44,Passenger,2,1,0,1,0
2024,7,Perugia,30-44,Pedestrian,1,0,0,0,0
2024,7,Perugia,45-54,Driver,5,5,3,2,0
2024,7,Perugia,45-54,Passenger,1,1,0,1,0
2024,7,Perugia,55-59,Driver,1,1,0,1,0
2024,7,Perugia,60-64,Driver,2,2,0,2,1
2024,7,Perugia,65+,Driver,2,2,0,2,0
2024,8,Perugia,18-20,Driver,4,3,1,2,0
2024,8,Perugia,18-20,Passenger,2,2,0,2,0
2024,8,Perugia,20-24,Driver,3,2,0,2,0
2024,8,Perugia,20-24,Passenger,2,2,2,0,0
2024,8,Perugia,20-24,Pedestrian,1,1,0,1,0
2024,8,Perugia,25-29,Driver,2,2,0,2,0
2024,8,Perugia,25-29,Passenger,2,2,0,2,0
2024,8,Perugia,25-29,Pedestrian,1,1,0,1,0
2024,8,Perugia,30-44,Driver,7,7,1,6,0
2024,8,Perugia,30-44,Passenger,2,2,1,1,0
2024,8,Perugia,30-44,Pedestrian,1,1,0,1,0
2024,8,Perugia,45-54,Driver,4,4,0,4,0
2024,8,Perugia,45-54,Passenger,1,1,0,1,0
2024,8,Perugia,55-59,Driver,3,3,1,2,0
2024,8,Perugia,55-59,Passenger,1,0,0,0,0
2024,8,Perugia,60-64,Driver,3,3,1,2,0
2024,8,Perugia,65+,Driver,2,2,0,2,0
2024,9,Perugia,30-44,Driver,1,1,0,1,0
2024,9,Perugia,45-54,Driver,1,1,0,1,0
2024,9,Perugia,55-59,Driver,1,1,0,1,0
2024,9,Perugia,65+,Driver,1,1,0,1,0
2024,10,Perugia,18-20,Driver,2,2,1,1,1
2024,10,Perugia,20-24,Passenger,1,1,0,1,0
2024,10,Perugia,30-44,Driver,3,3,0,3,0
2024,10,Perugia,30-44,Pedestrian,1,1,0,1,0
2024,10,Perugia,45-54,Driver,3,3,0,3,0
2024,10,Perugia,45-54,Passenger,3,2,1,1,0
2024,10,Perugia,55-59,Driver,3,3,1,2,0
2024,10,Perugia,60-64,Driver,1,1,0,1,0
2024,10,Perugia,60-64,Pedestrian,1,1,1,0,0
2024,11,Perugia,20-24,Driver,1,1,0,1,0
2024,11,Perugia,25-29,Driver,2,1,0,1,0
2024,11,Perugia,45-54,Driver,1,1,0,1,0
2024,11,Perugia,45-54,Passenger,1,1,1,0,0
2024,11,Perugia,55-59,Driver,1,1,0,1,0
2024,12,Perugia,18-20,Driver,1,1,0,1,0
2024,12,Perugia,18-20,Passenger,2,1,0,1,0
2024,12,Perugia,20-24,Passenger,1,1,0,1,0
2024,12,Perugia,30-44,Driver,2,2,0,2,0
2024,12,Perugia,45-54,Driver,1,1,0,1,0
2024,12,Perugia,45-54,Passenger,1,1,0,1,0
2024,12,Perugia,45-54,Pedestrian,1,1,1,0,0
2024,12,Perugia,60-64,Driver,1,1,0,1,0
2024,12,Perugia,65+,Driver,1,1,0,1,0
2024,1,Pesaro e Urbino,18-20,Driver,2,2,0,2,0
2024,1,Pesaro e Urbino,20-24,Passenger,1,1,0,1,0
2024,1,Pesaro e Urbino,30-44,Driver,2,2,1,1,0
2024,1,Pesaro e Urbino,30-44,Passenger,1,0,0,0,0
2024,1,Pesaro e Urbino,45-54,Passenger,1,1,0,1,0
2024,1,Pesaro e Urbino,45-54,Pedestrian,1,1,0,1,0
2024,1,Pesaro e Urbino,55-59,Driver,3,1,1,0,0
2024,1,Pesaro e Urbino,65+,Driver,1,0,0,0,0
2024,1,Pesaro e Urbino,65+,Passenger,1,0,0,0,0
2024,2,Pesaro e Urbino,18-20,Driver,2,2,0,2,0
2024,2,Pesaro e Urbino,18-20,Passenger,1,1,1,0,0
2024,2,Pesaro e Urbino,20-24,Driver,1,1,1,0,0
2024,2,Pesaro e Urbino,20-24,Passenger,1,1,0,1,0
2024,2,Pesaro e Urbino,30-44,Driver,3,2,1,1,0
2024,2,Pesaro e Urbino,30-44,Pedestrian,1,1,0,1,0
2024,2,Pesaro e Urbino,45-54,Driver,2,1,1,0,1
2024,2,Pesaro e Urbino,55-59,Driver,3,2,0,2,0
2024,2,Pesaro e Urbino,55-59,Passenger,1,1,0,1,0
2024,2,Pesaro e Urbino,60-64,Driver,3,3,0,3,0
2024,3,Pesaro e Urbino,18-20,Driver,3,3,1,2,0
2024,3,Pesaro e Urbino,20-24,Driver,2,2,0,2,0
2024,3,Pesaro e Urbino,25-29,Driver,1,1,0,1,0
2024,3,Pesaro e Urbino,25-29,Pedestrian,1,1,0,1,0
2024,3,Pesaro e Urbino,30-44,Driver,3,3,0,3,0
2024,3,Pesaro e Urbino,45-54,Driver,1,1,0,1,0
2024,3,Pesaro e Urbino,45-54,Passenger,1,0,0,0,0
2024,3,Pesaro e Urbino,45-54,Pedestrian,1,0,0,0,0
2024,3,Pesaro e Urbino,55-59,Driver,1,0,0,0,0
2024,3,Pesaro e Urbino,55-59,Passenger,1,1,0,1,0
2024,3,Pesaro e Urbino,55-59,Pedestrian,1,1,0,1,0
2024,3,Pesaro e Urbino,60-64,Driver,1,1,0,1,0
2024,3,Pesaro e Urbino,60-64,Passenger,1,1,0,1,0
2024,3,Pesaro e Urbino,65+,Driver,2,2,1,1,0
2024,4,Pesaro e Urbino,18-20,Driver,2,2,1,1,0
2024,4,Pesaro e Urbino,20-24,Driver,2,1,0,1,0
2024,4,Pesaro e Urbino,25-29,Passenger,1,1,1,0,0
2024,4,Pesaro e Urbino,30-44,Driver,4,3,0,3,0
2024,4,Pesaro e Urbino,30-44,Passenger,3,3,0,3,0
2024,4,Pesaro e Urbino,45-54,Passenger,1,1,1,0,0
2024,4,Pesaro e Urbino,45-54,Pedestrian,1,1,0,1,0
2024,4,Pesaro e Urbino,55-59,Driver,1,1,0,1,0
2024,4,Pesaro e Urbino,55-59,Pedestrian,1,1,0,1,0
2024,4,Pesaro e Urbino,60-64,Driver,2,2,0,2,0
2024,4,Pesaro e Urbino,65+,Passenger,1,1,0,1,0
2024,5,Pesaro e Urbino,18-20,Driver,1,1,0,1,0
2024,5,Pesaro e Urbino,30-44,Passenger,1,1,0,1,0
2024,5,Pesaro e Urbino,45-54,Driver,2,2,1,1,0
2024,5,Pesaro e Urbino,45-54,Passenger,1,1,0,1,0
2024,5,Pesaro e Urbino,55-59,Driver,2,1,1,0,0
2024,6,Pesaro e Urbino,18-20,Driver,2,2,1,1,0
2024,6,Pesaro e Urbino,20-24,Passenger,1,1,0,1,0
2024,6,Pesaro e Urbino,25-29,Passenger,2,2,1,1,0
2024,6,Pesaro e Urbino,30-44,Driver,2,2,0,2,0
2024,6,Pesaro e Urbino,30-44,Passenger,3,3,1,2,0
2024,6,Pesaro e Urbino,30-44,Pedestrian,1,1,1,0,0
2024,6,Pesaro e Urbino,45-54,Driver,3,3,2,1,0
2024,6,Pesaro e Urbino,45-54,Passenger,2,2,0,2,0
2024,6,Pesaro e Urbino,55-59,Passenger,1,1,0,1,0
2024,6,Pesaro e Urbino,60-64,Pedestrian,1,0,0,0,0
2024,6,Pesaro e Urbino,65+,Driver,1,0,0,0,0
2024,7,Pesaro e Urbino,18-20,Driver,4,2,1,1,0
2024,7,Pesaro e Urbino,20-24,Driver,3,3,0,3,0
2024,7,Pesaro e Urbino,20-24,Passenger,1,1,0,1,0
2024,7,Pesaro e Urbino,25-29,Driver,2,2,0,2,0
2024,7,Pesaro e Urbino,25-29,Passenger,1,1,0,1,0
2024,7,Pesaro e Urbino,30-44,Driver,6,5,0,5,0
2024,7,Pesaro e Urbino,30-44,Passenger,3,3,0,3,1
2024,7,Pesaro e Urbino,45-54,Driver,2,1,0,1,0
2024,7,Pesaro e Urbino,60-64,Passenger,1,1,0,1,0
2024,7,Pesaro e Urbino,65+,Driver,2,2,1,1,0
2024,8,Pesaro e Urbino,18-20,Driver,1,0,0,0,0
2024,8,Pesaro e Urbino,20-24,Driver,1,1,1,0,0
2024,8,Pesaro e Urbino,25-29,Driver,2,2,2,0,0
2024,8,Pesaro e Urbino,25-29,Passenger,1,0,0,0,0
2024,8,Pesaro e Urbino,30-44,Driver,3,3,0,3,0
2024,8,Pesaro e Urbino,45-54,Driver,1,1,1,0,0
2024,8,Pesaro e Urbino,45-54,Pedestrian,1,1,0,1,0
2024,8,Pesaro e Urbino,55-59,Driver,1,0,0,0,0
2024,8,Pesaro e Urbino,55-59,Passenger,1,1,0,1,0
2024,8,Pesaro e Urbino,60-64,Driver,2,2,0,2,0
2024,8,Pesaro e Urbino,65+,Driver,1,1,0,1,0
2024,8,Pesaro e Urbino,65+,Pedestrian,1,0,0,0,0
2024,9,Pesaro e Urbino,18-20,Driver,1,1,1,0,0
2024,9,Pesaro e Urbino,18-20,Passenger,1,1,0,1,0
2024,9,Pesaro e Urbino,20-24,Driver,2,2,0,2,0
2024,9,Pesaro e Urbino,20-24,Pedestrian,1,1,0,1,0
2024,9,Pesaro e Urbino,25-29,Driver,2,1,0,1,0
2024,9,Pesaro e Urbino,30-44,Driver,3,2,0,2,0
2024,9,Pesaro e Urbino,30-44,Passenger,4,4,1,3,0
2024,9,Pesaro e Urbino,30-44,Pedestrian,1,0,0,0,0
2024,9,Pesaro e Urbino,45-54,Driver,4,4,0,4,0
2024,9,Pesaro e Urbino,45-54,Passenger,2,1,0,1,0
2024,9,Pesaro e Urbino,55-59,Driver,4,4,0,4,0
2024,9,Pesaro e Urbino,60-64,Driver,2,1,1,0,0
2024,9,Pesaro e Urbino,60-64,Passenger,2,2,0,2,0
2024,9,Pesaro e Urbino,65+,Passenger,1,1,1,0,0
2024,10,Pesaro e Urbino,18-20,Driver,4,4,0,4,0
2024,10,Pesaro e Urbino,18-20,Passenger,1,1,0,1,0
2024,10,Pesaro e Urbino,20-24,Driver,3,3,2,1,0
2024,10,Pesaro e Urbino,20-24,Pedestrian,1,1,0,1,0
2024,10,Pesaro e Urbino,25-29,Driver,3,3,2,1,0
2024,10,Pesaro e Urbino,30-44,Driver,3,3,0,3,0
2024,10,Pesaro e Urbino,30-44,Passenger,5,4,1,3,0
2024,10,Pesaro e Urbino,30-44,Pedestrian,1,1,0,1,0
2024,10,Pesaro e Urbino,45-54,Passenger,1,1,0,1,0
2024,10,Pesaro e Urbino,55-59,Driver,2,1,0,1,0
2024,10,Pesaro e Urbino,60-64,Driver,1,0,0,0,0
2024,10,Pesaro e Urbino,65+,Driver,3,2,0,2,0
2024,11,Pesaro e Urbino,18-20,Driver,2,2,1,1,0
2024,11,Pesaro e Urbino,18-20,Pedestrian,1,1,0,1,0
2024,11,Pesaro e Urbino,20-24,Driver,1,1,0,1,0
2024,11,Pesaro e Urbino,20-24,Passenger,1,1,0,1,0
2024,11,Pesaro e Urbino,25-29,Driver,4,4,0,4,0
2024,11,Pesaro e Urbino,25-29,Passenger,1,0,0,0,0
2024,11,Pesaro e Urbino,25-29,Pedestrian,1,1,0,1,0
2024,11,Pesaro e Urbino,30-44,Driver,9,9,1,8,1
2024,11,Pesaro e Urbino,30-44,Passenger,1,1,1,0,0
2024,11,Pesaro e Urbino,45-54,Driver,2,1,0,1,0
2024,11,Pesaro e Urbino,45-54,Passenger,1,1,0,1,0
2024,11,Pesaro e Urbino,45-54,Pedestrian,1,1,0,1,0
2024,11,Pesaro e Urbino,55-59,Driver,1,1,0,1,0
2024,11,Pesaro e Urbino,65+,Driver,1,1,1,0,0
2024,11,Pesaro e Urbino,65+,Passenger,1,0,0,0,0
2024,12,Pesaro e Urbino,18-20,Pedestrian,1,1,1,0,0
2024,12,Pesaro e Urbino,25-29,Passenger,1,1,0,1,0
2024,12,Pesaro e Urbino,30-44,Driver,3,2,1,1,0
2024,12,Pesaro e Urbino,45-54,Driver,1,1,0,1,0
2024,12,Pesaro e Urbino,55-59,Driver,1,1,0,1,0
2024,1,Pescara,18-20,Passenger,1,0,0,0,0
2024,1,Pescara,20-24,Driver,1,0,0,0,0
2024,1,Pescara,30-44,Driver,2,2,0,2,0
2024,1,Pescara,55-59,Driver,1,1,0,1,0
2024,1,Pescara,55-59,Passenger,1,1,0,1,0
2024,2,Pescara,18-20,Driver,1,1,0,1,0
2024,2,Pescara,18-20,Passenger,1,1,0,1,0
2024,2,Pescara,18-20,Pedestrian,1,1,0,1,0
2024,2,Pescara,20-24,Passenger,1,0,0,0,0
2024,2,Pescara,25-29,Driver,1,1,0,1,0
2024,2,Pescara,30-44,Driver,1,0,0,0,0
2024,2,Pescara,30-44,Passenger,3,3,1,2,0
2024,2,Pescara,45-54,Driver,4,2,0,2,0
2024,2,Pescara,60-64,Driver,1,1,0,1,0
2024,2,Pescara,65+,Pedestrian,1,0,0,0,0
2024,3,Pescara,18-20,Driver,2,2,0,2,0
2024,3,Pescara,20-24,Driver,2,2,0,2,0
2024,3,Pescara,20-24,Pedestrian,1,1,0,1,0
2024,3,Pescara,25-29,Driver,2,2,1,1,0
2024,3,Pescara,25-29,Passenger,1,0,0,0,0
2024,3,Pescara,25-29,Pedestrian,1,1,0,1,0
2024,3,Pescara,30-44,Driver,2,2,0,2,0
2024,3,Pescara,30-44,Passenger,1,1,0,1,0
2024,3,Pescara,45-54,Driver,3,3,0,3,0
2024,3,Pescara,45-54,Passenger,1,1,0,1,0
2024,3,Pescara,45-54,Pedestrian,1,1,0,1,0
2024,3,Pescara,55-59,Driver,3,2,0,2,0
2024,3,Pescara,55-59,Passenger,1,1,0,1,0
2024,3,Pescara,60-64,Driver,1,1,1,0,0
2024,3,Pescara,65+,Driver,1,1,0,1,1
2024,4,Pescara,18-20,Driver,1,1,0,1,0
2024,4,Pescara,20-24,Driver,1,1,0,1,0
2024,4,Pescara,20-24,Passenger,1,1,0,1,0
2024,4,Pescara,20-24,Pedestrian,1,0,0,0,0
2024,4,Pescara,25-29,Driver,1,1,0,1,0
2024,4,Pescara,25-29,Passenger,1,1,1,0,0
2024,4,Pescara,25-29,Pedestrian,1,1,1,0,0
2024,4,Pescara,30-44,Driver,3,2,0,2,0
2024,4,Pescara,30-44,Passenger,1,1,0,1,0
2024,4,Pescara,30-44,Pedestrian,2,2,0,2,0
2024,4,Pescara,45-54,Driver,1,1,0,1,0
2024,4,Pescara,45-54,Passenger,1,1,0,1,0
2024,4,Pescara,55-59,Driver,1,1,0,1,0
2024,4,Pescara,55-59,Passenger,1,1,1,0,0
2024,4,Pescara,60-64,Driver,3,2,2,0,0
2024,4,Pescara,60-64,Pedestrian,1,0,0,0,0
2024,5,Pescara,18-20,Driver,2,1,0,1,0
2024,5,Pescara,20-24,Driver,2,1,0,1,0
2024,5,Pescara,20-24,Pedestrian,2,2,0,2,0
2024,5,Pescara,25-29,Driver,1,1,1,0,0
2024,5,Pescara,25-29,Pedestrian,1,1,0,1,0
2024,5,Pescara,30-44,Driver,4,3,0,3,1
2024,5,Pescara,30-44,Passenger,2,2,1,1,0
2024,5,Pescara,45-54,Driver,6,3,0,3,0
2024,5,Pescara,55-59,Passenger,1,1,0,1,0
2024,6,Pescara,18-20,Driver,2,2,1,1,0
2024,6,Pescara,18-20,Passenger,3,2,0,2,0
2024,6,Pescara,20-24,Driver,2,2,1,1,0
2024,6,Pescara,20-24,Pedestrian,1,1,0,1,0
2024,6,Pescara,25-29,Driver,4,3,1,2,0
2024,6,Pescara,25-29,Passenger,1,1,0,1,0
2024,6,Pescara,30-44,Driver,4,1,0,1,0
2024,6,Pescara,30-44,Passenger,1,1,0,1,0
2024,6,Pescara,45-54,Driver,3,3,1,2,0
2024,6,Pescara,45-54,Passenger,4,4,0,4,0
2024,6,Pescara,55-59,Passenger,2,1,0,1,0
2024,6,Pescara,60-64,Driver,1,1,1,0,0
2024,6,Pescara,60-64,Passenger,2,2,0,2,0
2024,6,Pescara,65+,Driver,4,4,1,3,0
2024,6,Pescara,65+,Passenger,1,1,0,1,0
2024,7,Pescara,30-44,Driver,1,1,0,1,0
2024,8,Pescara,18-20,Driver,2,1,0,1,0
2024,8,Pescara,20-24,Driver,1,1,0,1,0
2024,8,Pescara,25-29,Driver,3,2,1,1,0
2024,8,Pescara,25-29,Passenger,1,1,0,1,0
2024,8,Pescara,30-44,Driver,1,0,0,0,0
2024,8,Pescara,30-44,Passenger,2,0,0,0,0
2024,8,Pescara,30-44,Pedestrian,2,1,0,1,0
2024,8,Pescara,45-54,Driver,4,2,0,2,0
2024,8,Pescara,55-59,Driver,2,2,1,1,0
2024,8,Pescara,60-64,Pedestrian,1,0,0,0,0
2024,8,Pescara,65+,Passenger,1,1,0,1,0
2024,9,Pescara,18-20,Driver,2,2,0,2,0
2024,9,Pescara,20-24,Driver,3,1,1,0,0
2024,9,Pescara,25-29,Driver,1,0,0,0,0
2024,9,Pescara,30-44,Driver,2,1,0,1,0
2024,9,Pescara,45-54,Driver,2,2,1,1,0
2024,10,Pescara,55-59,Passenger,1,0,0,0,0
2024,11,Pescara,18-20,Driver,1,1,0,1,0
2024,11,Pescara,20-24,Driver,2,2,0,2,0
2024,11,Pescara,20-24,Passenger,1,0,0,0,0
2024,11,Pescara,25-29,Driver,3,3,1,2,0
2024,11,Pescara,25-29,Passenger,1,1,0,1,0
2024,11,Pescara,30-44,Driver,3,3,0,3,0
2024,11,Pescara,30-44,Passenger,3,3,1,2,0
2024,11,Pescara,45-54,Driver,2,1,0,1,0
2024,11,Pescara,45-54,Pedestrian,1,1,0,1,0
2024,11,Pescara,55-59,Driver,3,3,1,2,0
2024,11,Pescara,55-59,Passenger,1,1,0,1,0
2024,11,Pescara,65+,Driver,1,1,0,1,0
2024,12,Pescara,18-20,Driver,1,1,0,1,0
2024,12,Pescara,20-24,Driver,1,1,0,1,0
2024,12,Pescara,20-24,Passenger,1,1,0,1,0
2024,12,Pescara,25-29,Driver,1,1,1,0,0
2024,12,Pescara,55-59,Driver,1,0,0,0,0
2024,12,Pescara,60-64,Passenger,1,1,0,1,0
2024,1,Piacenza,18-20,Driver,2,2,0,2,0
2024,1,Piacenza,20-24,Driver,6,6,0,6,0
2024,1,Piacenza,25-29,Driver,1,1,0,1,0
2024,1,Piacenza,30-44,Passenger,1,1,0,1,0
2024,1,Piacenza,30-44,Pedestrian,1,1,0,1,0
2024,1,Piacenza,45-54,Driver,2,1,0,1,0
2024,1,Piacenza,45-54,Passenger,1,1,0,1,0
2024,1,Piacenza,55-59,Driver,1,1,0,1,0
2024,1,Piacenza,55-59,Passenger,1,1,0,1,0
2024,1,Piacenza,60-64,Passenger,1,1,0,1,0
2024,1,Piacenza,65+,Passenger,1,1,0,1,0
2024,2,Piacenza,20-24,Driver,2,2,0,2,0
2024,2,Piacenza,25-29,Driver,1,1,0,1,0
2024,2,Piacenza,30-44,Driver,2,2,0,2,0
2024,2,Piacenza,30-44,Passenger,1,1,0,1,0
2024,2,Piacenza,55-59,Driver,1,1,1,0,0
2024,2,Piacenza,55-59,Passenger,1,1,1,0,0
2024,2,Piacenza,60-64,Driver,1,0,0,0,0
2024,2,Piacenza,65+,Passenger,1,1,1,0,0
2024,3,Piacenza,18-20,Driver,2,1,0,1,0
2024,3,Piacenza,18-20,Passenger,2,2,1,1,0
2024,3,Piacenza,20-24,Passenger,1,1,1,0,0
2024,3,Piacenza,25-29,Driver,2,2,0,2,0
2024,3,Piacenza,30-44,Driver,1,1,0,1,0
2024,3,Piacenza,30-44,Passenger,1,1,0,1,0
2024,3,Piacenza,45-54,Driver,1,1,0,1,1
2024,3,Piacenza,45-54,Passenger,1,1,0,1,0
2024,3,Piacenza,65+,Driver,1,0,0,0,0
2024,4,Piacenza,20-24,Driver,1,1,1,0,0
2024,4,Piacenza,25-29,Driver,1,1,0,1,0
2024,4,Piacenza,30-44,Driver,2,2,1,1,0
2024,4,Piacenza,45-54,Driver,1,1,0,1,0
2024,4,Piacenza,55-59,Driver,4,4,1,3,0
2024,4,Piacenza,65+,Driver,1,1,0,1,0
2024,5,Piacenza,18-20,Passenger,1,0,0,0,0
2024,5,Piacenza,20-24,Driver,3,3,0,3,0
2024,5,Piacenza,25-29,Pedestrian,2,2,0,2,0
2024,5,Piacenza,30-44,Driver,2,2,0,2,0
2024,5,Piacenza,30-44,Passenger,1,0,0,0,0
2024,5,Piacenza,30-44,Pedestrian,1,1,0,1,0
2024,5,Piacenza,45-54,Driver,3,2,0,2,0
2024,5,Piacenza,45-54,Passenger,2,2,0,2,0
2024,5,Piacenza,55-59,Driver,1,0,0,0,0
2024,5,Piacenza,65+,Driver,1,1,0,1,0
2024,5,Piacenza,65+,Passenger,1,1,0,1,0
2024,6,Piacenza,18-20,Driver,1,1,0,1,0
2024,6,Piacenza,25-29,Driver,1,0,0,0,0
2024,6,Piacenza,30-44,Driver,2,2,1,1,0
2024,6,Piacenza,45-54,Driver,3,2,1,1,0
2024,6,Piacenza,45-54,Pedestrian,1,1,0,1,0
2024,6,Piacenza,60-64,Passenger,1,1,0,1,1
2024,6,Piacenza,65+,Driver,1,0,0,0,0
2024,7,Piacenza,18-20,Driver,2,0,0,0,0
2024,7,Piacenza,18-20,Passenger,2,1,1,0,0
2024,7,Piacenza,20-24,Passenger,1,1,1,0,0
2024,7,Piacenza,25-29,Driver,1,0,0,0,0
2024,7,Piacenza,30-44,Driver,3,3,0,3,0
2024,7,Piacenza,30-44,Passenger,2,2,0,2,0
2024,7,Piacenza,45-54,Driver,1,1,1,0,0
2024,7,Piacenza,45-54,Passenger,1,1,0,1,0
2024,7,Piacenza,55-59,Driver,1,1,0,1,0
2024,7,Piacenza,60-64,Driver,1,0,0,0,0
2024,8,Piacenza,18-20,Driver,2,1,1,0,0
2024,8,Piacenza,18-20,Passenger,2,2,0,2,0
2024,8,Piacenza,20-24,Passenger,2,2,0,2,0
2024,8,Piacenza,20-24,Pedestrian,2,2,0,2,0
2024,8,Piacenza,25-29,Driver,4,4,0,4,0
2024,8,Piacenza,25-29,Passenger,1,1,0,1,0
2024,8,Piacenza,30-44,Driver,4,4,1,3,0
2024,8,Piacenza,30-44,Passenger,1,1,0,1,0
2024,8,Piacenza,45-54,Driver,2,2,1,1,0
2024,8,Piacenza,55-59,Driver,1,1,1,0,0
2024,8,Piacenza,60-64,Passenger,1,1,0,1,0
2024,8,Piacenza,65+,Driver,1,1,0,1,0
2024,8,Piacenza,65+,Pedestrian,1,1,0,1,0
2024,9,Piacenza,18-20,Driver,1,1,0,1,0
2024,9,Piacenza,18-20,Passenger,1,0,0,0,0
2024,9,Piacenza,20-24,Driver,3,3,0,3,0
2024,9,Piacenza,25-29,Driver,2,2,1,1,0
2024,9,Piacenza,30-44,Driver,3,3,1,2,0
2024,9,Piacenza,45-54,Driver,1,1,0,1,0
2024,9,Piacenza,55-59,Driver,1,1,0,1,0
2024,9,Piacenza,55-59,Passenger,1,1,0,1,0
2024,9,Piacenza,60-64,Pedestrian,1,1,1,0,0
2024,9,Piacenza,65+,Driver,1,1,0,1,0
2024,10,Piacenza,18-20,Driver,1,1,0,1,0
2024,10,Piacenza,18-20,Passenger,2,2,1,1,0
2024,10,Piacenza,20-24,Driver,4,2,1,1,0
2024,10,Piacenza,25-29,Driver,2,2,0,2,0
2024,10,Piacenza,30-44,Driver,1,0,0,0,0
2024,10,Piacenza,30-44,Pedestrian,1,1,0,1,0
2024,10,Piacenza,45-54,Driver,3,3,0,3,0
2024,10,Piacenza,55-59,Driver,2,2,1,1,0
2024,10,Piacenza,60-64,Driver,3,3,0,3,0
2024,10,Piacenza,60-64,Passenger,1,1,0,1,0
2024,10,Piacenza,65+,Driver,1,1,1,0,0
2024,10,Piacenza,65+,Pedestrian,1,1,0,1,0
2024,11,Piacenza,18-20,Driver,3,2,0,2,0
2024,11,Piacenza,20-24,Driver,3,2,1,1,0
2024,11,Piacenza,20-24,Passenger,1,0,0,0,0
2024,11,Piacenza,25-29,Driver,1,0,0,0,0
2024,11,Piacenza,30-44,Driver,2,2,2,0,0
2024,11,Piacenza,30-44,Passenger,4,3,1,2,0
2024,11,Piacenza,45-54,Driver,2,2,0,2,0
2024,11,Piacenza,45-54,Passenger,2,1,1,0,0
2024,11,Piacenza,60-64,Driver,1,1,0,1,0
2024,11,Piacenza,65+,Driver,1,1,0,1,0
2024,12,Piacenza,18-20,Pedestrian,2,2,0,2,0
2024,12,Piacenza,20-24,Driver,3,2,0,2,0
2024,12,Piacenza,25-29,Driver,1,1,1,0,0
2024,12,Piacenza,30-44,Driver,2,1,0,1,0
2024,12,Piacenza,45-54,Driver,1,1,0,1,0
2024,12,Piacenza,45-54,Passenger,1,1,1,0,0
2024,12,Piacenza,65+,Passenger,2,2,0,2,0
2024,1,Pisa,18-20,Driver,3,2,0,2,0
2024,1,Pisa,18-20,Passenger,1,1,1,0,0
2024,1,Pisa,18-20,Pedestrian,1,0,0,0,0
2024,1,Pisa,20-24,Driver,2,2,0,2,0
2024,1,Pisa,20-24,Passenger,2,2,0,2,0
2024,1,Pisa,30-44,Driver,1,0,0,0,0
2024,1,Pisa,30-44,Pedestrian,1,0,0,0,0
2024,1,Pisa,45-54,Driver,5,5,0,5,0
2024,1,Pisa,45-54,Passenger,2,2,0,2,0
2024,1,Pisa,60-64,Passenger,1,1,0,1,0
2024,1,Pisa,65+,Driver,1,1,0,1,0
2024,2,Pisa,18-20,Driver,2,1,0,1,0
2024,2,Pisa,18-20,Passenger,1,1,0,1,0
2024,2,Pisa,20-24,Driver,2,2,0,2,0
2024,2,Pisa,25-29,Driver,3,2,0,2,0
2024,2,Pisa,25-29,Passenger,1,1,0,1,0
2024,2,Pisa,30-44,Driver,4,2,0,2,0
2024,2,Pisa,30-44,Passenger,3,3,2,1,0
2024,2,Pisa,30-44,Pedestrian,1,1,0,1,0
2024,2,Pisa,45-54,Driver,3,3,1,2,1
2024,2,Pisa,45-54,Passenger,1,1,0,1,0
2024,2,Pisa,55-59,Pedestrian,1,0,0,0,0
2024,2,Pisa,60-64,Driver,1,1,0,1,0
2024,2,Pisa,60-64,Pedestrian,1,1,0,1,0
2024,2,Pisa,65+,Driver,1,1,0,1,0
2024,3,Pisa,20-24,Driver,3,3,0,3,0
2024,3,Pisa,20-24,Passenger,2,1,1,0,0
2024,3,Pisa,20-24,Pedestrian,1,1,1,0,0
2024,3,Pisa,25-29,Driver,1,1,0,1,0
2024,3,Pisa,25-29,Passenger,1,1,1,0,0
2024,3,Pisa,25-29,Pedestrian,1,1,0,1,0
2024,3,Pisa,30-44,Driver,1,0,0,0,0
2024,3,Pisa,30-44,Passenger,1,1,0,1,0
2024,3,Pisa,45-54,Driver,3,2,1,1,0
2024,3,Pisa,45-54,Passenger,1,0,0,0,0
2024,3,Pisa,55-59,Driver,2,2,1,1,0
2024,3,Pisa,60-64,Passenger,1,1,0,1,0
2024,3,Pisa,60-64,Pedestrian,1,1,0,1,0
2024,3,Pisa,65+,Driver,1,1,0,1,0
2024,4,Pisa,20-24,Driver,2,2,0,2,0
2024,4,Pisa,20-24,Passenger,1,1,0,1,0
2024,4,Pisa,25-29,Driver,3,3,0,3,0
2024,4,Pisa,25-29,Passenger,2,2,0,2,0
2024,4,Pisa,30-44,Driver,2,2,0,2,0
2024,4,Pisa,30-44,Passenger,1,1,1,0,0
2024,4,Pisa,30-44,Pedestrian,1,1,1,0,0
2024,4,Pisa,45-54,Driver,2,2,0,2,0
2024,4,Pisa,45-54,Pedestrian,2,2,0,2,0
2024,4,Pisa,55-59,Driver,2,2,0,2,0
2024,4,Pisa,60-64,Driver,4,4,3,1,0
2024,4,Pisa,60-64,Passenger,1,1,0,1,0
2024,4,Pisa,65+,Driver,1,1,0,1,0
2024,5,Pisa,45-54,Driver,1,0,0,0,0
2024,6,Pisa,20-24,Driver,2,1,1,0,0
2024,6,Pisa,25-29,Driver,1,0,0,0,0
2024,6,Pisa,25-29,Passenger,2,2,0,2,0
2024,6,Pisa,30-44,Driver,1,0,0,0,0
2024,6,Pisa,45-54,Driver,1,0,0,0,0
2024,6,Pisa,60-64,Driver,2,1,0,1,0
2024,6,Pisa,65+,Passenger,1,1,1,0,0
2024,7,Pisa,18-20,Driver,2,2,1,1,0
2024,7,Pisa,18-20,Passenger,1,1,0,1,0
2024,7,Pisa,20-24,Driver,5,5,2,3,0
2024,7,Pisa,25-29,Driver,2,1,0,1,0
2024,7,Pisa,25-29,Passenger,2,2,0,2,1
2024,7,Pisa,30-44,Driver,2,0,0,0,0
2024,7,Pisa,45-54,Driver,1,1,1,0,0
2024,7,Pisa,45-54,Passenger,1,0,0,0,0
2024,7,Pisa,55-59,Passenger,2,2,0,2,0
2024,7,Pisa,60-64,Driver,2,0,0,0,0
2024,8,Pisa,20-24,Passenger,1,1,0,1,1
2024,8,Pisa,45-54,Driver,4,4,0,4,0
2024,8,Pisa,65+,Driver,1,1,0,1,0
2024,9,Pisa,18-20,Driver,1,1,1,0,0
2024,9,Pisa,20-24,Driver,2,2,0,2,0
2024,9,Pisa,20-24,Passenger,1,1,0,1,0
2024,9,Pisa,25-29,Driver,1,1,0,1,0
2024,9,Pisa,30-44,Driver,4,4,1,3,0
2024,9,Pisa,45-54,Driver,5,4,0,4,0
2024,9,Pisa,55-59,Driver,3,2,1,1,0
2024,9,Pisa,60-64,Driver,1,0,0,0,0
2024,9,Pisa,60-64,Passenger,1,1,0,1,0
2024,9,Pisa,65+,Driver,1,1,0,1,0
2024,10,Pisa,18-20,Driver,1,0,0,0,0
2024,10,Pisa,20-24,Driver,2,1,0,1,0
2024,10,Pisa,25-29,Driver,3,3,0,3,0
2024,10,Pisa,25-29,Passenger,1,0,0,0,0
2024,10,Pisa,30-44,Passenger,1,0,0,0,0
2024,10,Pisa,30-44,Pedestrian,1,0,0,0,0
2024,10,Pisa,45-54,Driver,2,2,0,2,0
2024,10,Pisa,55-59,Driver,4,4,0,4,0
2024,10,Pisa,60-64,Driver,1,1,1,0,0
2024,10,Pisa,65+,Driver,1,1,0,1,0
2024,10,Pisa,65+,Passenger,2,1,0,1,0
2024,11,Pisa,18-20,Driver,2,1,0,1,1
2024,11,Pisa,20-24,Driver,1,1,0,1,0
2024,11,Pisa,25-29,Driver,1,1,1,0,0
2024,11,Pisa,30-44,Driver,1,1,0,1,0
2024,11,Pisa,30-44,Passenger,3,2,0,2,0
2024,11,Pisa,30-44,Pedestrian,1,1,0,1,0
2024,11,Pisa,45-54,Driver,3,1,0,1,0
2024,11,Pisa,55-59,Passenger,1,1,0,1,0
2024,11,Pisa,55-59,Pedestrian,1,1,0,1,0
2024,11,Pisa,60-64,Driver,1,1,0,1,0
2024,11,Pisa,60-64,Passenger,1,1,0,1,0
2024,12,Pisa,18-20,Driver,1,1,0,1,0
2024,12,Pisa,20-24,Driver,1,1,0,1,0
2024,12,Pisa,45-54,Driver,1,1,0,1,0
2024,12,Pisa,65+,Driver,1,1,0,1,0
2024,12,Pisa,65+,Passenger,1,1,0,1,0
2024,1,Pistoia,25-29,Driver,1,0,0,0,0
2024,2,Pistoia,18-20,Driver,2,2,1,1,0
2024,2,Pistoia,20-24,Passenger,1,1,0,1,0
2024,2,Pistoia,30-44,Driver,2,1,0,1,0
2024,2,Pistoia,30-44,Pedestrian,1,1,0,1,0
2024,2,Pistoia,45-54,Driver,4,4,1,3,0
2024,2,Pistoia,45-54,Pedestrian,1,1,0,1,0
2024,2,Pistoia,55-59,Driver,1,0,0,0,0
2024,2,Pistoia,60-64,Driver,1,1,0,1,0
2024,2,Pistoia,65+,Driver,1,1,0,1,0
2024,2,Pistoia,65+,Passenger,1,0,0,0,0
2024,3,Pistoia,25-29,Driver,1,1,0,1,0
2024,3,Pistoia,60-64,Driver,1,1,0,1,0
2024,4,Pistoia,18-20,Pedestrian,1,1,1,0,0
2024,4,Pistoia,20-24,Driver,1,1,0,1,0
2024,4,Pistoia,20-24,Pedestrian,1,1,0,1,0
2024,4,Pistoia,25-29,Driver,1,1,1,0,0
2024,4,Pistoia,30-44,Driver,2,2,0,2,0
2024,4,Pistoia,30-44,Passenger,1,1,0,1,1
2024,4,Pistoia,30-44,Pedestrian,1,1,0,1,0
2024,4,Pistoia,55-59,Driver,2,2,1,1,1
2024,5,Pistoia,18-20,Driver,1,1,0,1,0
2024,5,Pistoia,20-24,Driver,1,1,0,1,0
2024,5,Pistoia,20-24,Passenger,1,1,0,1,0
2024,5,Pistoia,25-29,Driver,1,1,1,0,0
2024,5,Pistoia,30-44,Pedestrian,1,1,0,1,0
2024,5,Pistoia,45-54,Driver,1,1,0,1,0
2024,5,Pistoia,55-59,Passenger,1,1,0,1,0
2024,6,Pistoia,18-20,Driver,1,1,0,1,0
2024,6,Pistoia,30-44,Driver,3,0,0,0,0
2024,6,Pistoia,45-54,Driver,1,0,0,0,1
2024,7,Pistoia,18-20,Driver,1,1,0,1,0
2024,7,Pistoia,18-20,Pedestrian,1,1,0,1,0
2024,7,Pistoia,20-24,Pedestrian,1,1,0,1,0
2024,7,Pistoia,25-29,Driver,2,2,0,2,0
2024,7,Pistoia,45-54,Driver,2,2,1,1,0
2024,7,Pistoia,60-64,Driver,1,1,0,1,0
2024,7,Pistoia,65+,Driver,1,1,0,1,0
2024,8,Pistoia,18-20,Driver,3,1,0,1,0
2024,8,Pistoia,18-20,Passenger,1,0,0,0,0
2024,8,Pistoia,25-29,Driver,2,2,0,2,0
2024,8,Pistoia,30-44,Driver,5,4,1,3,0
2024,8,Pistoia,30-44,Passenger,2,2,0,2,0
2024,8,Pistoia,45-54,Passenger,1,1,0,1,0
2024,8,Pistoia,55-59,Passenger,1,1,0,1,0
2024,8,Pistoia,60-64,Driver,2,1,0,1,0
2024,8,Pistoia,65+,Passenger,1,1,0,1,0
2024,9,Pistoia,18-20,Driver,2,1,1,0,0
2024,9,Pistoia,20-24,Passenger,1,1,0,1,0
2024,9,Pistoia,25-29,Driver,2,2,0,2,0
2024,9,Pistoia,25-29,Passenger,1,0,0,0,0
2024,9,Pistoia,30-44,Driver,2,2,0,2,1
2024,9,Pistoia,45-54,Driver,3,3,1,2,0
2024,9,Pistoia,55-59,Driver,1,1,0,1,0
2024,9,Pistoia,60-64,Pedestrian,1,0,0,0,0
2024,10,Pistoia,25-29,Driver,1,1,0,1,0
2024,10,Pistoia,25-29,Passenger,1,1,0,1,0
2024,10,Pistoia,30-44,Driver,3,3,0,3,0
2024,10,Pistoia,45-54,Driver,1,1,0,1,0
2024,10,Pistoia,65+,Driver,3,3,0,3,1
2024,11,Pistoia,18-20,Driver,1,1,0,1,0
2024,11,Pistoia,20-24,Driver,1,1,0,1,0
2024,11,Pistoia,25-29,Driver,2,2,0,2,0
2024,11,Pistoia,25-29,Passenger,1,1,0,1,0
2024,11,Pistoia,30-44,Driver,4,2,0,2,0
2024,11,Pistoia,30-44,Pedestrian,2,2,0,2,0
2024,11,Pistoia,45-54,Driver,2,2,1,1,0
2024,11,Pistoia,45-54,Passenger,1,0,0,0,0
2024,11,Pistoia,55-59,Driver,2,0,0,0,0
2024,11,Pistoia,60-64,Driver,2,2,0,2,0
2024,11,Pistoia,65+,Passenger,1,1,1,0,0
2024,12,Pistoia,18-20,Passenger,1,1,0,1,0
2024,12,Pistoia,20-24,Driver,2,2,0,2,0
2024,12,Pistoia,20-24,Pedestrian,1,1,0,1,0
2024,12,Pistoia,25-29,Driver,1,1,0,1,0
2024,12,Pistoia,25-29,Passenger,1,1,0,1,0
2024,12,Pistoia,30-44,Driver,4,3,0,3,0
2024,12,Pistoia,55-59,Driver,2,2,0,2,0
2024,1,Pordenone,20-24,Driver,1,0,0,0,0
2024,1,Pordenone,20-24,Passenger,3,2,0,2,0
2024,1,Pordenone,25-29,Driver,1,0,0,0,0
2024,1,Pordenone,30-44,Driver,3,3,0,3,0
2024,1,Pordenone,45-54,Driver,1,1,0,1,0
2024,1,Pordenone,55-59,Driver,1,1,0,1,0
2024,1,Pordenone,60-64,Driver,2,2,0,2,0
2024,1,Pordenone,60-64,Pedestrian,1,1,0,1,0
2024,1,Pordenone,65+,Driver,1,1,1,0,0
2024,1,Pordenone,65+,Passenger,1,1,0,1,0
2024,2,Pordenone,18-20,Passenger,1,1,1,0,0
2024,2,Pordenone,20-24,Passenger,1,0,0,0,0
2024,2,Pordenone,25-29,Driver,1,1,1,0,0
2024,2,Pordenone,30-44,Driver,2,1,1,0,0
2024,2,Pordenone,45-54,Driver,4,2,1,1,0
2024,2,Pordenone,55-59,Driver,1,1,0,1,0
2024,2,Pordenone,60-64,Driver,2,2,0,2,0
2024,2,Pordenone,60-64,Passenger,1,1,0,1,0
2024,2,Pordenone,60-64,Pedestrian,1,1,0,1,0
2024,3,Pordenone,20-24,Driver,2,2,0,2,0
2024,3,Pordenone,20-24,Passenger,2,2,0,2,0
2024,3,Pordenone,25-29,Driver,2,2,0,2,0
2024,3,Pordenone,30-44,Driver,3,2,0,2,0
2024,3,Pordenone,30-44,Passenger,2,1,1,0,1
2024,3,Pordenone,45-54,Driver,1,1,0,1,0
2024,3,Pordenone,65+,Driver,2,0,0,0,0
2024,3,Pordenone,65+,Pedestrian,1,0,0,0,0
2024,4,Pordenone,20-24,Passenger,1,1,1,0,0
2024,4,Pordenone,25-29,Driver,1,1,0,1,0
2024,4,Pordenone,30-44,Driver,3,2,1,1,0
2024,5,Pordenone,18-20,Driver,2,2,0,2,0
2024,5,Pordenone,20-24,Driver,2,2,1,1,0
2024,5,Pordenone,25-29,Driver,1,0,0,0,0
2024,5,Pordenone,25-29,Passenger,2,2,1,1,0
2024,5,Pordenone,30-44,Driver,5,3,1,2,0
2024,5,Pordenone,45-54,Driver,4,3,2,1,0
2024,5,Pordenone,45-54,Passenger,1,1,1,0,0
2024,5,Pordenone,45-54,Pedestrian,2,2,2,0,0
2024,5,Pordenone,55-59,Driver,2,2,0,2,0
2024,5,Pordenone,60-64,Driver,3,2,0,2,0
2024,5,Pordenone,65+,Driver,1,1,0,1,0
2024,6,Pordenone,20-24,Passenger,2,2,0,2,0
2024,6,Pordenone,30-44,Driver,1,1,1,0,0
2024,6,Pordenone,30-44,Passenger,1,0,0,0,0
2024,6,Pordenone,45-54,Driver,1,1,1,0,1
2024,6,Pordenone,55-59,Driver,2,2,1,1,0
2024,6,Pordenone,55-59,Passenger,1,1,0,1,0
2024,6,Pordenone,60-64,Driver,1,1,1,0,0
2024,6,Pordenone,60-64,Passenger,1,1,0,1,0
2024,7,Pordenone,18-20,Driver,1,1,0,1,0
2024,7,Pordenone,18-20,Passenger,1,1,0,1,0
2024,7,Pordenone,20-24,Driver,2,2,0,2,0
2024,7,Pordenone,20-24,Passenger,1,1,1,0,0
2024,7,Pordenone,20-24,Pedestrian,1,1,0,1,0
2024,7,Pordenone,25-29,Driver,3,2,0,2,0
2024,7,Pordenone,25-29,Passenger,1,0,0,0,0
2024,7,Pordenone,25-29,Pedestrian,1,1,1,0,0
2024,7,Pordenone,30-44,Driver,4,4,2,2,0
2024,7,Pordenone,30-44,Passenger,1,1,1,0,0
2024,7,Pordenone,45-54,Driver,3,3,0,3,0
2024,7,Pordenone,45-54,Passenger,2,1,0,1,0
2024,7,Pordenone,55-59,Driver,1,1,1,0,0
2024,7,Pordenone,55-59,Passenger,1,1,0,1,0
2024,8,Pordenone,18-20,Driver,1,1,0,1,0
2024,8,Pordenone,25-29,Driver,2,2,2,0,0
2024,8,Pordenone,30-44,Driver,2,1,0,1,0
2024,8,Pordenone,30-44,Pedestrian,1,1,0,1,0
2024,8,Pordenone,45-54,Driver,3,3,0,3,0
2024,8,Pordenone,65+,Driver,1,1,1,0,0
2024,9,Pordenone,18-20,Driver,1,1,0,1,0
2024,9,Pordenone,20-24,Driver,2,2,0,2,0
2024,9,Pordenone,20-24,Passenger,1,1,1,0,0
2024,9,Pordenone,30-44,Driver,2,2,0,2,0
2024,9,Pordenone,30-44,Passenger,1,1,0,1,0
2024,9,Pordenone,45-54,Driver,1,0,0,0,0
2024,9,Pordenone,45-54,Passenger,1,1,0,1,0
2024,9,Pordenone,55-59,Driver,1,1,1,0,0
2024,9,Pordenone,60-64,Driver,1,1,0,1,1
2024,9,Pordenone,60-64,Passenger,1,1,0,1,0
2024,9,Pordenone,60-64,Pedestrian,1,1,0,1,0
2024,9,Pordenone,65+,Driver,3,2,1,1,0
2024,10,Pordenone,18-20,Driver,1,1,0,1,0
2024,10,Pordenone,18-20,Passenger,1,1,0,1,0
2024,10,Pordenone,20-24,Driver,1,1,0,1,1
2024,10,Pordenone,20-24,Passenger,1,1,0,1,0
2024,10,Pordenone,25-29,Driver,1,0,0,0,0
2024,10,Pordenone,30-44,Driver,1,0,0,0,0
2024,10,Pordenone,30-44,Passenger,1,1,0,1,0
2024,10,Pordenone,45-54,Driver,2,2,1,1,0
2024,10,Pordenone,55-59,Pedestrian,1,1,0,1,0
2024,10,Pordenone,60-64,Driver,1,0,0,0,0
2024,11,Pordenone,65+,Driver,1,1,0,1,0
2024,12,Pordenone,20-24,Driver,1,1,0,1,0
2024,1,Potenza,18-20,Driver,1,1,0,1,0
2024,1,Potenza,20-24,Driver,2,2,1,1,0
2024,1,Potenza,25-29,Passenger,1,1,0,1,0
2024,1,Potenza,30-44,Driver,2,2,0,2,0
2024,1,Potenza,45-54,Driver,2,2,0,2,0
2024,1,Potenza,45-54,Passenger,1,1,1,0,0
2024,1,Potenza,45-54,Pedestrian,1,1,0,1,0
2024,1,Potenza,60-64,Pedestrian,1,1,0,1,0
2024,1,Potenza,65+,Passenger,1,0,0,0,0
2024,2,Potenza,20-24,Pedestrian,1,1,0,1,0
2024,2,Potenza,25-29,Driver,1,1,1,0,0
2024,2,Potenza,45-54,Driver,1,1,1,0,0
2024,2,Potenza,45-54,Passenger,1,1,0,1,0
2024,2,Potenza,60-64,Passenger,1,1,0,1,0
2024,3,Potenza,30-44,Driver,2,2,0,2,0
2024,3,Potenza,30-44,Passenger,2,2,1,1,0
2024,3,Potenza,55-59,Passenger,1,1,0,1,0
2024,3,Potenza,60-64,Pedestrian,1,1,0,1,0
2024,3,Potenza,65+,Driver,3,2,0,2,0
2024,4,Potenza,18-20,Driver,1,1,0,1,0
2024,4,Potenza,20-24,Driver,1,1,0,1,0
2024,5,Potenza,25-29,Passenger,1,0,0,0,0
2024,6,Potenza,18-20,Driver,2,2,1,1,1
2024,6,Potenza,18-20,Passenger,1,1,0,1,0
2024,6,Potenza,20-24,Driver,2,2,0,2,0
2024,6,Potenza,20-24,Passenger,1,1,0,1,0
2024,6,Potenza,25-29,Driver,1,1,0,1,0
2024,6,Potenza,30-44,Driver,1,1,1,0,0
2024,6,Potenza,30-44,Passenger,1,1,0,1,0
2024,6,Potenza,45-54,Passenger,3,3,0,3,0
2024,6,Potenza,55-59,Driver,2,1,0,1,0
2024,6,Potenza,55-59,Passenger,1,1,0,1,0
2024,6,Potenza,65+,Driver,2,1,1,0,0
2024,7,Potenza,20-24,Passenger,1,1,0,1,0
2024,7,Potenza,25-29,Driver,1,1,0,1,0
2024,7,Potenza,30-44,Passenger,1,1,0,1,0
2024,8,Potenza,18-20,Driver,1,1,0,1,0
2024,8,Potenza,18-20,Passenger,1,1,0,1,0
2024,8,Potenza,25-29,Passenger,1,1,0,1,0
2024,8,Potenza,30-44,Driver,1,1,0,1,0
2024,8,Potenza,55-59,Driver,2,2,0,2,0
2024,8,Potenza,60-64,Passenger,1,1,0,1,0
2024,8,Potenza,65+,Driver,1,1,0,1,0
2024,9,Potenza,18-20,Driver,1,1,0,1,0
2024,9,Potenza,20-24,Passenger,1,0,0,0,0
2024,9,Potenza,25-29,Driver,1,1,0,1,0
2024,9,Potenza,25-29,Passenger,1,1,0,1,0
2024,9,Potenza,30-44,Driver,1,1,1,0,0
2024,9,Potenza,45-54,Driver,4,4,1,3,0
2024,9,Potenza,45-54,Passenger,1,1,1,0,0
2024,9,Potenza,55-59,Driver,1,1,1,0,0
2024,10,Potenza,25-29,Driver,1,1,0,1,0
2024,10,Potenza,45-54,Driver,1,1,0,1,0
2024,10,Potenza,60-64,Passenger,1,1,0,1,0
2024,11,Potenza,18-20,Driver,2,1,0,1,0
2024,11,Potenza,20-24,Driver,1,1,0,1,0
2024,11,Potenza,25-29,Driver,2,2,1,1,0
2024,11,Potenza,25-29,Passenger,1,1,0,1,0
2024,11,Potenza,30-44,Driver,2,2,0,2,0
2024,11,Potenza,45-54,Passenger,1,1,1,0,0
2024,11,Potenza,55-59,Driver,1,1,1,0,0
2024,11,Potenza,60-64,Driver,1,0,0,0,0
2024,11,Potenza,60-64,Pedestrian,1,1,1,0,0
2024,12,Potenza,18-20,Driver,2,2,0,2,0
2024,12,Potenza,25-29,Driver,2,2,1,1,0
2024,12,Potenza,30-44,Driver,2,2,0,2,0
2024,12,Potenza,30-44,Passenger,1,0,0,0,0
2024,12,Potenza,45-54,Passenger,1,1,0,1,0
2024,12,Potenza,45-54,Pedestrian,1,1,0,1,0
2024,12,Potenza,55-59,Passenger,1,0,0,0,0
2024,12,Potenza,60-64,Driver,1,1,0,1,0
2024,12,Potenza,60-64,Pedestrian,1,1,1,0,0
2024,12,Potenza,65+,Pedestrian,2,2,0,2,0
2024,1,Prato,18-20,Driver,3,2,0,2,0
2024,1,Prato,18-20,Passenger,1,1,0,1,0
2024,1,Prato,20-24,Driver,2,2,1,1,0
2024,1,Prato,20-24,Passenger,1,0,0,0,0
2024,1,Prato,20-24,Pedestrian,1,0,0,0,0
2024,1,Prato,25-29,Driver,3,3,2,1,0
2024,1,Prato,25-29,Passenger,1,1,0,1,0
2024,1,Prato,25-29,Pedestrian,1,1,0,1,0
2024,1,Prato,30-44,Driver,10,8,2,6,0
2024,1,Prato,30-44,Passenger,2,2,0,2,0
2024,1,Prato,45-54,Driver,5,3,1,2,0
2024,1,Prato,45-54,Pedestrian,2,2,1,1,0
2024,1,Prato,55-59,Driver,1,1,0,1,0
2024,1,Prato,60-64,Driver,1,0,0,0,0
2024,1,Prato,65+,Driver,1,0,0,0,1
2024,1,Prato,65+,Passenger,1,1,0,1,0
2024,2,Prato,20-24,Driver,2,1,1,0,0
2024,2,Prato,20-24,Passenger,1,1,1,0,0
2024,2,Prato,25-29,Passenger,1,1,0,1,0
2024,2,Prato,30-44,Driver,4,2,0,2,0
2024,2,Prato,30-44,Passenger,1,1,1,0,0
2024,2,Prato,45-54,Driver,1,1,1,0,0
2024,2,Prato,60-64,Driver,2,2,0,2,0
2024,3,Prato,18-20,Passenger,1,1,0,1,0
2024,3,Prato,20-24,Driver,1,1,0,1,0
2024,3,Prato,20-24,Passenger,1,1,0,1,0
2024,3,Prato,25-29,Driver,1,1,0,1,0
2024,3,Prato,30-44,Passenger,1,1,1,0,0
2024,3,Prato,45-54,Driver,2,2,0,2,0
2024,3,Prato,55-59,Pedestrian,1,1,1,0,0
2024,4,Prato,18-20,Driver,3,3,0,3,0
2024,4,Prato,20-24,Driver,4,4,1,3,0
2024,4,Prato,25-29,Passenger,1,1,0,1,0
2024,4,Prato,30-44,Driver,6,6,0,6,0
2024,4,Prato,30-44,Passenger,4,4,3,1,0
2024,4,Prato,45-54,Driver,2,1,0,1,0
2024,4,Prato,55-59,Driver,5,5,1,4,0
2024,4,Prato,55-59,Pedestrian,1,1,0,1,0
2024,4,Prato,60-64,Driver,3,2,0,2,0
2024,5,Prato,18-20,Driver,2,2,1,1,0
2024,5,Prato,20-24,Driver,4,3,0,3,0
2024,5,Prato,20-24,Passenger,1,1,1,0,0
2024,5,Prato,25-29,Driver,1,1,1,0,0
2024,5,Prato,30-44,Driver,3,1,1,0,0
2024,5,Prato,45-54,Driver,4,2,1,1,0
2024,5,Prato,45-54,Passenger,1,1,0,1,0
2024,5,Prato,45-54,Pedestrian,1,1,0,1,0
2024,5,Prato,55-59,Passenger,1,0,0,0,0
2024,6,Prato,18-20,Driver,3,3,0,3,0
2024,6,Prato,18-20,Passenger,1,1,0,1,0
2024,6,Prato,20-24,Driver,3,3,0,3,0
2024,6,Prato,20-24,Passenger,2,2,0,2,0
2024,6,Prato,25-29,Driver,3,3,0,3,0
2024,6,Prato,25-29,Passenger,1,1,0,1,0
2024,6,Prato,25-29,Pedestrian,1,1,0,1,0
2024,6,Prato,30-44,Driver,5,4,0,4,0
2024,6,Prato,30-44,Passenger,3,3,1,2,0
2024,6,Prato,45-54,Driver,3,3,2,1,0
2024,6,Prato,45-54,Passenger,1,0,0,0,0
2024,6,Prato,45-54,Pedestrian,1,1,0,1,0
2024,6,Prato,55-59,Driver,6,5,0,5,0
2024,6,Prato,60-64,Driver,1,1,1,0,0
2024,6,Prato,60-64,Passenger,1,1,0,1,0
2024,6,Prato,65+,Passenger,1,1,0,1,0
2024,7,Prato,18-20,Driver,2,2,0,2,0
2024,7,Prato,18-20,Passenger,1,0,0,0,0
2024,7,Prato,18-20,Pedestrian,1,1,0,1,0
2024,7,Prato,20-24,Driver,4,4,0,4,0
2024,7,Prato,20-24,Pedestrian,1,1,0,1,0
2024,7,Prato,25-29,Driver,5,5,0,5,0
2024,7,Prato,25-29,Passenger,1,1,0,1,0
2024,7,Prato,30-44,Driver,8,8,1,7,0
2024,7,Prato,30-44,Passenger,4,4,1,3,0
2024,7,Prato,30-44,Pedestrian,6,6,2,4,0
2024,7,Prato,45-54,Driver,6,3,0,3,0
2024,7,Prato,45-54,Pedestrian,1,1,0,1,0
2024,7,Prato,55-59,Driver,5,5,1,4,0
2024,7,Prato,55-59,Passenger,2,2,0,2,0
2024,7,Prato,60-64,Driver,3,2,0,2,0
2024,7,Prato,60-64,Pedestrian,1,1,0,1,0
2024,7,Prato,65+,Driver,1,1,0,1,0
2024,8,Prato,18-20,Driver,1,1,0,1,0
2024,8,Prato,20-24,Driver,5,3,0,3,0
2024,8,Prato,20-24,Passenger,1,1,0,1,0
2024,8,Prato,20-24,Pedestrian,1,1,0,1,0
2024,8,Prato,25-29,Driver,5,4,2,2,1
2024,8,Prato,25-29,Passenger,2,1,0,1,0
2024,8,Prato,30-44,Driver,9,9,0,9,0
2024,8,Prato,30-44,Passenger,2,2,1,1,0
2024,8,Prato,30-44,Pedestrian,2,2,1,1,0
2024,8,Prato,45-54,Driver,9,8,1,7,0
2024,8,Prato,45-54,Passenger,3,3,1,2,0
2024,8,Prato,55-59,Driver,2,2,0,2,0
2024,8,Prato,55-59,Passenger,5,4,0,4,0
2024,8,Prato,60-64,Driver,1,1,0,1,0
2024,8,Prato,60-64,Pedestrian,1,1,1,0,0
2024,8,Prato,65+,Driver,2,2,0,2,0
2024,9,Prato,18-20,Driver,5,5,1,4,0
2024,9,Prato,18-20,Passenger,1,1,0,1,0
2024,9,Prato,18-20,Pedestrian,2,2,0,2,0
2024,9,Prato,20-24,Driver,1,0,0,0,0
2024,9,Prato,20-24,Passenger,1,1,0,1,0
2024,9,Prato,25-29,Driver,3,2,1,1,0
2024,9,Prato,25-29,Passenger,3,3,1,2,0
2024,9,Prato,30-44,Driver,8,7,2,5,0
2024,9,Prato,30-44,Pedestrian,1,1,0,1,0
2024,9,Prato,45-54,Driver,2,2,0,2,0
2024,9,Prato,45-54,Passenger,1,1,0,1,0
2024,9,Prato,45-54,Pedestrian,1,0,0,0,0
2024,9,Prato,55-59,Driver,1,1,0,1,0
2024,9,Prato,55-59,Pedestrian,1,1,0,1,0
2024,9,Prato,60-64,Driver,1,1,0,1,0
2024,9,Prato,65+,Driver,1,1,0,1,0
2024,10,Prato,18-20,Driver,4,3,1,2,0
2024,10,Prato,18-20,Passenger,1,0,0,0,0
2024,10,Prato,20-24,Driver,1,1,0,1,0
2024,10,Prato,20-24,Passenger,1,0,0,0,0
2024,10,Prato,25-29,Driver,1,0,0,0,0
2024,10,Prato,25-29,Passenger,2,1,0,1,0
2024,10,Prato,30-44,Driver,3,3,1,2,0
2024,10,Prato,30-44,Passenger,1,1,0,1,0
2024,10,Prato,45-54,Driver,1,1,0,1,0
2024,10,Prato,45-54,Passenger,1,1,0,1,0
2024,10,Prato,45-54,Pedestrian,1,1,0,1,0
2024,10,Prato,55-59,Driver,1,1,0,1,1
2024,10,Prato,60-64,Driver,1,1,0,1,0
2024,10,Prato,65+,Driver,1,1,0,1,0
2024,11,Prato,18-20,Driver,2,2,0,2,0
2024,11,Prato,18-20,Pedestrian,1,0,0,0,0
2024,11,Prato,20-24,Driver,3,3,0,3,0
2024,11,Prato,20-24,Passenger,2,1,0,1,0
2024,11,Prato,25-29,Driver,5,3,0,3,0
2024,11,Prato,25-29,Passenger,1,1,1,0,0
2024,11,Prato,25-29,Pedestrian,1,1,0,1,0
2024,11,Prato,30-44,Driver,6,6,3,3,0
2024,11,Prato,30-44,Passenger,6,5,1,4,1
2024,11,Prato,45-54,Driver,7,5,4,1,0
2024,11,Prato,45-54,Pedestrian,1,0,0,0,0
2024,11,Prato,55-59,Driver,2,2,1,1,0
2024,11,Prato,55-59,Passenger,1,0,0,0,0
2024,11,Prato,60-64,Driver,2,0,0,0,0
2024,11,Prato,60-64,Passenger,1,1,1,0,0
2024,11,Prato,60-64,Pedestrian,1,1,1,0,0
2024,12,Prato,18-20,Passenger,1,1,0,1,0
2024,12,Prato,20-24,Driver,7,6,0,6,0
2024,12,Prato,20-24,Pedestrian,1,1,0,1,0
2024,12,Prato,25-29,Driver,4,4,1,3,0
2024,12,Prato,30-44,Driver,5,5,0,5,0
2024,12,Prato,30-44,Passenger,3,3,1,2,0
2024,12,Prato,30-44,Pedestrian,2,1,0,1,0
2024,12,Prato,45-54,Driver,6,4,2,2,0
2024,12,Prato,45-54,Passenger,2,2,0,2,0
2024,12,Prato,55-59,Driver,1,1,0,1,0
2024,12,Prato,55-59,Passenger,2,2,0,2,0
2024,12,Prato,60-64,Driver,3,2,0,2,0
2024,12,Prato,60-64,Passenger,1,1,0,1,0
2024,1,Ragusa,18-20,Driver,1,1,1,0,0
2024,1,Ragusa,20-24,Driver,1,1,0,1,0
2024,1,Ragusa,30-44,Passenger,2,1,0,1,0
2024,1,Ragusa,45-54,Driver,2,2,0,2,0
2024,2,Ragusa,18-20,Driver,2,2,0,2,0
2024,2,Ragusa,18-20,Pedestrian,1,1,0,1,1
2024,2,Ragusa,20-24,Driver,1,1,0,1,0
2024,2,Ragusa,30-44,Passenger,1,1,0,1,0
2024,2,Ragusa,45-54,Driver,1,1,0,1,0
2024,2,Ragusa,45-54,Passenger,2,2,1,1,0
2024,3,Ragusa,18-20,Driver,2,2,1,1,0
2024,3,Ragusa,18-20,Passenger,1,1,0,1,0
2024,3,Ragusa,20-24,Driver,1,1,0,1,0
2024,3,Ragusa,20-24,Passenger,1,1,1,0,0
2024,3,Ragusa,30-44,Driver,2,0,0,0,0
2024,3,Ragusa,30-44,Passenger,2,1,0,1,0
2024,3,Ragusa,45-54,Driver,2,1,1,0,0
2024,3,Ragusa,45-54,Passenger,1,1,0,1,0
2024,3,Ragusa,45-54,Pedestrian,1,1,0,1,0
2024,3,Ragusa,55-59,Driver,2,1,0,1,0
2024,3,Ragusa,55-59,Passenger,1,1,0,1,0
2024,4,Ragusa,20-24,Driver,1,1,1,0,0
2024,4,Ragusa,25-29,Driver,1,0,0,0,0
2024,4,Ragusa,45-54,Driver,1,1,0,1,0
2024,4,Ragusa,45-54,Passenger,1,1,0,1,0
2024,4,Ragusa,55-59,Passenger,1,1,0,1,0
2024,4,Ragusa,65+,Passenger,1,0,0,0,0
2024,5,Ragusa,25-29,Pedestrian,1,1,0,1,0
2024,5,Ragusa,30-44,Driver,1,1,0,1,0
2024,5,Ragusa,45-54,Passenger,1,1,0,1,0
2024,6,Ragusa,18-20,Passenger,1,1,0,1,1
2024,6,Ragusa,20-24,Passenger,1,1,0,1,0
2024,6,Ragusa,25-29,Driver,2,2,2,0,0
2024,6,Ragusa,25-29,Passenger,1,1,0,1,0
2024,6,Ragusa,30-44,Driver,4,4,0,4,0
2024,6,Ragusa,30-44,Passenger,1,1,0,1,0
2024,6,Ragusa,45-54,Driver,1,1,0,1,0
2024,6,Ragusa,60-64,Driver,1,1,1,0,1
2024,7,Ragusa,18-20,Driver,1,1,0,1,0
2024,7,Ragusa,25-29,Driver,1,1,0,1,0
2024,7,Ragusa,30-44,Driver,3,3,0,3,0
2024,7,Ragusa,30-44,Passenger,2,2,0,2,0
2024,7,Ragusa,45-54,Driver,1,1,0,1,0
2024,8,Ragusa,18-20,Passenger,1,1,0,1,0
2024,8,Ragusa,20-24,Driver,2,2,1,1,1
2024,8,Ragusa,25-29,Driver,1,1,0,1,0
2024,8,Ragusa,30-44,Driver,1,1,0,1,0
2024,8,Ragusa,45-54,Driver,2,2,0,2,0
2024,9,Ragusa,20-24,Driver,2,1,0,1,0
2024,9,Ragusa,30-44,Driver,4,2,0,2,0
2024,9,Ragusa,30-44,Passenger,1,0,0,0,0
2024,9,Ragusa,55-59,Driver,1,1,0,1,0
2024,10,Ragusa,20-24,Driver,2,1,0,1,0
2024,10,Ragusa,25-29,Driver,1,1,0,1,0
2024,10,Ragusa,25-29,Passenger,2,2,0,2,0
2024,10,Ragusa,30-44,Driver,4,1,0,1,0
2024,10,Ragusa,30-44,Passenger,1,1,0,1,0
2024,10,Ragusa,45-54,Driver,1,1,0,1,0
2024,10,Ragusa,60-64,Driver,1,1,0,1,0
2024,11,Ragusa,18-20,Driver,1,0,0,0,0
2024,11,Ragusa,18-20,Pedestrian,1,1,1,0,0
2024,11,Ragusa,20-24,Driver,2,1,1,0,0
2024,11,Ragusa,20-24,Passenger,1,0,0,0,0
2024,11,Ragusa,25-29,Driver,3,3,0,3,0
2024,11,Ragusa,25-29,Passenger,1,1,0,1,0
2024,11,Ragusa,30-44,Driver,2,1,0,1,0
2024,11,Ragusa,30-44,Passenger,1,1,0,1,0
2024,11,Ragusa,55-59,Driver,2,1,0,1,0
2024,11,Ragusa,60-64,Driver,1,1,0,1,0
2024,12,Ragusa,18-20,Driver,2,2,1,1,0
2024,12,Ragusa,20-24,Driver,3,3,0,3,0
2024,12,Ragusa,20-24,Passenger,2,2,0,2,0
2024,12,Ragusa,25-29,Driver,5,5,0,5,0
2024,12,Ragusa,30-44,Driver,5,4,1,3,0
2024,12,Ragusa,30-44,Passenger,2,2,1,1,0
2024,12,Ragusa,45-54,Driver,2,2,1,1,0
2024,12,Ragusa,55-59,Driver,2,2,0,2,0
2024,12,Ragusa,55-59,Passenger,2,1,1,0,0
2024,12,Ragusa,65+,Driver,2,2,1,1,0
2024,1,Ravenna,18-20,Driver,2,2,1,1,0
2024,1,Ravenna,18-20,Passenger,1,1,0,1,0
2024,1,Ravenna,18-20,Pedestrian,1,1,0,1,0
2024,1,Ravenna,20-24,Driver,4,1,0,1,0
2024,1,Ravenna,20-24,Passenger,1,1,0,1,0
2024,1,Ravenna,20-24,Pedestrian,1,1,0,1,0
2024,1,Ravenna,25-29,Driver,2,2,0,2,0
2024,1,Ravenna,25-29,Passenger,1,1,0,1,0
2024,1,Ravenna,30-44,Driver,4,4,0,4,0
2024,1,Ravenna,45-54,Driver,3,2,0,2,0
2024,1,Ravenna,45-54,Pedestrian,1,1,1,0,0
2024,1,Ravenna,55-59,Driver,3,3,0,3,0
2024,1,Ravenna,60-64,Passenger,1,1,0,1,0
2024,1,Ravenna,65+,Passenger,2,2,0,2,0
2024,2,Ravenna,18-20,Driver,4,4,0,4,0
2024,2,Ravenna,20-24,Driver,2,2,0,2,0
2024,2,Ravenna,25-29,Driver,3,3,0,3,0
2024,2,Ravenna,25-29,Passenger,1,0,0,0,0
2024,2,Ravenna,25-29,Pedestrian,1,0,0,0,0
2024,2,Ravenna,30-44,Driver,4,4,1,3,0
2024,2,Ravenna,45-54,Driver,2,2,0,2,0
2024,2,Ravenna,45-54,Passenger,5,3,0,3,0
2024,2,Ravenna,45-54,Pedestrian,1,1,0,1,0
2024,2,Ravenna,55-59,Driver,1,1,0,1,0
2024,2,Ravenna,60-64,Driver,1,1,0,1,0
2024,2,Ravenna,65+,Driver,1,1,0,1,0
2024,3,Ravenna,18-20,Driver,2,2,0,2,0
2024,3,Ravenna,18-20,Passenger,2,2,0,2,0
2024,3,Ravenna,20-24,Driver,1,1,0,1,0
2024,3,Ravenna,30-44,Driver,1,1,0,1,0
2024,3,Ravenna,65+,Pedestrian,1,1,0,1,0
2024,4,Ravenna,18-20,Driver,1,1,0,1,0
2024,5,Ravenna,18-20,Passenger,1,1,1,0,0
2024,5,Ravenna,20-24,Driver,2,2,0,2,0
2024,5,Ravenna,20-24,Pedestrian,1,1,0,1,0
2024,5,Ravenna,25-29,Driver,1,1,0,1,0
2024,5,Ravenna,25-29,Passenger,2,0,0,0,0
2024,5,Ravenna,30-44,Driver,4,2,0,2,0
2024,5,Ravenna,45-54,Driver,8,5,0,5,0
2024,5,Ravenna,45-54,Passenger,1,1,0,1,0
2024,5,Ravenna,55-59,Driver,2,2,1,1,0
2024,5,Ravenna,55-59,Passenger,1,1,0,1,0
2024,5,Ravenna,60-64,Driver,1,1,0,1,0
2024,5,Ravenna,60-64,Passenger,1,1,0,1,0
2024,5,Ravenna,65+,Driver,1,1,0,1,0
2024,6,Ravenna,18-20,Driver,1,0,0,0,0
2024,6,Ravenna,18-20,Passenger,1,1,1,0,0
2024,6,Ravenna,18-20,Pedestrian,1,1,0,1,0
2024,6,Ravenna,20-24,Driver,5,4,1,3,0
2024,6,Ravenna,20-24,Pedestrian,1,1,0,1,0
2024,6,Ravenna,25-29,Driver,2,2,1,1,0
2024,6,Ravenna,25-29,Passenger,1,0,0,0,0
2024,6,Ravenna,30-44,Driver,6,6,2,4,0
2024,6,Ravenna,30-44,Passenger,3,3,0,3,0
2024,6,Ravenna,45-54,Driver,2,2,0,2,0
2024,6,Ravenna,45-54,Passenger,2,2,0,2,0
2024,6,Ravenna,45-54,Pedestrian,1,1,0,1,0
2024,6,Ravenna,55-59,Driver,2,1,0,1,0
2024,6,Ravenna,55-59,Passenger,1,1,0,1,0
2024,6,Ravenna,60-64,Driver,1,1,1,0,0
2024,6,Ravenna,60-64,Passenger,1,1,0,1,0
2024,6,Ravenna,65+,Driver,1,1,0,1,0
2024,7,Ravenna,18-20,Driver,2,2,0,2,0
2024,7,Ravenna,18-20,Passenger,3,3,0,3,0
2024,7,Ravenna,20-24,Passenger,1,1,0,1,0
2024,7,Ravenna,20-24,Pedestrian,1,1,0,1,0
2024,7,Ravenna,25-29,Driver,3,3,0,3,0
2024,7,Ravenna,30-44,Driver,8,6,1,5,0
2024,7,Ravenna,30-44,Passenger,2,2,1,1,0
2024,7,Ravenna,30-44,Pedestrian,1,1,0,1,0
2024,7,Ravenna,45-54,Driver,3,3,0,3,0
2024,7,Ravenna,45-54,Passenger,2,2,0,2,0
2024,7,Ravenna,45-54,Pedestrian,1,1,0,1,0
2024,7,Ravenna,55-59,Passenger,1,1,0,1,0
2024,7,Ravenna,60-64,Passenger,1,1,0,1,0
2024,7,Ravenna,65+,Pedestrian,1,1,0,1,0
2024,8,Ravenna,18-20,Driver,2,1,0,1,0
2024,8,Ravenna,20-24,Driver,2,2,1,1,0
2024,8,Ravenna,20-24,Passenger,2,2,0,2,0
2024,8,Ravenna,25-29,Driver,1,1,0,1,0
2024,8,Ravenna,25-29,Passenger,2,2,0,2,0
2024,8,Ravenna,30-44,Driver,5,2,0,2,0
2024,8,Ravenna,30-44,Passenger,1,0,0,0,0
2024,8,Ravenna,30-44,Pedestrian,1,1,0,1,0
2024,8,Ravenna,45-54,Driver,2,2,0,2,0
2024,8,Ravenna,45-54,Passenger,1,1,1,0,0
2024,8,Ravenna,55-59,Driver,2,2,0,2,0
2024,8,Ravenna,55-59,Passenger,1,1,0,1,0
2024,8,Ravenna,60-64,Driver,2,1,0,1,0
2024,8,Ravenna,65+,Driver,1,1,1,0,0
2024,8,Ravenna,65+,Passenger,1,0,0,0,0
2024,9,Ravenna,18-20,Driver,2,1,0,1,0
2024,9,Ravenna,20-24,Driver,2,1,0,1,0
2024,9,Ravenna,20-24,Pedestrian,2,1,0,1,0
2024,9,Ravenna,30-44,Driver,3,3,1,2,0
2024,9,Ravenna,30-44,Pedestrian,2,2,0,2,0
2024,9,Ravenna,45-54,Driver,2,2,1,1,0
2024,9,Ravenna,45-54,Passenger,2,2,0,2,0
2024,9,Ravenna,55-59,Driver,2,0,0,0,0
2024,9,Ravenna,60-64,Driver,1,0,0,0,0
2024,9,Ravenna,60-64,Passenger,1,1,0,1,0
2024,10,Ravenna,20-24,Driver,1,0,0,0,0
2024,10,Ravenna,25-29,Driver,5,4,1,3,0
2024,10,Ravenna,25-29,Passenger,1,1,0,1,0
2024,10,Ravenna,30-44,Driver,1,1,0,1,0
2024,10,Ravenna,30-44,Passenger,2,1,0,1,0
2024,10,Ravenna,45-54,Driver,3,2,1,1,0
2024,10,Ravenna,60-64,Driver,1,1,0,1,0
2024,11,Ravenna,45-54,Driver,1,1,0,1,0
2024,12,Ravenna,18-20,Driver,2,1,0,1,0
2024,12,Ravenna,20-24,Driver,1,1,0,1,0
2024,12,Ravenna,25-29,Driver,1,1,1,0,0
2024,12,Ravenna,25-29,Passenger,3,1,0,1,1
2024,12,Ravenna,30-44,Driver,3,3,0,3,0
2024,12,Ravenna,45-54,Driver,1,1,0,1,0
2024,12,Ravenna,45-54,Pedestrian,1,1,0,1,0
2024,12,Ravenna,55-59,Driver,1,0,0,0,0
2024,12,Ravenna,55-59,Passenger,1,1,0,1,0
2024,12,Ravenna,60-64,Passenger,1,1,1,0,0
2024,12,Ravenna,65+,Passenger,1,1,1,0,0
2024,1,Reggio Calabria,18-20,Driver,1,1,0,1,0
2024,1,Reggio Calabria,18-20,Passenger,1,1,0,1,0
2024,1,Reggio Calabria,20-24,Driver,2,1,1,0,0
2024,1,Reggio Calabria,20-24,Passenger,2,1,0,1,0
2024,1,Reggio Calabria,20-24,Pedestrian,1,1,0,1,0
2024,1,Reggio Calabria,25-29,Driver,3,3,0,3,0
2024,1,Reggio Calabria,25-29,Passenger,1,1,0,1,0
2024,1,Reggio Calabria,30-44,Driver,7,4,1,3,1
2024,1,Reggio Calabria,30-44,Passenger,1,1,0,1,0
2024,1,Reggio Calabria,30-44,Pedestrian,1,1,0,1,0
2024,1,Reggio Calabria,45-54,Driver,2,1,0,1,0
2024,1,Reggio Calabria,45-54,Passenger,2,2,0,2,0
2024,1,Reggio Calabria,55-59,Driver,1,0,0,0,0
2024,1,Reggio Calabria,55-59,Passenger,2,2,1,1,0
2024,1,Reggio Calabria,60-64,Driver,1,0,0,0,0
2024,2,Reggio Calabria,18-20,Driver,3,3,0,3,0
2024,2,Reggio Calabria,18-20,Pedestrian,2,2,1,1,0
2024,2,Reggio Calabria,20-24,Driver,2,2,0,2,0
2024,2,Reggio Calabria,20-24,Passenger,3,3,1,2,0
2024,2,Reggio Calabria,25-29,Driver,6,5,1,4,0
2024,2,Reggio Calabria,25-29,Pedestrian,2,1,0,1,0
2024,2,Reggio Calabria,30-44,Driver,9,9,1,8,0
2024,2,Reggio Calabria,30-44,Passenger,1,1,0,1,0
2024,2,Reggio Calabria,45-54,Driver,6,1,0,1,1
2024,2,Reggio Calabria,45-54,Passenger,1,1,0,1,0
2024,2,Reggio Calabria,55-59,Driver,4,2,1,1,0
2024,2,Reggio Calabria,55-59,Passenger,2,1,0,1,0
2024,2,Reggio Calabria,55-59,Pedestrian,1,0,0,0,0
2024,2,Reggio Calabria,60-64,Driver,3,1,0,1,0
2024,2,Reggio Calabria,65+,Driver,2,1,0,1,0
2024,2,Reggio Calabria,65+,Pedestrian,1,0,0,0,0
2024,3,Reggio Calabria,20-24,Driver,1,1,0,1,0
2024,3,Reggio Calabria,25-29,Passenger,2,2,0,2,0
2024,3,Reggio Calabria,30-44,Driver,3,2,1,1,1
2024,3,Reggio Calabria,30-44,Passenger,2,1,0,1,0
2024,3,Reggio Calabria,45-54,Driver,2,2,0,2,0
2024,3,Reggio Calabria,45-54,Passenger,1,0,0,0,0
2024,3,Reggio Calabria,55-59,Driver,1,0,0,0,0
2024,3,Reggio Calabria,60-64,Driver,1,1,0,1,0
2024,3,Reggio Calabria,65+,Pedestrian,1,1,0,1,0
2024,4,Reggio Calabria,18-20,Driver,1,0,0,0,0
2024,4,Reggio Calabria,18-20,Passenger,1,1,0,1,0
2024,4,Reggio Calabria,18-20,Pedestrian,1,1,0,1,0
2024,4,Reggio Calabria,20-24,Driver,3,3,0,3,0
2024,4,Reggio Calabria,25-29,Pedestrian,1,0,0,0,0
2024,4,Reggio Calabria,30-44,Driver,5,5,3,2,0
2024,4,Reggio Calabria,30-44,Passenger,2,0,0,0,0
2024,4,Reggio Calabria,45-54,Driver,2,1,0,1,0
2024,4,Reggio Calabria,55-59,Driver,2,1,0,1,0
2024,4,Reggio Calabria,60-64,Driver,1,1,0,1,0
2024,4,Reggio Calabria,65+,Driver,1,1,0,1,0
2024,5,Reggio Calabria,18-20,Driver,2,1,0,1,0
2024,5,Reggio Calabria,18-20,Passenger,2,2,1,1,0
2024,5,Reggio Calabria,20-24,Driver,2,1,0,1,0
2024,5,Reggio Calabria,25-29,Driver,1,0,0,0,0
2024,5,Reggio Calabria,30-44,Driver,4,4,0,4,0
2024,5,Reggio Calabria,30-44,Passenger,3,3,0,3,0
2024,5,Reggio Calabria,55-59,Driver,2,1,1,0,0
2024,5,Reggio Calabria,60-64,Passenger,1,1,0,1,0
2024,5,Reggio Calabria,65+,Driver,2,1,1,0,0
2024,6,Reggio Calabria,20-24,Driver,3,1,0,1,0
2024,6,Reggio Calabria,25-29,Driver,2,2,2,0,0
2024,6,Reggio Calabria,25-29,Passenger,1,1,1,0,0
2024,6,Reggio Calabria,30-44,Driver,4,4,0,4,0
2024,6,Reggio Calabria,30-44,Passenger,3,2,0,2,0
2024,6,Reggio Calabria,45-54,Driver,3,3,0,3,0
2024,6,Reggio Calabria,45-54,Passenger,3,3,0,3,0
2024,6,Reggio Calabria,55-59,Passenger,2,1,0,1,0
2024,6,Reggio Calabria,55-59,Pedestrian,1,1,0,1,0
2024,6,Reggio Calabria,60-64,Driver,3,3,0,3,0
2024,6,Reggio Calabria,60-64,Passenger,1,1,0,1,0
2024,6,Reggio Calabria,65+,Driver,1,1,0,1,0
2024,7,Reggio Calabria,18-20,Driver,1,0,0,0,0
2024,7,Reggio Calabria,18-20,Passenger,1,1,0,1,0
2024,7,Reggio Calabria,20-24,Driver,1,1,0,1,0
2024,7,Reggio Calabria,20-24,Passenger,1,1,0,1,0
2024,7,Reggio Calabria,25-29,Driver,2,2,2,0,0
2024,7,Reggio Calabria,30-44,Driver,4,4,0,4,0
2024,7,Reggio Calabria,45-54,Driver,1,1,0,1,0
2024,7,Reggio Calabria,55-59,Pedestrian,1,0,0,0,0
2024,7,Reggio Calabria,60-64,Driver,1,1,0,1,0
2024,8,Reggio Calabria,18-20,Driver,4,3,1,2,0
2024,8,Reggio Calabria,18-20,Passenger,1,0,0,0,0
2024,8,Reggio Calabria,18-20,Pedestrian,1,1,0,1,0
2024,8,Reggio Calabria,20-24,Driver,1,1,1,0,0
2024,8,Reggio Calabria,25-29,Driver,2,2,1,1,0
2024,8,Reggio Calabria,30-44,Driver,10,8,1,7,0
2024,8,Reggio Calabria,30-44,Passenger,2,1,1,0,0
2024,8,Reggio Calabria,55-59,Driver,3,2,1,1,0
2024,8,Reggio Calabria,55-59,Passenger,1,1,0,1,0
2024,8,Reggio Calabria,60-64,Driver,1,1,0,1,0
2024,8,Reggio Calabria,60-64,Passenger,1,1,0,1,0
2024,8,Reggio Calabria,65+,Driver,1,0,0,0,0
2024,9,Reggio Calabria,18-20,Driver,2,2,1,1,0
2024,9,Reggio Calabria,18-20,Passenger,1,1,0,1,0
2024,9,Reggio Calabria,20-24,Driver,7,5,1,4,0
2024,9,Reggio Calabria,25-29,Driver,3,3,0,3,0
2024,9,Reggio Calabria,25-29,Passenger,1,1,0,1,0
2024,9,Reggio Calabria,30-44,Driver,5,4,1,3,0
2024,9,Reggio Calabria,30-44,Passenger,1,1,0,1,0
2024,9,Reggio Calabria,45-54,Driver,3,2,1,1,0
2024,9,Reggio Calabria,45-54,Passenger,1,1,0,1,0
2024,9,Reggio Calabria,45-54,Pedestrian,1,1,1,0,0
2024,9,Reggio Calabria,55-59,Driver,1,0,0,0,0
2024,9,Reggio Calabria,55-59,Passenger,1,1,0,1,0
2024,9,Reggio Calabria,60-64,Driver,1,0,0,0,0
2024,9,Reggio Calabria,60-64,Pedestrian,1,1,0,1,0
2024,9,Reggio Calabria,65+,Driver,1,1,0,1,0
2024,9,Reggio Calabria,65+,Passenger,1,1,1,0,0
2024,10,Reggio Calabria,18-20,Driver,1,1,1,0,0
2024,10,Reggio Calabria,18-20,Passenger,2,1,0,1,0
2024,10,Reggio Calabria,20-24,Driver,2,2,0,2,0
2024,10,Reggio Calabria,20-24,Passenger,1,1,0,1,0
2024,10,Reggio Calabria,25-29,Driver,2,2,0,2,0
2024,10,Reggio Calabria,25-29,Passenger,2,2,0,2,0
2024,10,Reggio Calabria,25-29,Pedestrian,1,1,1,0,0
2024,10,Reggio Calabria,30-44,Driver,6,5,1,4,0
2024,10,Reggio Calabria,30-44,Passenger,1,1,1,0,0
2024,10,Reggio Calabria,45-54,Driver,2,2,0,2,0
2024,10,Reggio Calabria,55-59,Driver,2,2,1,1,0
2024,10,Reggio Calabria,55-59,Passenger,1,1,0,1,0
2024,10,Reggio Calabria,60-64,Driver,1,0,0,0,0
2024,10,Reggio Calabria,65+,Driver,1,1,0,1,0
2024,11,Reggio Calabria,18-20,Driver,3,3,0,3,0
2024,11,Reggio Calabria,20-24,Driver,4,2,0,2,0
2024,11,Reggio Calabria,20-24,Passenger,2,1,0,1,0
2024,11,Reggio Calabria,20-24,Pedestrian,1,1,0,1,0
2024,11,Reggio Calabria,25-29,Driver,3,3,0,3,0
2024,11,Reggio Calabria,25-29,Passenger,2,1,0,1,0
2024,11,Reggio Calabria,30-44,Driver,7,7,0,7,0
2024,11,Reggio Calabria,30-44,Passenger,2,2,0,2,0
2024,11,Reggio Calabria,45-54,Driver,4,3,1,2,0
2024,11,Reggio Calabria,45-54,Pedestrian,1,1,0,1,0
2024,11,Reggio Calabria,55-59,Driver,3,3,0,3,0
2024,11,Reggio Calabria,55-59,Passenger,4,4,0,4,0
2024,11,Reggio Calabria,65+,Driver,2,1,0,1,0
2024,12,Reggio Calabria,18-20,Driver,2,2,0,2,0
2024,12,Reggio Calabria,20-24,Driver,1,1,0,1,0
2024,12,Reggio Calabria,20-24,Passenger,1,1,0,1,0
2024,12,Reggio Calabria,25-29,Driver,5,4,2,2,0
2024,12,Reggio Calabria,25-29,Pedestrian,1,1,1,0,0
2024,12,Reggio Calabria,30-44,Driver,1,1,1,0,0
2024,12,Reggio Calabria,30-44,Passenger,1,1,0,1,0
2024,12,Reggio Calabria,45-54,Driver,2,2,1,1,0
2024,12,Reggio Calabria,55-59,Driver,2,2,0,2,0
2024,12,Reggio Calabria,60-64,Driver,1,0,0,0,0
2024,1,Reggio Emilia,18-20,Driver,5,5,1,4,0
2024,1,Reggio Emilia,18-20,Passenger,3,2,1,1,0
2024,1,Reggio Emilia,20-24,Driver,2,2,0,2,0
2024,1,Reggio Emilia,20-24,Passenger,2,2,0,2,0
2024,1,Reggio Emilia,25-29,Driver,3,3,0,3,0
2024,1,Reggio Emilia,25-29,Passenger,2,2,1,1,0
2024,1,Reggio Emilia,25-29,Pedestrian,1,1,0,1,0
2024,1,Reggio Emilia,30-44,Driver,6,5,0,5,0
2024,1,Reggio Emilia,30-44,Passenger,2,2,1,1,0
2024,1,Reggio Emilia,45-54,Driver,7,5,1,4,0
2024,1,Reggio Emilia,45-54,Passenger,3,3,0,3,0
2024,1,Reggio Emilia,55-59,Driver,4,4,1,3,0
2024,1,Reggio Emilia,55-59,Passenger,1,1,0,1,0
2024,1,Reggio Emilia,60-64,Driver,1,1,0,1,0
2024,1,Reggio Emilia,60-64,Pedestrian,2,2,1,1,0
2024,1,Reggio Emilia,65+,Driver,1,1,0,1,0
2024,2,Reggio Emilia,18-20,Driver,1,1,0,1,0
2024,2,Reggio Emilia,20-24,Driver,2,2,0,2,0
2024,2,Reggio Emilia,20-24,Passenger,1,1,0,1,0
2024,2,Reggio Emilia,25-29,Passenger,1,0,0,0,0
2024,2,Reggio Emilia,30-44,Driver,6,3,1,2,0
2024,2,Reggio Emilia,30-44,Passenger,1,1,0,1,0
2024,2,Reggio Emilia,45-54,Driver,2,1,1,0,0
2024,2,Reggio Emilia,55-59,Passenger,1,1,0,1,0
2024,3,Reggio Emilia,18-20,Driver,1,1,1,0,0
2024,3,Reggio Emilia,18-20,Passenger,1,1,0,1,1
2024,3,Reggio Emilia,18-20,Pedestrian,2,2,1,1,0
2024,3,Reggio Emilia,20-24,Driver,1,1,0,1,0
2024,3,Reggio Emilia,20-24,Passenger,3,3,2,1,0
2024,3,Reggio Emilia,20-24,Pedestrian,1,1,1,0,0
2024,3,Reggio Emilia,25-29,Driver,4,3,2,1,0
2024,3,Reggio Emilia,30-44,Driver,7,6,2,4,0
2024,3,Reggio Emilia,30-44,Pedestrian,1,1,0,1,0
2024,3,Reggio Emilia,45-54,Driver,3,2,0,2,0
2024,3,Reggio Emilia,45-54,Passenger,1,1,0,1,0
2024,3,Reggio Emilia,55-59,Driver,2,2,0,2,0
2024,3,Reggio Emilia,60-64,Passenger,2,1,0,1,0
2024,3,Reggio Emilia,65+,Pedestrian,1,1,0,1,0
2024,4,Reggio Emilia,18-20,Driver,2,1,0,1,0
2024,4,Reggio Emilia,18-20,Pedestrian,1,1,0,1,0
2024,4,Reggio Emilia,20-24,Driver,1,1,0,1,0
2024,4,Reggio Emilia,20-24,Passenger,3,3,1,2,0
2024,4,Reggio Emilia,25-29,Driver,1,1,1,0,0
2024,4,Reggio Emilia,25-29,Passenger,1,1,1,0,0
2024,4,Reggio Emilia,25-29,Pedestrian,1,1,1,0,0
2024,4,Reggio Emilia,30-44,Driver,9,9,1,8,0
2024,4,Reggio Emilia,30-44,Passenger,4,4,0,4,0
2024,4,Reggio Emilia,30-44,Pedestrian,2,2,0,2,0
2024,4,Reggio Emilia,45-54,Driver,2,2,0,2,0
2024,4,Reggio Emilia,45-54,Passenger,2,2,0,2,0
2024,4,Reggio Emilia,45-54,Pedestrian,1,1,0,1,0
2024,4,Reggio Emilia,55-59,Driver,1,1,0,1,0
2024,4,Reggio Emilia,60-64,Driver,1,1,0,1,0
2024,4,Reggio Emilia,65+,Driver,2,2,0,2,0
2024,4,Reggio Emilia,65+,Passenger,2,2,1,1,0
2024,5,Reggio Emilia,18-20,Driver,3,2,0,2,0
2024,5,Reggio Emilia,18-20,Passenger,1,1,0,1,0
2024,5,Reggio Emilia,20-24,Driver,1,0,0,0,0
2024,5,Reggio Emilia,20-24,Pedestrian,1,1,0,1,0
2024,5,Reggio Emilia,25-29,Driver,5,4,1,3,0
2024,5,Reggio Emilia,25-29,Passenger,1,0,0,0,0
2024,5,Reggio Emilia,30-44,Driver,11,10,2,8,0
2024,5,Reggio Emilia,30-44,Passenger,1,1,0,1,0
2024,5,Reggio Emilia,30-44,Pedestrian,1,1,0,1,0
2024,5,Reggio Emilia,45-54,Driver,6,5,3,2,0
2024,5,Reggio Emilia,45-54,Pedestrian,2,0,0,0,0
2024,5,Reggio Emilia,55-59,Driver,2,2,1,1,0
2024,5,Reggio Emilia,55-59,Passenger,2,1,0,1,0
2024,5,Reggio Emilia,55-59,Pedestrian,1,1,1,0,0
2024,5,Reggio Emilia,60-64,Driver,1,1,0,1,0
2024,5,Reggio Emilia,60-64,Passenger,2,2,0,2,0
2024,5,Reggio Emilia,65+,Driver,2,1,0,1,0
2024,5,Reggio Emilia,65+,Passenger,1,1,0,1,0
2024,6,Reggio Emilia,18-20,Driver,1,0,0,0,0
2024,6,Reggio Emilia,18-20,Pedestrian,1,0,0,0,0
2024,6,Reggio Emilia,20-24,Driver,4,4,1,3,0
2024,6,Reggio Emilia,20-24,Passenger,3,2,1,1,0
2024,6,Reggio Emilia,20-24,Pedestrian,1,0,0,0,0
2024,6,Reggio Emilia,25-29,Driver,2,1,0,1,0
2024,6,Reggio Emilia,25-29,Passenger,3,3,2,1,0
2024,6,Reggio Emilia,25-29,Pedestrian,1,1,1,0,0
2024,6,Reggio Emilia,30-44,Driver,7,7,2,5,0
2024,6,Reggio Emilia,30-44,Passenger,2,1,0,1,0
2024,6,Reggio Emilia,45-54,Driver,7,7,1,6,0
2024,6,Reggio Emilia,45-54,Passenger,1,1,0,1,0
2024,6,Reggio Emilia,45-54,Pedestrian,1,1,0,1,0
2024,6,Reggio Emilia,60-64,Driver,1,1,0,1,0
2024,6,Reggio Emilia,60-64,Passenger,1,1,1,0,0
2024,6,Reggio Emilia,65+,Driver,1,1,0,1,0
2024,7,Reggio Emilia,18-20,Driver,3,3,0,3,0
2024,7,Reggio Emilia,18-20,Passenger,1,1,1,0,0
2024,7,Reggio Emilia,20-24,Driver,2,2,0,2,0
2024,7,Reggio Emilia,20-24,Passenger,1,1,0,1,0
2024,7,Reggio Emilia,20-24,Pedestrian,1,1,1,0,0
2024,7,Reggio Emilia,25-29,Driver,2,1,0,1,0
2024,7,Reggio Emilia,25-29,Passenger,1,0,0,0,0
2024,7,Reggio Emilia,25-29,Pedestrian,1,1,0,1,0
2024,7,Reggio Emilia,30-44,Driver,4,3,0,3,0
2024,7,Reggio Emilia,30-44,Passenger,2,2,0,2,0
2024,7,Reggio Emilia,45-54,Driver,7,5,2,3,0
2024,7,Reggio Emilia,45-54,Passenger,4,3,1,2,0
2024,7,Reggio Emilia,55-59,Driver,8,5,1,4,0
2024,7,Reggio Emilia,55-59,Passenger,1,1,1,0,0
2024,7,Reggio Emilia,60-64,Driver,1,1,0,1,0
2024,7,Reggio Emilia,65+,Driver,3,3,0,3,0
2024,8,Reggio Emilia,18-20,Driver,2,2,0,2,0
2024,8,Reggio Emilia,18-20,Passenger,1,1,0,1,0
2024,8,Reggio Emilia,20-24,Driver,1,1,0,1,0
2024,8,Reggio Emilia,30-44,Driver,1,1,1,0,0
2024,8,Reggio Emilia,30-44,Pedestrian,1,1,1,0,0
2024,8,Reggio Emilia,45-54,Driver,4,3,2,1,0
2024,8,Reggio Emilia,60-64,Driver,2,2,0,2,0
2024,8,Reggio Emilia,60-64,Passenger,1,1,0,1,0
2024,9,Reggio Emilia,20-24,Driver,1,0,0,0,0
2024,9,Reggio Emilia,25-29,Driver,1,1,0,1,0
2024,9,Reggio Emilia,30-44,Driver,6,5,0,5,0
2024,9,Reggio Emilia,30-44,Passenger,1,1,0,1,0
2024,9,Reggio Emilia,45-54,Driver,1,0,0,0,0
2024,9,Reggio Emilia,55-59,Pedestrian,1,1,0,1,0
2024,9,Reggio Emilia,60-64,Driver,1,0,0,0,0
2024,10,Reggio Emilia,18-20,Driver,1,1,0,1,0
2024,10,Reggio Emilia,20-24,Driver,5,4,0,4,0
2024,10,Reggio Emilia,20-24,Passenger,3,2,0,2,0
2024,10,Reggio Emilia,20-24,Pedestrian,1,1,1,0,0
2024,10,Reggio Emilia,25-29,Driver,1,0,0,0,0
2024,10,Reggio Emilia,25-29,Passenger,2,2,0,2,0
2024,10,Reggio Emilia,25-29,Pedestrian,1,1,0,1,0
2024,10,Reggio Emilia,30-44,Driver,2,2,1,1,0
2024,10,Reggio Emilia,30-44,Passenger,4,2,0,2,0
2024,10,Reggio Emilia,45-54,Driver,1,1,1,0,0
2024,10,Reggio Emilia,45-54,Passenger,3,3,1,2,0
2024,10,Reggio Emilia,45-54,Pedestrian,1,1,0,1,0
2024,10,Reggio Emilia,55-59,Passenger,1,0,0,0,0
2024,10,Reggio Emilia,60-64,Driver,1,1,0,1,0
2024,11,Reggio Emilia,18-20,Driver,2,2,1,1,0
2024,11,Reggio Emilia,18-20,Passenger,1,1,0,1,0
2024,11,Reggio Emilia,20-24,Driver,2,2,0,2,0
2024,11,Reggio Emilia,20-24,Passenger,1,1,0,1,0
2024,11,Reggio Emilia,25-29,Driver,2,1,0,1,0
2024,11,Reggio Emilia,30-44,Driver,4,4,1,3,0
2024,11,Reggio Emilia,30-44,Passenger,1,1,0,1,0
2024,11,Reggio Emilia,30-44,Pedestrian,1,1,1,0,0
2024,11,Reggio Emilia,45-54,Passenger,3,3,0,3,0
2024,11,Reggio Emilia,55-59,Driver,2,1,0,1,0
2024,11,Reggio Emilia,55-59,Passenger,1,0,0,0,0
2024,11,Reggio Emilia,60-64,Driver,1,1,1,0,0
2024,12,Reggio Emilia,18-20,Driver,1,1,0,1,0
2024,12,Reggio Emilia,18-20,Passenger,1,0,0,0,0
2024,12,Reggio Emilia,20-24,Passenger,1,1,0,1,0
2024,12,Reggio Emilia,25-29,Driver,1,1,0,1,0
2024,12,Reggio Emilia,30-44,Driver,3,2,0,2,0
2024,12,Reggio Emilia,45-54,Driver,1,1,0,1,0
2024,12,Reggio Emilia,45-54,Passenger,2,2,1,1,0
2024,12,Reggio Emilia,55-59,Driver,1,1,1,0,0
2024,12,Reggio Emilia,65+,Driver,2,2,0,2,0
2024,1,Rieti,20-24,Pedestrian,1,0,0,0,0
2024,2,Rieti,20-24,Driver,1,1,0,1,0
2024,2,Rieti,25-29,Driver,2,1,0,1,0
2024,2,Rieti,25-29,Passenger,1,1,0,1,0
2024,2,Rieti,30-44,Driver,2,1,0,1,0
2024,2,Rieti,30-44,Passenger,1,0,0,0,0
2024,2,Rieti,55-59,Passenger,1,1,1,0,0
2024,2,Rieti,60-64,Driver,1,1,0,1,0
2024,3,Rieti,18-20,Driver,1,1,0,1,0
2024,3,Rieti,20-24,Driver,2,1,0,1,1
2024,3,Rieti,20-24,Passenger,1,1,0,1,0
2024,3,Rieti,30-44,Driver,2,2,1,1,0
2024,3,Rieti,30-44,Pedestrian,1,1,1,0,0
2024,3,Rieti,55-59,Pedestrian,1,1,0,1,0
2024,3,Rieti,60-64,Driver,1,1,0,1,0
2024,3,Rieti,65+,Driver,1,1,0,1,0
2024,3,Rieti,65+,Pedestrian,1,1,0,1,0
2024,4,Rieti,20-24,Passenger,1,1,0,1,0
2024,4,Rieti,25-29,Driver,1,1,0,1,0
2024,4,Rieti,25-29,Passenger,1,1,1,0,0
2024,4,Rieti,30-44,Driver,2,2,2,0,0
2024,4,Rieti,30-44,Passenger,1,1,0,1,0
2024,4,Rieti,45-54,Driver,1,1,0,1,0
2024,4,Rieti,55-59,Pedestrian,1,1,0,1,0
2024,5,Rieti,20-24,Driver,2,2,0,2,0
2024,5,Rieti,25-29,Passenger,1,1,0,1,0
2024,5,Rieti,30-44,Driver,1,1,0,1,0
2024,5,Rieti,45-54,Pedestrian,1,1,0,1,0
2024,6,Rieti,20-24,Driver,1,1,0,1,0
2024,6,Rieti,25-29,Driver,1,1,0,1,0
2024,6,Rieti,30-44,Driver,4,4,2,2,0
2024,6,Rieti,30-44,Passenger,2,1,0,1,0
2024,6,Rieti,30-44,Pedestrian,1,0,0,0,0
2024,6,Rieti,60-64,Driver,1,0,0,0,0
2024,7,Rieti,20-24,Passenger,1,0,0,0,0
2024,8,Rieti,30-44,Passenger,1,1,0,1,0
2024,8,Rieti,55-59,Driver,1,1,0,1,0
2024,9,Rieti,20-24,Passenger,1,1,1,0,0
2024,9,Rieti,25-29,Driver,1,0,0,0,0
2024,10,Rieti,18-20,Driver,1,1,0,1,0
2024,10,Rieti,20-24,Driver,1,1,1,0,0
2024,10,Rieti,25-29,Driver,2,1,0,1,0
2024,10,Rieti,30-44,Passenger,1,1,0,1,0
2024,10,Rieti,45-54,Driver,3,3,0,3,0
2024,10,Rieti,65+,Passenger,1,1,0,1,0
2024,11,Rieti,20-24,Passenger,2,2,0,2,0
2024,11,Rieti,25-29,Driver,1,0,0,0,0
2024,11,Rieti,30-44,Driver,2,1,0,1,0
2024,11,Rieti,45-54,Driver,2,2,1,1,0
2024,11,Rieti,55-59,Driver,1,1,0,1,0
2024,11,Rieti,55-59,Passenger,1,1,0,1,0
2024,11,Rieti,60-64,Driver,2,1,0,1,0
2024,12,Rieti,30-44,Driver,1,1,0,1,0
2024,12,Rieti,60-64,Driver,1,1,0,1,0
2024,1,Rimini,18-20,Driver,1,1,0,1,0
2024,1,Rimini,18-20,Passenger,2,1,1,0,0
2024,1,Rimini,20-24,Driver,1,1,0,1,0
2024,1,Rimini,20-24,Passenger,1,1,1,0,0
2024,1,Rimini,25-29,Driver,2,2,1,1,0
2024,1,Rimini,30-44,Driver,3,3,3,0,0
2024,1,Rimini,45-54,Driver,5,4,0,4,0
2024,1,Rimini,45-54,Passenger,2,2,1,1,0
2024,1,Rimini,45-54,Pedestrian,1,1,0,1,0
2024,1,Rimini,55-59,Driver,1,1,1,0,0
2024,1,Rimini,55-59,Passenger,2,2,0,2,0
2024,1,Rimini,60-64,Driver,1,1,0,1,0
2024,1,Rimini,60-64,Passenger,1,1,0,1,0
2024,1,Rimini,65+,Driver,1,1,0,1,0
2024,1,Rimini,65+,Passenger,2,2,2,0,0
2024,2,Rimini,18-20,Driver,2,1,1,0,0
2024,2,Rimini,20-24,Pedestrian,1,1,0,1,0
2024,2,Rimini,25-29,Passenger,1,0,0,0,0
2024,2,Rimini,30-44,Driver,2,2,0,2,0
2024,2,Rimini,45-54,Driver,1,1,0,1,0
2024,2,Rimini,45-54,Passenger,1,1,1,0,0
2024,2,Rimini,55-59,Driver,2,1,0,1,0
2024,2,Rimini,55-59,Passenger,1,0,0,0,0
2024,2,Rimini,60-64,Driver,1,1,0,1,0
2024,3,Rimini,18-20,Driver,1,1,0,1,0
2024,3,Rimini,18-20,Passenger,4,3,3,0,0
2024,3,Rimini,20-24,Driver,2,2,0,2,0
2024,3,Rimini,25-29,Driver,3,3,1,2,0
2024,3,Rimini,30-44,Driver,8,5,1,4,1
2024,3,Rimini,30-44,Passenger,1,1,0,1,0
2024,3,Rimini,45-54,Driver,4,2,0,2,0
2024,3,Rimini,45-54,Passenger,1,1,0,1,0
2024,3,Rimini,55-59,Driver,2,2,0,2,0
2024,3,Rimini,55-59,Passenger,2,2,0,2,0
2024,3,Rimini,60-64,Driver,3,3,0,3,0
2024,4,Rimini,18-20,Driver,1,1,0,1,0
2024,4,Rimini,18-20,Passenger,2,1,0,1,0
2024,4,Rimini,20-24,Driver,4,3,0,3,0
2024,4,Rimini,25-29,Driver,3,3,0,3,0
2024,4,Rimini,25-29,Passenger,1,1,0,1,0
2024,4,Rimini,25-29,Pedestrian,1,0,0,0,0
2024,4,Rimini,30-44,Driver,2,1,0,1,0
2024,4,Rimini,30-44,Passenger,3,2,0,2,0
2024,4,Rimini,45-54,Driver,5,4,1,3,0
2024,4,Rimini,60-64,Driver,1,1,0,1,0
2024,4,Rimini,60-64,Passenger,2,1,0,1,0
2024,4,Rimini,65+,Passenger,1,1,0,1,1
2024,5,Rimini,18-20,Driver,9,8,0,8,0
2024,5,Rimini,20-24,Driver,1,1,0,1,0
2024,5,Rimini,20-24,Passenger,3,3,1,2,0
2024,5,Rimini,25-29,Passenger,1,1,0,1,0
2024,5,Rimini,30-44,Driver,3,2,0,2,0
2024,5,Rimini,30-44,Pedestrian,1,1,0,1,0
2024,5,Rimini,45-54,Driver,1,1,1,0,0
2024,5,Rimini,55-59,Driver,2,2,0,2,0
2024,5,Rimini,60-64,Driver,2,2,0,2,0
2024,6,Rimini,20-24,Driver,1,1,0,1,0
2024,6,Rimini,25-29,Driver,3,3,2,1,0
2024,6,Rimini,30-44,Driver,6,5,1,4,0
2024,6,Rimini,30-44,Passenger,2,2,0,2,0
2024,6,Rimini,45-54,Driver,1,1,0,1,0
2024,6,Rimini,45-54,Passenger,2,2,0,2,0
2024,6,Rimini,55-59,Driver,3,3,2,1,0
2024,6,Rimini,60-64,Passenger,1,1,0,1,0
2024,7,Rimini,18-20,Driver,1,1,0,1,0
2024,7,Rimini,18-20,Passenger,1,0,0,0,0
2024,7,Rimini,20-24,Driver,2,1,0,1,0
2024,7,Rimini,25-29,Driver,2,1,0,1,0
2024,7,Rimini,25-29,Passenger,1,1,0,1,0
2024,7,Rimini,30-44,Driver,1,0,0,0,0
2024,7,Rimini,30-44,Passenger,1,1,0,1,0
2024,7,Rimini,45-54,Passenger,2,1,0,1,0
2024,7,Rimini,55-59,Driver,1,1,1,0,0
2024,7,Rimini,55-59,Passenger,1,1,0,1,0
2024,7,Rimini,60-64,Driver,1,0,0,0,0
2024,7,Rimini,65+,Driver,1,0,0,0,0
2024,8,Rimini,18-20,Pedestrian,2,2,0,2,0
2024,8,Rimini,20-24,Driver,2,2,0,2,0
2024,8,Rimini,25-29,Driver,1,1,0,1,0
2024,8,Rimini,25-29,Passenger,1,0,0,0,0
2024,8,Rimini,25-29,Pedestrian,1,1,1,0,0
2024,8,Rimini,30-44,Driver,2,2,0,2,0
2024,8,Rimini,30-44,Passenger,2,2,0,2,0
2024,8,Rimini,45-54,Driver,4,3,1,2,0
2024,8,Rimini,45-54,Passenger,1,1,1,0,0
2024,8,Rimini,55-59,Driver,1,1,0,1,0
2024,8,Rimini,55-59,Pedestrian,1,1,0,1,0
2024,8,Rimini,60-64,Driver,1,1,1,0,0
2024,9,Rimini,18-20,Driver,1,1,0,1,0
2024,9,Rimini,18-20,Passenger,1,1,0,1,0
2024,9,Rimini,20-24,Passenger,1,1,0,1,0
2024,9,Rimini,25-29,Driver,1,1,0,1,0
2024,9,Rimini,25-29,Pedestrian,1,1,0,1,0
2024,9,Rimini,30-44,Driver,3,3,1,2,0
2024,9,Rimini,30-44,Passenger,2,2,1,1,0
2024,9,Rimini,55-59,Driver,2,2,0,2,0
2024,9,Rimini,60-64,Driver,1,0,0,0,0
2024,9,Rimini,60-64,Passenger,1,1,1,0,0
2024,9,Rimini,65+,Driver,2,1,0,1,0
2024,10,Rimini,20-24,Driver,5,3,1,2,1
2024,10,Rimini,25-29,Driver,4,3,1,2,0
2024,10,Rimini,25-29,Pedestrian,1,1,0,1,0
2024,10,Rimini,30-44,Driver,8,8,1,7,0
2024,10,Rimini,30-44,Passenger,3,3,0,3,0
2024,10,Rimini,30-44,Pedestrian,3,3,2,1,0
2024,10,Rimini,45-54,Driver,5,5,1,4,0
2024,10,Rimini,55-59,Driver,4,4,0,4,0
2024,10,Rimini,55-59,Passenger,1,1,0,1,0
2024,10,Rimini,60-64,Driver,1,1,0,1,0
2024,10,Rimini,60-64,Passenger,1,1,0,1,0
2024,11,Rimini,18-20,Driver,2,2,0,2,0
2024,11,Rimini,20-24,Driver,1,1,0,1,0
2024,11,Rimini,20-24,Passenger,1,0,0,0,0
2024,11,Rimini,25-29,Driver,3,2,1,1,0
2024,11,Rimini,30-44,Driver,3,1,0,1,0
2024,11,Rimini,30-44,Passenger,2,2,0,2,0
2024,11,Rimini,45-54,Driver,3,3,1,2,0
2024,11,Rimini,45-54,Passenger,1,1,0,1,0
2024,11,Rimini,55-59,Driver,1,1,0,1,0
2024,11,Rimini,60-64,Passenger,1,0,0,0,0
2024,11,Rimini,60-64,Pedestrian,1,1,1,0,1
2024,11,Rimini,65+,Driver,2,2,1,1,0
2024,11,Rimini,65+,Passenger,1,1,0,1,0
2024,12,Rimini,20-24,Driver,4,4,1,3,0
2024,12,Rimini,25-29,Driver,1,1,0,1,0
2024,12,Rimini,30-44,Passenger,2,1,0,1,0
2024,12,Rimini,45-54,Driver,3,3,2,1,0
2024,12,Rimini,55-59,Passenger,2,2,0,2,0
2024,12,Rimini,60-64,Driver,1,1,0,1,0
2024,1,Roma,18-20,Driver,7,6,0,6,0
2024,1,Roma,18-20,Passenger,3,2,1,1,0
2024,1,Roma,18-20,Pedestrian,1,1,0,1,0
2024,1,Roma,20-24,Driver,12,9,1,8,0
2024,1,Roma,20-24,Passenger,3,2,0,2,0
2024,1,Roma,20-24,Pedestrian,1,1,0,1,0
2024,1,Roma,25-29,Driver,11,8,2,6,0
2024,1,Roma,25-29,Passenger,3,3,0,3,0
2024,1,Roma,25-29,Pedestrian,1,1,1,0,0
2024,1,Roma,30-44,Driver,11,7,1,6,0
2024,1,Roma,30-44,Passenger,9,7,1,6,0
2024,1,Roma,30-44,Pedestrian,1,1,0,1,0
2024,1,Roma,45-54,Driver,16,12,2,10,0
2024,1,Roma,45-54,Passenger,7,5,2,3,1
2024,1,Roma,45-54,Pedestrian,2,2,1,1,0
2024,1,Roma,55-59,Driver,6,5,4,1,0
2024,1,Roma,55-59,Pedestrian,1,1,0,1,0
2024,1,Roma,60-64,Passenger,1,0,0,0,0
2024,1,Roma,60-64,Pedestrian,1,0,0,0,0
2024,1,Roma,65+,Driver,5,3,0,3,0
2024,1,Roma,65+,Passenger,2,2,1,1,0
2024,2,Roma,18-20,Driver,9,9,1,8,0
2024,2,Roma,18-20,Passenger,2,2,0,2,0
2024,2,Roma,18-20,Pedestrian,2,1,0,1,0
2024,2,Roma,20-24,Driver,12,10,1,9,0
2024,2,Roma,20-24,Passenger,7,4,1,3,0
2024,2,Roma,20-24,Pedestrian,2,2,0,2,0
2024,2,Roma,25-29,Driver,17,13,4,9,1
2024,2,Roma,25-29,Passenger,4,4,1,3,0
2024,2,Roma,25-29,Pedestrian,2,2,0,2,0
2024,2,Roma,30-44,Driver,27,21,4,17,0
2024,2,Roma,30-44,Passenger,7,6,0,6,0
2024,2,Roma,30-44,Pedestrian,4,4,2,2,0
2024,2,Roma,45-54,Driver,23,20,4,16,0
2024,2,Roma,45-54,Passenger,3,3,0,3,0
2024,2,Roma,45-54,Pedestrian,2,2,0,2,0
2024,2,Roma,55-59,Driver,12,8,1,7,0
2024,2,Roma,55-59,Passenger,1,0,0,0,0
2024,2,Roma,60-64,Driver,7,7,0,7,0
2024,2,Roma,60-64,Passenger,2,2,0,2,0
2024,2,Roma,65+,Driver,6,6,1,5,0
2024,2,Roma,65+,Pedestrian,1,1,0,1,1
2024,3,Roma,18-20,Driver,1,1,0,1,0
2024,3,Roma,18-20,Passenger,2,1,0,1,0
2024,3,Roma,20-24,Passenger,1,1,0,1,0
2024,3,Roma,25-29,Driver,6,6,1,5,0
2024,3,Roma,25-29,Passenger,1,0,0,0,0
2024,3,Roma,25-29,Pedestrian,1,1,0,1,0
2024,3,Roma,30-44,Driver,4,4,2,2,0
2024,3,Roma,30-44,Passenger,1,0,0,0,0
2024,3,Roma,45-54,Driver,5,4,0,4,0
2024,3,Roma,45-54,Passenger,1,1,1,0,0
2024,3,Roma,55-59,Driver,2,2,1,1,0
2024,3,Roma,55-59,Passenger,2,2,1,1,0
2024,3,Roma,55-59,Pedestrian,1,0,0,0,0
2024,3,Roma,65+,Driver,1,1,1,0,1
2024,4,Roma,18-20,Driver,17,15,5,10,0
2024,4,Roma,18-20,Passenger,3,3,2,1,0
2024,4,Roma,18-20,Pedestrian,2,2,1,1,0
2024,4,Roma,20-24,Driver,23,15,1,14,0
2024,4,Roma,20-24,Passenger,8,5,1,4,0
2024,4,Roma,20-24,Pedestrian,1,0,0,0,0
2024,4,Roma,25-29,Driver,19,17,1,16,0
2024,4,Roma,25-29,Passenger,2,2,0,2,0
2024,4,Roma,30-44,Driver,27,21,4,17,0
2024,4,Roma,30-44,Passenger,12,9,2,7,0
2024,4,Roma,30-44,Pedestrian,3,3,0,3,0
2024,4,Roma,45-54,Driver,17,15,4,11,0
2024,4,Roma,45-54,Passenger,7,4,0,4,0
2024,4,Roma,45-54,Pedestrian,1,1,0,1,0
2024,4,Roma,55-59,Driver,11,8,3,5,0
2024,4,Roma,55-59,Passenger,5,5,1,4,0
2024,4,Roma,55-59,Pedestrian,1,0,0,0,0
2024,4,Roma,60-64,Driver,7,5,2,3,0
2024,4,Roma,60-64,Passenger,2,2,0,2,0
2024,4,Roma,60-64,Pedestrian,3,3,0,3,0
2024,4,Roma,65+,Driver,6,6,0,6,0
2024,4,Roma,65+,Passenger,1,1,1,0,1
2024,4,Roma,65+,Pedestrian,1,1,0,1,0
2024,5,Roma,18-20,Driver,9,7,1,6,0
2024,5,Roma,18-20,Passenger,2,2,0,2,0
2024,5,Roma,18-20,Pedestrian,4,4,1,3,0
2024,5,Roma,20-24,Driver,17,13,0,13,0
2024,5,Roma,20-24,Passenger,3,2,1,1,0
2024,5,Roma,20-24,Pedestrian,1,1,0,1,0
2024,5,Roma,25-29,Driver,6,6,1,5,0
2024,5,Roma,25-29,Passenger,8,8,1,7,0
2024,5,Roma,25-29,Pedestrian,3,2,0,2,0
2024,5,Roma,30-44,Driver,26,22,6,16,0
2024,5,Roma,30-44,Passenger,13,9,0,9,0
2024,5,Roma,30-44,Pedestrian,5,4,1,3,0
2024,5,Roma,45-54,Driver,17,14,1,13,0
2024,5,Roma,45-54,Passenger,5,3,0,3,0
2024,5,Roma,45-54,Pedestrian,1,1,0,1,0
2024,5,Roma,55-59,Driver,13,13,2,11,0
2024,5,Roma,55-59,Passenger,2,2,0,2,0
2024,5,Roma,55-59,Pedestrian,3,2,0,2,0
2024,5,Roma,60-64,Driver,4,2,1,1,0
2024,5,Roma,60-64,Passenger,1,0,0,0,0
2024,5,Roma,65+,Driver,5,5,1,4,0
2024,5,Roma,65+,Passenger,2,2,1,1,0
2024,6,Roma,18-20,Driver,9,9,2,7,0
2024,6,Roma,18-20,Passenger,3,2,1,1,0
2024,6,Roma,18-20,Pedestrian,3,1,0,1,0
2024,6,Roma,20-24,Driver,9,8,4,4,0
2024,6,Roma,20-24,Passenger,2,2,0,2,0
2024,6,Roma,20-24,Pedestrian,2,2,2,0,0
2024,6,Roma,25-29,Driver,4,3,0,3,0
2024,6,Roma,25-29,Passenger,2,2,2,0,1
2024,6,Roma,25-29,Pedestrian,1,1,0,1,0
2024,6,Roma,30-44,Driver,16,11,3,8,0
2024,6,Roma,30-44,Passenger,4,4,3,1,0
2024,6,Roma,30-44,Pedestrian,3,2,2,0,0
2024,6,Roma,45-54,Driver,9,8,1,7,0
2024,6,Roma,45-54,Passenger,4,3,0,3,0
2024,6,Roma,45-54,Pedestrian,3,3,1,2,0
2024,6,Roma,55-59,Driver,5,3,0,3,1
2024,6,Roma,55-59,Passenger,3,3,1,2,0
2024,6,Roma,60-64,Driver,3,3,0,3,0
2024,6,Roma,65+,Driver,4,3,0,3,1
2024,6,Roma,65+,Passenger,1,1,1,0,0
2024,6,Roma,65+,Pedestrian,1,1,1,0,0
2024,7,Roma,18-20,Driver,6,5,0,5,1
2024,7,Roma,18-20,Passenger,4,4,1,3,1
2024,7,Roma,20-24,Driver,19,15,1,14,0
2024,7,Roma,20-24,Passenger,5,5,0,5,0
2024,7,Roma,20-24,Pedestrian,2,2,0,2,0
2024,7,Roma,25-29,Driver,17,15,3,12,0
2024,7,Roma,25-29,Passenger,2,2,1,1,0
2024,7,Roma,25-29,Pedestrian,3,1,0,1,0
2024,7,Roma,30-44,Driver,22,18,2,16,1
2024,7,Roma,30-44,Passenger,8,6,1,5,0
2024,7,Roma,30-44,Pedestrian,4,3,0,3,1
2024,7,Roma,45-54,Driver,13,10,2,8,0
2024,7,Roma,45-54,Passenger,8,6,1,5,0
2024,7,Roma,45-54,Pedestrian,2,2,0,2,0
2024,7,Roma,55-59,Driver,11,9,1,8,0
2024,7,Roma,55-59,Passenger,6,3,0,3,0
2024,7,Roma,55-59,Pedestrian,1,1,0,1,0
2024,7,Roma,60-64,Driver,5,4,0,4,0
2024,7,Roma,60-64,Pedestrian,1,1,0,1,0
2024,7,Roma,65+,Driver,4,4,0,4,0
2024,7,Roma,65+,Pedestrian,1,1,0,1,0
2024,8,Roma,18-20,Driver,7,6,0,6,0
2024,8,Roma,18-20,Pedestrian,2,1,0,1,0
2024,8,Roma,20-24,Driver,12,8,4,4,1
2024,8,Roma,20-24,Passenger,4,3,1,2,0
2024,8,Roma,20-24,Pedestrian,1,1,0,1,0
2024,8,Roma,25-29,Driver,10,8,1,7,0
2024,8,Roma,25-29,Passenger,2,1,0,1,0
2024,8,Roma,30-44,Driver,11,10,3,7,0
2024,8,Roma,45-54,Driver,10,9,1,8,0
2024,8,Roma,45-54,Passenger,5,4,1,3,0
2024,8,Roma,55-59,Driver,9,8,3,5,0
2024,8,Roma,55-59,Passenger,3,3,1,2,0
2024,8,Roma,55-59,Pedestrian,2,2,1,1,0
2024,8,Roma,60-64,Driver,4,4,0,4,0
2024,8,Roma,65+,Driver,4,4,0,4,0
2024,8,Roma,65+,Passenger,1,0,0,0,0
2024,9,Roma,18-20,Driver,8,7,2,5,0
2024,9,Roma,18-20,Passenger,1,1,0,1,0
2024,9,Roma,18-20,Pedestrian,1,1,1,0,0
2024,9,Roma,20-24,Driver,13,11,0,11,0
2024,9,Roma,20-24,Passenger,5,5,0,5,0
2024,9,Roma,20-24,Pedestrian,1,1,0,1,0
2024,9,Roma,25-29,Driver,12,8,1,7,0
2024,9,Roma,25-29,Passenger,1,0,0,0,0
2024,9,Roma,25-29,Pedestrian,1,1,1,0,0
2024,9,Roma,30-44,Driver,15,12,1,11,0
2024,9,Roma,30-44,Passenger,7,6,0,6,0
2024,9,Roma,30-44,Pedestrian,3,3,0,3,0
2024,9,Roma,45-54,Driver,12,12,1,11,0
2024,9,Roma,45-54,Passenger,7,5,2,3,0
2024,9,Roma,45-54,Pedestrian,2,2,0,2,0
2024,9,Roma,55-59,Driver,8,8,1,7,0
2024,9,Roma,55-59,Passenger,2,2,1,1,0
2024,9,Roma,55-59,Pedestrian,2,2,0,2,0
2024,9,Roma,60-64,Driver,5,4,0,4,0
2024,9,Roma,60-64,Passenger,4,4,0,4,0
2024,9,Roma,60-64,Pedestrian,2,2,0,2,0
2024,9,Roma,65+,Driver,3,3,1,2,0
2024,9,Roma,65+,Passenger,4,4,1,3,0
2024,9,Roma,65+,Pedestrian,1,1,0,1,0
2024,10,Roma,18-20,Driver,13,9,2,7,0
2024,10,Roma,18-20,Passenger,3,1,1,0,0
2024,10,Roma,18-20,Pedestrian,1,1,0,1,0
2024,10,Roma,20-24,Driver,22,18,3,15,0
2024,10,Roma,20-24,Passenger,6,4,1,3,0
2024,10,Roma,20-24,Pedestrian,3,3,1,2,0
2024,10,Roma,25-29,Driver,16,13,3,10,0
2024,10,Roma,25-29,Passenger,7,6,1,5,1
2024,10,Roma,30-44,Driver,29,26,10,16,0
2024,10,Roma,30-44,Passenger,12,10,1,9,0
2024,10,Roma,30-44,Pedestrian,2,2,0,2,0
2024,10,Roma,45-54,Driver,18,17,1,16,0
2024,10,Roma,45-54,Passenger,2,2,0,2,0
2024,10,Roma,45-54,Pedestrian,5,4,1,3,0
2024,10,Roma,55-59,Driver,21,18,2,16,0
2024,10,Roma,55-59,Passenger,4,3,2,1,0
2024,10,Roma,55-59,Pedestrian,2,1,0,1,0
2024,10,Roma,60-64,Driver,15,14,4,10,1
2024,10,Roma,60-64,Passenger,4,3,0,3,0
2024,10,Roma,65+,Driver,8,7,1,6,0
2024,10,Roma,65+,Passenger,1,1,0,1,0
2024,11,Roma,18-20,Driver,6,5,1,4,0
2024,11,Roma,18-20,Passenger,3,2,1,1,0
2024,11,Roma,20-24,Driver,13,13,4,9,1
2024,11,Roma,20-24,Passenger,4,3,0,3,0
2024,11,Roma,25-29,Driver,8,7,2,5,0
2024,11,Roma,25-29,Passenger,1,1,0,1,0
2024,11,Roma,30-44,Driver,11,9,0,9,0
2024,11,Roma,30-44,Passenger,7,5,1,4,0
2024,11,Roma,30-44,Pedestrian,2,2,0,2,1
2024,11,Roma,45-54,Driver,16,13,1,12,0
2024,11,Roma,45-54,Passenger,10,10,1,9,0
2024,11,Roma,45-54,Pedestrian,3,3,1,2,1
2024,11,Roma,55-59,Driver,6,5,0,5,0
2024,11,Roma,55-59,Passenger,4,4,1,3,0
2024,11,Roma,55-59,Pedestrian,1,1,1,0,0
2024,11,Roma,60-64,Driver,4,3,0,3,0
2024,11,Roma,60-64,Passenger,2,2,1,1,0
2024,11,Roma,65+,Driver,4,4,3,1,0
2024,11,Roma,65+,Passenger,1,0,0,0,0
2024,12,Roma,18-20,Driver,7,4,0,4,2
2024,12,Roma,18-20,Passenger,2,2,0,2,0
2024,12,Roma,20-24,Driver,13,12,2,10,0
2024,12,Roma,20-24,Passenger,2,2,0,2,0
2024,12,Roma,20-24,Pedestrian,1,1,1,0,0
2024,12,Roma,25-29,Driver,6,6,0,6,0
2024,12,Roma,25-29,Passenger,5,4,0,4,0
2024,12,Roma,30-44,Driver,17,13,1,12,1
2024,12,Roma,30-44,Passenger,8,7,1,6,0
2024,12,Roma,30-44,Pedestrian,5,4,1,3,0
2024,12,Roma,45-54,Driver,11,10,1,9,0
2024,12,Roma,45-54,Passenger,5,2,2,0,0
2024,12,Roma,45-54,Pedestrian,3,3,0,3,0
2024,12,Roma,55-59,Driver,11,11,1,10,0
2024,12,Roma,55-59,Passenger,1,0,0,0,0
2024,12,Roma,55-59,Pedestrian,1,0,0,0,0
2024,12,Roma,60-64,Driver,2,2,1,1,0
2024,12,Roma,60-64,Passenger,1,1,0,1,0
2024,12,Roma,60-64,Pedestrian,1,1,0,1,0
2024,12,Roma,65+,Driver,9,8,2,6,1
2024,1,Rovigo,18-20,Driver,1,0,0,0,0
2024,1,Rovigo,18-20,Passenger,1,1,1,0,0
2024,1,Rovigo,20-24,Driver,1,1,0,1,0
2024,1,Rovigo,20-24,Passenger,1,1,1,0,0
2024,1,Rovigo,25-29,Passenger,1,1,0,1,0
2024,1,Rovigo,30-44,Passenger,1,0,0,0,0
2024,1,Rovigo,45-54,Driver,3,2,0,2,0
2024,1,Rovigo,55-59,Driver,1,1,0,1,0
2024,2,Rovigo,18-20,Passenger,1,1,0,1,0
2024,2,Rovigo,20-24,Driver,2,1,0,1,0
2024,2,Rovigo,25-29,Driver,1,0,0,0,0
2024,2,Rovigo,25-29,Passenger,1,1,0,1,0
2024,2,Rovigo,30-44,Driver,3,2,1,1,0
2024,2,Rovigo,30-44,Passenger,1,0,0,0,0
2024,2,Rovigo,45-54,Driver,2,2,1,1,0
2024,2,Rovigo,65+,Driver,1,1,0,1,0
2024,3,Rovigo,18-20,Driver,3,1,0,1,0
2024,3,Rovigo,18-20,Passenger,1,1,0,1,0
2024,3,Rovigo,18-20,Pedestrian,1,0,0,0,0
2024,3,Rovigo,20-24,Driver,2,1,0,1,0
2024,3,Rovigo,20-24,Passenger,1,0,0,0,0
2024,3,Rovigo,25-29,Driver,3,2,0,2,0
2024,3,Rovigo,25-29,Passenger,2,2,1,1,0
2024,3,Rovigo,25-29,Pedestrian,1,1,0,1,0
2024,3,Rovigo,30-44,Driver,9,7,1,6,1
2024,3,Rovigo,30-44,Passenger,1,1,0,1,0
2024,3,Rovigo,45-54,Driver,7,4,1,3,0
2024,3,Rovigo,45-54,Passenger,2,2,0,2,0
2024,3,Rovigo,45-54,Pedestrian,1,1,0,1,0
2024,3,Rovigo,55-59,Driver,1,1,0,1,0
2024,3,Rovigo,55-59,Passenger,2,1,0,1,0
2024,3,Rovigo,55-59,Pedestrian,1,1,0,1,0
2024,3,Rovigo,60-64,Driver,1,1,0,1,0
2024,3,Rovigo,65+,Passenger,1,0,0,0,0
2024,4,Rovigo,18-20,Passenger,1,1,0,1,0
2024,4,Rovigo,20-24,Driver,2,2,1,1,0
2024,4,Rovigo,30-44,Driver,2,2,2,0,0
2024,4,Rovigo,45-54,Driver,3,3,0,3,0
2024,4,Rovigo,55-59,Driver,1,1,0,1,0
2024,4,Rovigo,60-64,Driver,1,1,0,1,0
2024,5,Rovigo,18-20,Driver,1,0,0,0,0
2024,5,Rovigo,18-20,Passenger,1,1,1,0,0
2024,5,Rovigo,20-24,Driver,2,2,0,2,0
2024,5,Rovigo,25-29,Driver,1,1,1,0,0
2024,5,Rovigo,25-29,Passenger,1,1,0,1,0
2024,5,Rovigo,30-44,Driver,1,1,1,0,0
2024,5,Rovigo,30-44,Passenger,3,3,2,1,0
2024,5,Rovigo,30-44,Pedestrian,1,0,0,0,0
2024,5,Rovigo,45-54,Passenger,1,1,0,1,0
2024,5,Rovigo,45-54,Pedestrian,1,1,0,1,0
2024,5,Rovigo,65+,Passenger,2,1,0,1,0
2024,6,Rovigo,18-20,Driver,1,1,0,1,0
2024,6,Rovigo,18-20,Pedestrian,1,1,0,1,0
2024,6,Rovigo,20-24,Driver,1,0,0,0,0
2024,6,Rovigo,20-24,Passenger,3,3,1,2,0
2024,6,Rovigo,20-24,Pedestrian,1,1,0,1,0
2024,6,Rovigo,25-29,Driver,1,1,0,1,0
2024,6,Rovigo,25-29,Passenger,3,3,1,2,0
2024,6,Rovigo,25-29,Pedestrian,1,0,0,0,0
2024,6,Rovigo,30-44,Driver,7,5,0,5,0
2024,6,Rovigo,30-44,Passenger,3,3,1,2,0
2024,6,Rovigo,45-54,Driver,3,2,0,2,0
2024,6,Rovigo,45-54,Passenger,2,0,0,0,0
2024,6,Rovigo,45-54,Pedestrian,1,1,0,1,0
2024,6,Rovigo,55-59,Passenger,1,1,1,0,0
2024,6,Rovigo,60-64,Driver,2,1,1,0,0
2024,7,Rovigo,18-20,Driver,1,1,0,1,0
2024,7,Rovigo,20-24,Driver,1,1,0,1,0
2024,7,Rovigo,25-29,Driver,2,2,0,2,0
2024,7,Rovigo,30-44,Driver,2,2,0,2,0
2024,7,Rovigo,30-44,Passenger,1,1,1,0,0
2024,7,Rovigo,30-44,Pedestrian,2,1,1,0,0
2024,7,Rovigo,45-54,Driver,1,1,0,1,0
2024,7,Rovigo,45-54,Passenger,1,1,0,1,0
2024,7,Rovigo,60-64,Driver,1,1,0,1,0
2024,8,Rovigo,18-20,Driver,5,3,0,3,0
2024,8,Rovigo,18-20,Passenger,1,0,0,0,0
2024,8,Rovigo,18-20,Pedestrian,1,0,0,0,0
2024,8,Rovigo,20-24,Driver,5,4,0,4,0
2024,8,Rovigo,20-24,Passenger,3,3,0,3,0
2024,8,Rovigo,20-24,Pedestrian,2,2,0,2,0
2024,8,Rovigo,25-29,Driver,5,4,0,4,0
2024,8,Rovigo,25-29,Passenger,4,4,1,3,0
2024,8,Rovigo,30-44,Driver,9,4,1,3,0
2024,8,Rovigo,30-44,Passenger,1,1,0,1,0
2024,8,Rovigo,30-44,Pedestrian,1,1,0,1,0
2024,8,Rovigo,45-54,Driver,5,4,0,4,0
2024,8,Rovigo,45-54,Passenger,4,1,0,1,0
2024,8,Rovigo,45-54,Pedestrian,1,1,1,0,0
2024,8,Rovigo,55-59,Driver,2,1,0,1,0
2024,8,Rovigo,60-64,Driver,1,1,0,1,0
2024,8,Rovigo,60-64,Passenger,1,1,1,0,0
2024,8,Rovigo,65+,Driver,1,0,0,0,0
2024,8,Rovigo,65+,Passenger,1,1,0,1,0
2024,9,Rovigo,18-20,Driver,1,1,0,1,0
2024,9,Rovigo,20-24,Passenger,1,1,1,0,0
2024,9,Rovigo,30-44,Passenger,1,0,0,0,0
2024,9,Rovigo,45-54,Passenger,1,1,0,1,0
2024,10,Rovigo,18-20,Driver,3,2,1,1,0
2024,10,Rovigo,18-20,Pedestrian,1,1,0,1,0
2024,10,Rovigo,20-24,Driver,4,4,1,3,1
2024,10,Rovigo,20-24,Passenger,2,2,0,2,0
2024,10,Rovigo,25-29,Driver,6,4,1,3,0
2024,10,Rovigo,25-29,Passenger,1,1,0,1,0
2024,10,Rovigo,25-29,Pedestrian,2,1,1,0,0
2024,10,Rovigo,30-44,Driver,4,3,0,3,0
2024,10,Rovigo,30-44,Passenger,1,0,0,0,0
2024,10,Rovigo,30-44,Pedestrian,1,1,0,1,0
2024,10,Rovigo,45-54,Driver,4,4,0,4,0
2024,10,Rovigo,45-54,Passenger,1,1,0,1,0
2024,10,Rovigo,45-54,Pedestrian,1,1,0,1,0
2024,10,Rovigo,55-59,Driver,3,3,0,3,0
2024,10,Rovigo,55-59,Passenger,2,1,0,1,0
2024,10,Rovigo,60-64,Driver,1,1,0,1,0
2024,10,Rovigo,65+,Driver,1,0,0,0,0
2024,11,Rovigo,18-20,Driver,2,1,0,1,0
2024,11,Rovigo,20-24,Driver,5,5,1,4,0
2024,11,Rovigo,25-29,Driver,3,3,1,2,1
2024,11,Rovigo,30-44,Driver,3,3,0,3,0
2024,11,Rovigo,30-44,Passenger,2,1,0,1,0
2024,11,Rovigo,45-54,Driver,3,2,0,2,0
2024,11,Rovigo,45-54,Passenger,2,2,0,2,0
2024,11,Rovigo,55-59,Driver,2,2,0,2,0
2024,11,Rovigo,55-59,Passenger,2,1,0,1,0
2024,11,Rovigo,55-59,Pedestrian,2,1,0,1,0
2024,11,Rovigo,60-64,Driver,5,3,0,3,0
2024,11,Rovigo,60-64,Passenger,1,1,0,1,0
2024,11,Rovigo,60-64,Pedestrian,1,1,0,1,0
2024,11,Rovigo,65+,Driver,2,2,0,2,0
2024,12,Rovigo,18-20,Driver,1,0,0,0,0
2024,12,Rovigo,20-24,Driver,1,1,0,1,0
2024,12,Rovigo,25-29,Driver,4,4,1,3,0
2024,12,Rovigo,30-44,Driver,6,5,1,4,0
2024,12,Rovigo,30-44,Passenger,1,0,0,0,0
2024,12,Rovigo,30-44,Pedestrian,1,1,0,1,0
2024,12,Rovigo,45-54,Driver,6,5,1,4,0
2024,12,Rovigo,55-59,Driver,4,4,1,3,0
2024,12,Rovigo,55-59,Passenger,2,2,1,1,0
2024,12,Rovigo,60-64,Driver,2,0,0,0,0
2024,12,Rovigo,60-64,Pedestrian,1,1,0,1,0
2024,12,Rovigo,65+,Driver,2,0,0,0,0
2024,12,Rovigo,65+,Passenger,2,2,0,2,0
2024,1,Salerno,18-20,Driver,1,1,0,1,0
2024,1,Salerno,18-20,Passenger,3,3,0,3,0
2024,1,Salerno,18-20,Pedestrian,1,1,1,0,0
2024,1,Salerno,20-24,Driver,1,1,0,1,0
2024,1,Salerno,20-24,Passenger,1,0,0,0,0
2024,1,Salerno,20-24,Pedestrian,1,0,0,0,0
2024,1,Salerno,25-29,Driver,4,4,0,4,0
2024,1,Salerno,25-29,Passenger,3,1,0,1,0
2024,1,Salerno,30-44,Driver,8,7,1,6,0
2024,1,Salerno,30-44,Passenger,2,2,1,1,0
2024,1,Salerno,30-44,Pedestrian,3,3,1,2,0
2024,1,Salerno,45-54,Driver,3,3,0,3,0
2024,1,Salerno,45-54,Passenger,2,2,0,2,0
2024,1,Salerno,55-59,Driver,2,2,0,2,0
2024,1,Salerno,60-64,Driver,2,2,0,2,0
2024,1,Salerno,65+,Driver,2,2,0,2,0
2024,1,Salerno,65+,Pedestrian,1,1,0,1,0
2024,2,Salerno,18-20,Driver,2,2,1,1,0
2024,2,Salerno,20-24,Driver,6,5,1,4,0
2024,2,Salerno,20-24,Passenger,1,1,0,1,0
2024,2,Salerno,20-24,Pedestrian,2,2,0,2,0
2024,2,Salerno,25-29,Driver,4,3,1,2,0
2024,2,Salerno,25-29,Passenger,2,0,0,0,0
2024,2,Salerno,30-44,Driver,8,7,2,5,0
2024,2,Salerno,30-44,Passenger,2,1,0,1,0
2024,2,Salerno,30-44,Pedestrian,1,1,0,1,0
2024,2,Salerno,45-54,Driver,5,5,2,3,0
2024,2,Salerno,45-54,Passenger,1,1,1,0,0
2024,2,Salerno,55-59,Driver,3,3,0,3,0
2024,2,Salerno,55-59,Passenger,1,1,1,0,0
2024,2,Salerno,60-64,Driver,3,2,0,2,0
2024,2,Salerno,65+,Driver,3,3,1,2,0
2024,3,Salerno,18-20,Driver,5,3,0,3,0
2024,3,Salerno,20-24,Driver,10,7,0,7,0
2024,3,Salerno,20-24,Passenger,1,1,0,1,0
2024,3,Salerno,25-29,Driver,1,1,0,1,0
2024,3,Salerno,25-29,Passenger,1,1,0,1,0
2024,3,Salerno,30-44,Driver,9,8,1,7,0
2024,3,Salerno,30-44,Passenger,6,5,1,4,1
2024,3,Salerno,30-44,Pedestrian,1,1,0,1,0
2024,3,Salerno,45-54,Driver,6,5,1,4,0
2024,3,Salerno,45-54,Passenger,4,4,0,4,0
2024,3,Salerno,55-59,Driver,3,3,1,2,0
2024,3,Salerno,55-59,Passenger,1,1,0,1,0
2024,3,Salerno,55-59,Pedestrian,1,1,0,1,0
2024,3,Salerno,60-64,Driver,4,3,0,3,0
2024,3,Salerno,60-64,Passenger,1,1,0,1,0
2024,3,Salerno,65+,Driver,4,4,1,3,0
2024,3,Salerno,65+,Passenger,1,1,0,1,0
2024,4,Salerno,18-20,Driver,4,4,0,4,0
2024,4,Salerno,18-20,Passenger,2,2,0,2,0
2024,4,Salerno,18-20,Pedestrian,1,1,0,1,0
2024,4,Salerno,20-24,Driver,12,11,1,10,0
2024,4,Salerno,20-24,Passenger,2,2,0,2,0
2024,4,Salerno,20-24,Pedestrian,1,1,0,1,0
2024,4,Salerno,25-29,Driver,4,2,0,2,0
2024,4,Salerno,25-29,Passenger,1,1,0,1,0
2024,4,Salerno,25-29,Pedestrian,2,2,0,2,0
2024,4,Salerno,30-44,Driver,11,11,2,9,0
2024,4,Salerno,30-44,Passenger,4,4,1,3,0
2024,4,Salerno,30-44,Pedestrian,6,5,1,4,0
2024,4,Salerno,45-54,Driver,6,5,0,5,0
2024,4,Salerno,45-54,Passenger,1,1,0,1,0
2024,4,Salerno,55-59,Driver,1,1,1,0,0
2024,4,Salerno,55-59,Passenger,1,1,0,1,0
2024,4,Salerno,55-59,Pedestrian,2,2,0,2,0
2024,4,Salerno,60-64,Driver,4,4,0,4,0
2024,4,Salerno,65+,Driver,1,1,0,1,0
2024,4,Salerno,65+,Passenger,1,1,1,0,0
2024,5,Salerno,18-20,Driver,8,8,1,7,0
2024,5,Salerno,18-20,Passenger,2,1,0,1,0
2024,5,Salerno,18-20,Pedestrian,1,1,1,0,0
2024,5,Salerno,20-24,Driver,7,5,1,4,0
2024,5,Salerno,20-24,Passenger,1,0,0,0,0
2024,5,Salerno,20-24,Pedestrian,3,3,1,2,0
2024,5,Salerno,25-29,Driver,4,4,1,3,0
2024,5,Salerno,25-29,Passenger,4,4,2,2,0
2024,5,Salerno,25-29,Pedestrian,1,1,0,1,0
2024,5,Salerno,30-44,Driver,10,7,0,7,0
2024,5,Salerno,30-44,Passenger,3,3,0,3,0
2024,5,Salerno,30-44,Pedestrian,3,3,0,3,0
2024,5,Salerno,45-54,Driver,11,9,1,8,0
2024,5,Salerno,45-54,Passenger,4,2,2,0,0
2024,5,Salerno,45-54,Pedestrian,1,1,0,1,0
2024,5,Salerno,55-59,Driver,4,4,1,3,0
2024,5,Salerno,55-59,Passenger,1,1,0,1,0
2024,5,Salerno,55-59,Pedestrian,1,0,0,0,0
2024,5,Salerno,60-64,Driver,4,4,0,4,0
2024,5,Salerno,65+,Driver,4,4,0,4,0
2024,6,Salerno,18-20,Driver,1,0,0,0,0
2024,6,Salerno,20-24,Driver,3,2,0,2,0
2024,6,Salerno,25-29,Driver,2,2,1,1,0
2024,6,Salerno,25-29,Passenger,1,1,0,1,0
2024,6,Salerno,30-44,Driver,10,10,0,10,0
2024,6,Salerno,30-44,Passenger,3,3,1,2,0
2024,6,Salerno,45-54,Driver,2,1,0,1,0
2024,6,Salerno,45-54,Passenger,4,4,1,3,0
2024,6,Salerno,55-59,Driver,2,2,0,2,0
2024,6,Salerno,60-64,Driver,1,1,0,1,0
2024,6,Salerno,60-64,Passenger,1,1,0,1,0
2024,6,Salerno,65+,Driver,2,1,1,0,0
2024,6,Salerno,65+,Passenger,1,1,0,1,0
2024,7,Salerno,18-20,Driver,5,5,0,5,1
2024,7,Salerno,18-20,Passenger,3,3,1,2,0
2024,7,Salerno,20-24,Driver,6,2,0,2,0
2024,7,Salerno,20-24,Passenger,7,5,0,5,0
2024,7,Salerno,20-24,Pedestrian,1,1,0,1,0
2024,7,Salerno,25-29,Driver,7,5,0,5,0
2024,7,Salerno,25-29,Passenger,1,1,0,1,0
2024,7,Salerno,25-29,Pedestrian,1,1,0,1,0
2024,7,Salerno,30-44,Driver,10,9,1,8,0
2024,7,Salerno,30-44,Passenger,2,1,1,0,0
2024,7,Salerno,30-44,Pedestrian,1,1,0,1,0
2024,7,Salerno,45-54,Driver,7,7,1,6,0
2024,7,Salerno,45-54,Passenger,5,4,1,3,0
2024,7,Salerno,45-54,Pedestrian,1,1,1,0,0
2024,7,Salerno,55-59,Driver,5,3,0,3,0
2024,7,Salerno,55-59,Passenger,1,1,0,1,0
2024,7,Salerno,60-64,Driver,2,2,0,2,0
2024,7,Salerno,65+,Driver,7,7,2,5,0
2024,7,Salerno,65+,Pedestrian,1,1,1,0,0
2024,8,Salerno,18-20,Driver,7,6,1,5,0
2024,8,Salerno,18-20,Passenger,2,2,1,1,0
2024,8,Salerno,18-20,Pedestrian,1,1,0,1,0
2024,8,Salerno,20-24,Driver,3,3,2,1,0
2024,8,Salerno,20-24,Passenger,3,3,0,3,0
2024,8,Salerno,25-29,Driver,2,2,0,2,0
2024,8,Salerno,25-29,Passenger,2,2,0,2,0
2024,8,Salerno,30-44,Driver,8,7,2,5,0
2024,8,Salerno,30-44,Passenger,1,1,0,1,0
2024,8,Salerno,30-44,Pedestrian,1,1,1,0,0
2024,8,Salerno,45-54,Driver,5,4,2,2,0
2024,8,Salerno,45-54,Passenger,1,0,0,0,0
2024,8,Salerno,45-54,Pedestrian,4,3,0,3,0
2024,8,Salerno,55-59,Driver,1,0,0,0,0
2024,8,Salerno,60-64,Driver,2,1,1,0,0
2024,8,Salerno,65+,Driver,2,1,1,0,0
2024,8,Salerno,65+,Passenger,1,0,0,0,0
2024,9,Salerno,20-24,Driver,1,1,0,1,0
2024,9,Salerno,25-29,Passenger,1,1,0,1,0
2024,9,Salerno,25-29,Pedestrian,1,1,0,1,0
2024,9,Salerno,30-44,Driver,2,1,0,1,0
2024,9,Salerno,30-44,Passenger,2,2,1,1,0
2024,9,Salerno,45-54,Driver,1,1,0,1,0
2024,9,Salerno,55-59,Driver,1,1,0,1,0
2024,9,Salerno,55-59,Passenger,1,1,1,0,0
2024,10,Salerno,18-20,Passenger,1,0,0,0,0
2024,10,Salerno,20-24,Driver,1,1,0,1,0
2024,10,Salerno,20-24,Passenger,2,2,0,2,0
2024,10,Salerno,25-29,Driver,4,3,2,1,0
2024,10,Salerno,30-44,Driver,3,2,1,1,0
2024,10,Salerno,30-44,Passenger,2,1,1,0,0
2024,10,Salerno,30-44,Pedestrian,1,0,0,0,0
2024,10,Salerno,45-54,Driver,5,5,0,5,0
2024,10,Salerno,45-54,Passenger,4,4,1,3,0
2024,10,Salerno,55-59,Driver,2,2,1,1,0
2024,10,Salerno,65+,Driver,1,1,0,1,0
2024,11,Salerno,18-20,Driver,2,1,0,1,0
2024,11,Salerno,18-20,Passenger,1,1,0,1,0
2024,11,Salerno,20-24,Driver,2,1,1,0,0
2024,11,Salerno,20-24,Passenger,2,2,0,2,0
2024,11,Salerno,25-29,Driver,4,4,1,3,0
2024,11,Salerno,25-29,Pedestrian,1,1,0,1,0
2024,11,Salerno,30-44,Driver,6,6,1,5,0
2024,11,Salerno,30-44,Passenger,4,4,1,3,0
2024,11,Salerno,30-44,Pedestrian,2,2,0,2,0
2024,11,Salerno,45-54,Driver,6,5,2,3,0
2024,11,Salerno,45-54,Pedestrian,1,1,0,1,0
2024,11,Salerno,55-59,Driver,5,5,1,4,0
2024,11,Salerno,55-59,Passenger,3,3,1,2,0
2024,11,Salerno,60-64,Driver,2,2,1,1,0
2024,11,Salerno,60-64,Passenger,1,1,0,1,0
2024,11,Salerno,65+,Driver,3,3,1,2,0
2024,12,Salerno,18-20,Driver,2,1,1,0,0
2024,12,Salerno,18-20,Passenger,2,2,1,1,0
2024,12,Salerno,18-20,Pedestrian,1,1,0,1,0
2024,12,Salerno,20-24,Driver,3,2,0,2,0
2024,12,Salerno,20-24,Passenger,2,0,0,0,0
2024,12,Salerno,20-24,Pedestrian,1,1,0,1,0
2024,12,Salerno,25-29,Driver,5,4,0,4,0
2024,12,Salerno,25-29,Passenger,2,2,0,2,0
2024,12,Salerno,30-44,Driver,8,7,2,5,0
2024,12,Salerno,30-44,Passenger,2,1,0,1,0
2024,12,Salerno,30-44,Pedestrian,1,1,0,1,0
2024,12,Salerno,45-54,Driver,1,1,1,0,0
2024,12,Salerno,45-54,Passenger,4,4,0,4,0
2024,12,Salerno,55-59,Driver,2,1,1,0,0
2024,12,Salerno,55-59,Passenger,1,1,0,1,0
2024,12,Salerno,60-64,Driver,1,1,1,0,0
2024,1,Sassari,18-20,Driver,1,1,0,1,0
2024,2,Sassari,18-20,Driver,3,3,2,1,0
2024,2,Sassari,18-20,Passenger,1,1,0,1,0
2024,2,Sassari,20-24,Driver,2,2,0,2,0
2024,2,Sassari,20-24,Passenger,1,0,0,0,0
2024,2,Sassari,20-24,Pedestrian,1,1,0,1,0
2024,2,Sassari,25-29,Driver,2,1,0,1,0
2024,2,Sassari,25-29,Passenger,1,1,1,0,0
2024,2,Sassari,25-29,Pedestrian,1,1,0,1,0
2024,2,Sassari,30-44,Driver,5,5,1,4,0
2024,2,Sassari,30-44,Passenger,2,2,1,1,0
2024,2,Sassari,45-54,Driver,4,4,0,4,0
2024,2,Sassari,45-54,Passenger,3,2,1,1,0
2024,2,Sassari,55-59,Driver,3,1,1,0,0
2024,2,Sassari,60-64,Driver,1,1,1,0,0
2024,2,Sassari,65+,Driver,2,1,1,0,0
2024,2,Sassari,65+,Passenger,1,1,0,1,0
2024,3,Sassari,18-20,Driver,1,1,0,1,0
2024,3,Sassari,20-24,Driver,1,1,0,1,0
2024,3,Sassari,25-29,Driver,2,2,0,2,0
2024,3,Sassari,25-29,Passenger,1,1,0,1,0
2024,3,Sassari,25-29,Pedestrian,1,0,0,0,0
2024,3,Sassari,30-44,Passenger,1,1,1,0,0
2024,3,Sassari,45-54,Passenger,1,1,0,1,0
2024,3,Sassari,55-59,Driver,1,1,0,1,0
2024,3,Sassari,55-59,Pedestrian,1,1,0,1,0
2024,4,Sassari,18-20,Driver,4,2,1,1,0
2024,4,Sassari,18-20,Passenger,2,2,1,1,0
2024,4,Sassari,20-24,Driver,3,3,0,3,0
2024,4,Sassari,20-24,Passenger,1,0,0,0,0
2024,4,Sassari,25-29,Driver,3,2,0,2,0
2024,4,Sassari,25-29,Passenger,3,3,1,2,0
2024,4,Sassari,25-29,Pedestrian,4,4,1,3,0
2024,4,Sassari,30-44,Driver,7,7,1,6,0
2024,4,Sassari,45-54,Driver,5,4,0,4,0
2024,4,Sassari,45-54,Pedestrian,2,2,1,1,0
2024,4,Sassari,55-59,Driver,2,2,0,2,0
2024,4,Sassari,60-64,Driver,2,2,0,2,0
2024,4,Sassari,65+,Driver,1,0,0,0,0
2024,4,Sassari,65+,Passenger,2,2,1,1,0
2024,5,Sassari,20-24,Driver,2,2,1,1,0
2024,5,Sassari,25-29,Driver,3,3,2,1,0
2024,5,Sassari,25-29,Passenger,1,1,0,1,0
2024,5,Sassari,30-44,Driver,10,7,1,6,0
2024,5,Sassari,30-44,Passenger,4,4,0,4,0
2024,5,Sassari,30-44,Pedestrian,1,1,0,1,0
2024,5,Sassari,45-54,Driver,6,5,2,3,0
2024,5,Sassari,45-54,Pedestrian,1,1,0,1,0
2024,5,Sassari,55-59,Driver,2,2,1,1,0
2024,5,Sassari,60-64,Driver,1,1,1,0,0
2024,5,Sassari,60-64,Passenger,1,1,0,1,0
2024,5,Sassari,65+,Driver,2,1,0,1,0
2024,6,Sassari,18-20,Passenger,1,1,1,0,0
2024,6,Sassari,20-24,Driver,1,1,0,1,0
2024,6,Sassari,30-44,Driver,6,4,0,4,0
2024,6,Sassari,30-44,Passenger,1,1,0,1,0
2024,6,Sassari,45-54,Driver,1,1,0,1,0
2024,6,Sassari,45-54,Passenger,1,1,0,1,0
2024,6,Sassari,55-59,Driver,1,1,0,1,0
2024,6,Sassari,55-59,Passenger,1,1,1,0,0
2024,6,Sassari,60-64,Driver,1,1,0,1,0
2024,7,Sassari,18-20,Driver,1,1,0,1,0
2024,7,Sassari,20-24,Passenger,1,1,0,1,0
2024,7,Sassari,30-44,Passenger,2,0,0,0,0
2024,7,Sassari,45-54,Driver,5,5,0,5,0
2024,7,Sassari,55-59,Driver,1,1,0,1,0
2024,7,Sassari,60-64,Driver,2,2,1,1,0
2024,8,Sassari,18-20,Driver,1,1,0,1,0
2024,8,Sassari,20-24,Driver,1,1,1,0,0
2024,8,Sassari,20-24,Passenger,1,1,1,0,0
2024,8,Sassari,30-44,Driver,3,3,1,2,0
2024,8,Sassari,45-54,Passenger,1,1,0,1,0
2024,8,Sassari,55-59,Passenger,1,1,0,1,0
2024,8,Sassari,60-64,Driver,1,1,0,1,0
2024,8,Sassari,65+,Driver,1,1,0,1,0
2024,9,Sassari,20-24,Driver,1,1,0,1,0
2024,9,Sassari,25-29,Driver,4,2,1,1,1
2024,9,Sassari,25-29,Passenger,1,1,0,1,0
2024,9,Sassari,30-44,Driver,4,4,0,4,0
2024,9,Sassari,30-44,Passenger,1,1,1,0,0
2024,9,Sassari,45-54,Driver,1,1,0,1,0
2024,9,Sassari,45-54,Passenger,2,2,1,1,0
2024,9,Sassari,55-59,Driver,2,2,0,2,0
2024,9,Sassari,65+,Driver,1,1,0,1,0
2024,10,Sassari,18-20,Driver,2,2,0,2,0
2024,10,Sassari,18-20,Pedestrian,1,1,0,1,0
2024,10,Sassari,20-24,Driver,2,2,0,2,0
2024,10,Sassari,25-29,Driver,3,2,0,2,0
2024,10,Sassari,30-44,Driver,6,5,1,4,0
2024,10,Sassari,30-44,Passenger,3,3,1,2,0
2024,10,Sassari,45-54,Driver,3,2,1,1,0
2024,10,Sassari,45-54,Passenger,2,0,0,0,0
2024,10,Sassari,55-59,Driver,2,2,1,1,0
2024,10,Sassari,60-64,Driver,1,0,0,0,0
2024,10,Sassari,65+,Driver,2,2,1,1,0
2024,10,Sassari,65+,Pedestrian,1,1,0,1,0
2024,11,Sassari,45-54,Driver,1,1,1,0,0
2024,12,Sassari,18-20,Driver,2,2,0,2,0
2024,12,Sassari,20-24,Driver,2,1,0,1,0
2024,12,Sassari,20-24,Passenger,2,2,0,2,0
2024,12,Sassari,25-29,Driver,2,1,0,1,0
2024,12,Sassari,30-44,Driver,9,7,1,6,0
2024,12,Sassari,30-44,Passenger,1,1,0,1,0
2024,12,Sassari,45-54,Driver,6,6,0,6,0
2024,12,Sassari,45-54,Passenger,1,0,0,0,0
2024,12,Sassari,45-54,Pedestrian,2,0,0,0,0
2024,12,Sassari,55-59,Passenger,1,1,0,1,0
2024,12,Sassari,60-64,Driver,1,1,0,1,0
2024,12,Sassari,65+,Driver,3,0,0,0,0
2024,12,Sassari,65+,Passenger,1,1,0,1,0
2024,1,Savona,18-20,Passenger,1,1,0,1,0
2024,1,Savona,18-20,Pedestrian,1,1,0,1,0
2024,1,Savona,25-29,Driver,1,1,1,0,0
2024,1,Savona,30-44,Driver,1,1,1,0,0
2024,1,Savona,30-44,Pedestrian,1,1,0,1,0
2024,1,Savona,45-54,Pedestrian,1,0,0,0,0
2024,1,Savona,60-64,Driver,1,1,0,1,0
2024,2,Savona,25-29,Driver,1,1,0,1,0
2024,2,Savona,30-44,Driver,2,1,1,0,0
2024,2,Savona,55-59,Driver,1,1,1,0,0
2024,2,Savona,55-59,Passenger,1,1,0,1,0
2024,3,Savona,20-24,Driver,3,2,0,2,0
2024,3,Savona,25-29,Driver,3,2,0,2,0
2024,3,Savona,25-29,Passenger,1,1,0,1,0
2024,3,Savona,30-44,Driver,2,2,0,2,0
2024,3,Savona,30-44,Passenger,1,1,0,1,0
2024,3,Savona,45-54,Passenger,2,2,0,2,0
2024,3,Savona,45-54,Pedestrian,1,1,1,0,0
2024,3,Savona,55-59,Driver,1,1,0,1,0
2024,3,Savona,60-64,Driver,1,1,0,1,0
2024,4,Savona,20-24,Driver,1,1,1,0,0
2024,4,Savona,20-24,Passenger,1,1,1,0,0
2024,4,Savona,25-29,Driver,2,2,1,1,0
2024,4,Savona,30-44,Driver,4,4,0,4,0
2024,4,Savona,30-44,Pedestrian,1,1,1,0,0
2024,4,Savona,45-54,Driver,2,2,1,1,0
2024,4,Savona,55-59,Passenger,1,1,0,1,0
2024,5,Savona,18-20,Driver,2,2,1,1,0
2024,5,Savona,25-29,Driver,1,1,0,1,0
2024,5,Savona,25-29,Passenger,1,1,0,1,0
2024,5,Savona,30-44,Driver,4,3,1,2,0
2024,5,Savona,45-54,Driver,2,2,0,2,0
2024,5,Savona,45-54,Passenger,4,4,1,3,0
2024,5,Savona,55-59,Driver,4,4,1,3,0
2024,5,Savona,65+,Driver,1,1,0,1,0
2024,6,Savona,25-29,Driver,1,1,0,1,0
2024,6,Savona,30-44,Driver,1,1,0,1,0
2024,6,Savona,30-44,Passenger,1,1,0,1,0
2024,6,Savona,45-54,Driver,1,0,0,0,0
2024,6,Savona,45-54,Passenger,2,0,0,0,0
2024,6,Savona,65+,Driver,1,1,1,0,0
2024,7,Savona,18-20,Driver,1,1,0,1,0
2024,7,Savona,20-24,Driver,1,1,0,1,0
2024,7,Savona,20-24,Pedestrian,1,1,0,1,0
2024,7,Savona,25-29,Driver,1,1,0,1,0
2024,7,Savona,25-29,Passenger,1,1,0,1,0
2024,7,Savona,30-44,Driver,3,3,0,3,0
2024,7,Savona,30-44,Passenger,1,1,0,1,0
2024,7,Savona,45-54,Driver,2,1,0,1,0
2024,7,Savona,45-54,Passenger,2,2,0,2,0
2024,7,Savona,55-59,Driver,1,1,0,1,0
2024,7,Savona,60-64,Pedestrian,1,0,0,0,0
2024,7,Savona,65+,Driver,1,0,0,0,0
2024,8,Savona,18-20,Driver,1,1,0,1,0
2024,8,Savona,20-24,Driver,1,1,1,0,0
2024,8,Savona,20-24,Pedestrian,1,1,0,1,0
2024,8,Savona,25-29,Driver,1,1,0,1,0
2024,8,Savona,30-44,Driver,2,2,0,2,0
2024,8,Savona,30-44,Passenger,1,1,0,1,0
2024,8,Savona,45-54,Driver,4,3,0,3,0
2024,8,Savona,55-59,Driver,2,2,0,2,0
2024,8,Savona,65+,Driver,1,1,1,0,0
2024,9,Savona,18-20,Driver,1,1,0,1,0
2024,9,Savona,20-24,Passenger,1,1,0,1,0
2024,9,Savona,30-44,Driver,2,1,0,1,0
2024,9,Savona,55-59,Passenger,1,1,0,1,0
2024,10,Savona,25-29,Driver,1,0,0,0,0
2024,10,Savona,30-44,Driver,1,1,0,1,0
2024,11,Savona,18-20,Passenger,1,0,0,0,0
2024,11,Savona,20-24,Driver,2,2,0,2,0
2024,11,Savona,20-24,Passenger,1,1,0,1,0
2024,11,Savona,25-29,Driver,2,1,0,1,0
2024,11,Savona,30-44,Driver,4,4,1,3,0
2024,11,Savona,30-44,Passenger,1,1,0,1,0
2024,11,Savona,45-54,Driver,2,2,0,2,0
2024,11,Savona,45-54,Passenger,1,0,0,0,0
2024,11,Savona,55-59,Driver,1,1,0,1,0
2024,11,Savona,55-59,Pedestrian,2,2,0,2,0
2024,11,Savona,60-64,Passenger,1,1,0,1,0
2024,11,Savona,65+,Driver,2,2,0,2,0
2024,12,Savona,18-20,Driver,1,0,0,0,0
2024,12,Savona,20-24,Passenger,1,1,0,1,0
2024,12,Savona,20-24,Pedestrian,1,1,1,0,0
2024,12,Savona,25-29,Driver,1,1,1,0,0
2024,12,Savona,25-29,Passenger,1,1,0,1,0
2024,12,Savona,30-44,Driver,6,6,1,5,0
2024,12,Savona,30-44,Passenger,1,1,1,0,0
2024,12,Savona,45-54,Driver,2,1,0,1,0
2024,12,Savona,55-59,Driver,1,0,0,0,0
2024,12,Savona,65+,Passenger,1,1,0,1,0
2024,1,Siena,30-44,Pedestrian,1,1,0,1,0
2024,1,Siena,45-54,Driver,1,1,0,1,0
2024,2,Siena,18-20,Driver,2,1,0,1,0
2024,2,Siena,20-24,Driver,1,1,1,0,0
2024,2,Siena,30-44,Passenger,1,0,0,0,0
2024,2,Siena,30-44,Pedestrian,1,1,0,1,0
2024,2,Siena,45-54,Passenger,1,1,0,1,0
2024,2,Siena,55-59,Passenger,1,0,0,0,0
2024,2,Siena,60-64,Driver,1,0,0,0,0
2024,2,Siena,60-64,Pedestrian,1,1,0,1,0
2024,2,Siena,65+,Passenger,1,1,0,1,0
2024,3,Siena,20-24,Passenger,1,0,0,0,0
2024,3,Siena,25-29,Driver,1,1,0,1,0
2024,3,Siena,45-54,Driver,1,1,0,1,0
2024,4,Siena,18-20,Driver,1,1,0,1,0
2024,4,Siena,18-20,Passenger,1,0,0,0,0
2024,4,Siena,18-20,Pedestrian,1,1,0,1,0
2024,4,Siena,25-29,Driver,1,0,0,0,0
2024,4,Siena,25-29,Pedestrian,1,0,0,0,0
2024,4,Siena,30-44,Driver,6,6,1,5,0
2024,4,Siena,30-44,Passenger,1,1,1,0,0
2024,4,Siena,45-54,Driver,1,0,0,0,0
2024,4,Siena,45-54,Passenger,1,1,0,1,0
2024,4,Siena,55-59,Passenger,1,1,0,1,0
2024,4,Siena,55-59,Pedestrian,1,1,0,1,0
2024,4,Siena,65+,Passenger,1,0,0,0,0
2024,5,Siena,18-20,Driver,4,4,1,3,0
2024,5,Siena,20-24,Driver,1,1,0,1,0
2024,5,Siena,20-24,Passenger,1,0,0,0,0
2024,5,Siena,25-29,Driver,1,1,1,0,0
2024,5,Siena,25-29,Passenger,1,1,0,1,0
2024,5,Siena,30-44,Driver,4,4,1,3,0
2024,5,Siena,45-54,Driver,3,3,1,2,0
2024,5,Siena,45-54,Passenger,1,0,0,0,0
2024,5,Siena,55-59,Driver,2,1,1,0,0
2024,5,Siena,60-64,Driver,1,1,1,0,0
2024,6,Siena,18-20,Driver,3,3,0,3,0
2024,6,Siena,18-20,Passenger,1,1,0,1,0
2024,6,Siena,20-24,Driver,3,3,0,3,0
2024,6,Siena,25-29,Driver,1,1,0,1,0
2024,6,Siena,25-29,Pedestrian,1,1,0,1,0
2024,6,Siena,30-44,Driver,3,1,0,1,0
2024,6,Siena,30-44,Pedestrian,1,1,0,1,0
2024,6,Siena,45-54,Driver,3,3,1,2,0
2024,6,Siena,45-54,Passenger,2,1,0,1,0
2024,6,Siena,45-54,Pedestrian,1,1,0,1,0
2024,6,Siena,55-59,Driver,2,2,0,2,0
2024,6,Siena,60-64,Driver,2,2,0,2,0
2024,6,Siena,65+,Driver,1,0,0,0,1
2024,7,Siena,18-20,Driver,2,2,1,1,0
2024,7,Siena,20-24,Driver,2,2,0,2,0
2024,7,Siena,20-24,Passenger,1,1,0,1,0
2024,7,Siena,25-29,Driver,3,3,1,2,0
2024,7,Siena,30-44,Driver,1,1,0,1,0
2024,7,Siena,30-44,Passenger,1,1,1,0,0
2024,7,Siena,30-44,Pedestrian,2,2,0,2,0
2024,7,Siena,45-54,Driver,3,3,1,2,0
2024,7,Siena,45-54,Passenger,1,1,0,1,0
2024,7,Siena,55-59,Driver,3,3,0,3,0
2024,7,Siena,55-59,Passenger,1,1,0,1,0
2024,7,Siena,65+,Driver,1,0,0,0,0
2024,7,Siena,65+,Passenger,1,1,0,1,0
2024,8,Siena,18-20,Driver,1,1,0,1,0
2024,8,Siena,30-44,Driver,2,2,1,1,0
2024,8,Siena,30-44,Passenger,1,1,0,1,0
2024,8,Siena,45-54,Driver,1,1,1,0,0
2024,8,Siena,55-59,Driver,2,1,0,1,0
2024,8,Siena,55-59,Passenger,1,1,0,1,0
2024,8,Siena,60-64,Passenger,1,1,1,0,0
2024,9,Siena,18-20,Driver,2,2,0,2,0
2024,9,Siena,20-24,Driver,2,1,0,1,0
2024,9,Siena,25-29,Driver,2,2,0,2,0
2024,9,Siena,25-29,Passenger,2,1,1,0,0
2024,9,Siena,25-29,Pedestrian,1,0,0,0,0
2024,9,Siena,30-44,Driver,2,2,0,2,0
2024,9,Siena,30-44,Passenger,1,0,0,0,0
2024,9,Siena,45-54,Driver,1,1,0,1,0
2024,9,Siena,45-54,Passenger,1,1,1,0,0
2024,9,Siena,55-59,Passenger,1,1,0,1,0
2024,10,Siena,18-20,Driver,5,4,1,3,0
2024,10,Siena,20-24,Driver,2,1,0,1,0
2024,10,Siena,20-24,Passenger,1,1,0,1,0
2024,10,Siena,25-29,Driver,2,2,0,2,0
2024,10,Siena,30-44,Driver,4,3,1,2,0
2024,10,Siena,30-44,Passenger,2,2,0,2,0
2024,10,Siena,45-54,Driver,4,3,1,2,0
2024,10,Siena,45-54,Pedestrian,2,2,0,2,0
2024,10,Siena,55-59,Driver,1,1,0,1,0
2024,10,Siena,65+,Driver,2,2,0,2,0
2024,10,Siena,65+,Passenger,1,1,0,1,0
2024,10,Siena,65+,Pedestrian,1,0,0,0,0
2024,11,Siena,20-24,Driver,1,1,0,1,0
2024,11,Siena,25-29,Driver,3,3,0,3,0
2024,11,Siena,25-29,Pedestrian,1,1,0,1,0
2024,11,Siena,30-44,Driver,1,1,0,1,0
2024,11,Siena,30-44,Pedestrian,1,0,0,0,0
2024,11,Siena,45-54,Driver,1,1,0,1,0
2024,11,Siena,45-54,Pedestrian,1,1,1,0,0
2024,11,Siena,55-59,Pedestrian,1,1,0,1,0
2024,11,Siena,65+,Driver,1,1,0,1,0
2024,12,Siena,18-20,Driver,2,2,0,2,0
2024,12,Siena,18-20,Passenger,2,1,0,1,0
2024,12,Siena,20-24,Driver,5,4,0,4,0
2024,12,Siena,25-29,Driver,1,1,0,1,0
2024,12,Siena,25-29,Passenger,1,1,0,1,0
2024,12,Siena,30-44,Driver,2,2,0,2,0
2024,12,Siena,30-44,Passenger,1,1,0,1,0
2024,12,Siena,45-54,Driver,5,4,0,4,0
2024,12,Siena,45-54,Passenger,1,1,1,0,0
2024,12,Siena,55-59,Driver,1,1,0,1,0
2024,12,Siena,55-59,Pedestrian,1,1,0,1,0
2024,12,Siena,60-64,Driver,2,2,1,1,0
2024,12,Siena,60-64,Passenger,1,1,1,0,0
2024,12,Siena,65+,Passenger,1,0,0,0,0
2024,12,Siena,65+,Pedestrian,2,2,0,2,0
2024,1,Siracusa,45-54,Driver,1,1,0,1,0
2024,2,Siracusa,20-24,Passenger,2,2,0,2,0
2024,2,Siracusa,25-29,Driver,1,1,1,0,0
2024,2,Siracusa,25-29,Passenger,1,1,0,1,0
2024,2,Siracusa,30-44,Driver,1,0,0,0,0
2024,2,Siracusa,30-44,Passenger,1,0,0,0,0
2024,2,Siracusa,30-44,Pedestrian,1,0,0,0,0
2024,2,Siracusa,45-54,Driver,2,2,0,2,0
2024,2,Siracusa,45-54,Passenger,1,1,0,1,0
2024,2,Siracusa,45-54,Pedestrian,1,1,0,1,0
2024,3,Siracusa,60-64,Driver,1,1,0,1,0
2024,3,Siracusa,65+,Driver,1,1,0,1,0
2024,3,Siracusa,65+,Passenger,2,0,0,0,0
2024,4,Siracusa,18-20,Driver,1,1,0,1,0
2024,4,Siracusa,18-20,Passenger,1,1,1,0,0
2024,4,Siracusa,20-24,Driver,3,3,0,3,0
2024,4,Siracusa,20-24,Passenger,2,2,0,2,0
2024,4,Siracusa,25-29,Driver,2,2,1,1,0
2024,4,Siracusa,30-44,Driver,3,3,1,2,0
2024,4,Siracusa,45-54,Driver,3,2,0,2,0
2024,4,Siracusa,45-54,Passenger,2,2,0,2,0
2024,4,Siracusa,45-54,Pedestrian,1,1,0,1,0
2024,4,Siracusa,55-59,Driver,1,1,1,0,0
2024,4,Siracusa,55-59,Passenger,1,1,0,1,0
2024,4,Siracusa,60-64,Passenger,1,1,0,1,0
2024,4,Siracusa,65+,Passenger,1,1,0,1,0
2024,5,Siracusa,45-54,Passenger,1,0,0,0,0
2024,6,Siracusa,18-20,Driver,3,3,0,3,0
2024,6,Siracusa,20-24,Driver,1,1,0,1,0
2024,6,Siracusa,20-24,Passenger,2,2,0,2,0
2024,6,Siracusa,25-29,Driver,2,1,0,1,0
2024,6,Siracusa,25-29,Passenger,1,1,1,0,0
2024,6,Siracusa,25-29,Pedestrian,1,1,0,1,0
2024,6,Siracusa,30-44,Driver,8,8,0,8,0
2024,6,Siracusa,30-44,Passenger,1,1,1,0,0
2024,6,Siracusa,30-44,Pedestrian,1,1,0,1,0
2024,6,Siracusa,45-54,Driver,6,5,2,3,0
2024,6,Siracusa,45-54,Passenger,2,2,0,2,0
2024,6,Siracusa,55-59,Driver,5,4,0,4,0
2024,6,Siracusa,55-59,Passenger,3,2,0,2,0
2024,6,Siracusa,60-64,Driver,2,2,1,1,0
2024,6,Siracusa,60-64,Passenger,1,1,1,0,0
2024,6,Siracusa,65+,Driver,1,1,1,0,0
2024,7,Siracusa,30-44,Passenger,1,1,0,1,0
2024,7,Siracusa,45-54,Driver,2,2,0,2,0
2024,7,Siracusa,45-54,Passenger,1,1,0,1,0
2024,7,Siracusa,60-64,Driver,3,3,1,2,0
2024,8,Siracusa,20-24,Driver,3,3,1,2,0
2024,8,Siracusa,25-29,Driver,1,1,1,0,0
2024,8,Siracusa,25-29,Passenger,1,1,0,1,0
2024,8,Siracusa,30-44,Passenger,2,1,0,1,0
2024,8,Siracusa,30-44,Pedestrian,4,4,0,4,0
2024,8,Siracusa,45-54,Driver,3,2,0,2,0
2024,8,Siracusa,45-54,Passenger,3,3,1,2,0
2024,8,Siracusa,55-59,Driver,1,1,0,1,0
2024,8,Siracusa,60-64,Driver,2,2,0,2,0
2024,9,Siracusa,18-20,Driver,2,2,1,1,0
2024,9,Siracusa,20-24,Driver,3,3,0,3,1
2024,9,Siracusa,20-24,Passenger,1,1,0,1,0
2024,9,Siracusa,25-29,Driver,1,0,0,0,0
2024,9,Siracusa,25-29,Passenger,1,1,0,1,0
2024,9,Siracusa,30-44,Driver,7,6,1,5,0
2024,9,Siracusa,30-44,Passenger,1,1,0,1,0
2024,9,Siracusa,30-44,Pedestrian,1,1,1,0,0
2024,9,Siracusa,45-54,Driver,1,1,0,1,0
2024,9,Siracusa,55-59,Driver,1,1,0,1,0
2024,9,Siracusa,60-64,Driver,2,2,1,1,0
2024,9,Siracusa,65+,Pedestrian,1,1,0,1,0
2024,10,Siracusa,20-24,Driver,1,0,0,0,0
2024,10,Siracusa,25-29,Driver,1,1,0,1,0
2024,10,Siracusa,30-44,Driver,3,2,0,2,0
2024,10,Siracusa,30-44,Passenger,1,1,0,1,0
2024,10,Siracusa,45-54,Driver,1,1,0,1,0
2024,10,Siracusa,45-54,Passenger,1,1,0,1,0
2024,10,Siracusa,55-59,Driver,1,1,0,1,0
2024,10,Siracusa,55-59,Passenger,1,1,0,1,0
2024,10,Siracusa,60-64,Driver,4,3,1,2,0
2024,10,Siracusa,60-64,Passenger,1,1,0,1,0
2024,11,Siracusa,25-29,Driver,1,1,1,0,0
2024,11,Siracusa,25-29,Passenger,1,1,0,1,0
2024,11,Siracusa,30-44,Driver,1,0,0,0,0
2024,11,Siracusa,45-54,Passenger,1,0,0,0,0
2024,11,Siracusa,55-59,Passenger,2,1,0,1,0
2024,12,Siracusa,55-59,Driver,1,1,0,1,0
2024,1,Sondrio,18-20,Driver,1,0,0,0,0
2024,1,Sondrio,20-24,Driver,2,2,1,1,0
2024,1,Sondrio,25-29,Driver,2,2,0,2,0
2024,1,Sondrio,30-44,Driver,3,2,1,1,0
2024,1,Sondrio,45-54,Pedestrian,1,1,0,1,0
2024,1,Sondrio,55-59,Driver,1,1,1,0,0
2024,1,Sondrio,55-59,Passenger,1,1,0,1,0
2024,2,Sondrio,20-24,Driver,1,0,0,0,0
2024,2,Sondrio,20-24,Passenger,1,1,0,1,0
2024,2,Sondrio,25-29,Passenger,1,1,1,0,0
2024,2,Sondrio,30-44,Passenger,1,1,1,0,0
2024,2,Sondrio,45-54,Driver,2,2,0,2,0
2024,2,Sondrio,55-59,Driver,1,1,0,1,0
2024,3,Sondrio,20-24,Driver,1,1,0,1,0
2024,3,Sondrio,20-24,Passenger,1,1,0,1,0
2024,3,Sondrio,25-29,Pedestrian,1,1,0,1,0
2024,3,Sondrio,30-44,Passenger,1,1,0,1,0
2024,3,Sondrio,30-44,Pedestrian,2,1,0,1,0
2024,4,Sondrio,20-24,Passenger,1,1,1,0,0
2024,4,Sondrio,30-44,Driver,1,1,0,1,0
2024,4,Sondrio,45-54,Driver,1,1,0,1,0
2024,5,Sondrio,18-20,Pedestrian,1,1,0,1,0
2024,6,Sondrio,18-20,Driver,1,1,0,1,0
2024,6,Sondrio,18-20,Pedestrian,1,1,0,1,0
2024,6,Sondrio,25-29,Driver,3,2,0,2,0
2024,6,Sondrio,30-44,Driver,1,1,0,1,0
2024,6,Sondrio,45-54,Driver,1,1,0,1,0
2024,6,Sondrio,45-54,Pedestrian,1,1,0,1,0
2024,6,Sondrio,65+,Driver,1,1,0,1,0
2024,7,Sondrio,18-20,Driver,2,1,0,1,0
2024,7,Sondrio,20-24,Driver,1,1,0,1,0
2024,7,Sondrio,20-24,Passenger,1,0,0,0,0
2024,7,Sondrio,25-29,Driver,1,1,0,1,0
2024,7,Sondrio,25-29,Passenger,2,1,0,1,0
2024,7,Sondrio,30-44,Driver,2,1,0,1,0
2024,7,Sondrio,45-54,Driver,2,1,1,0,0
2024,7,Sondrio,45-54,Passenger,1,1,0,1,0
2024,8,Sondrio,25-29,Driver,1,1,1,0,0
2024,9,Sondrio,18-20,Driver,1,0,0,0,0
2024,9,Sondrio,20-24,Driver,1,1,0,1,0
2024,9,Sondrio,30-44,Driver,1,1,0,1,0
2024,9,Sondrio,30-44,Pedestrian,1,1,0,1,0
2024,10,Sondrio,30-44,Driver,1,1,0,1,0
2024,10,Sondrio,65+,Driver,1,1,0,1,0
2024,11,Sondrio,18-20,Driver,2,1,0,1,0
2024,11,Sondrio,20-24,Driver,1,1,0,1,0
2024,11,Sondrio,25-29,Driver,1,1,0,1,0
2024,11,Sondrio,30-44,Driver,1,1,0,1,0
2024,11,Sondrio,45-54,Driver,3,1,0,1,0
2024,11,Sondrio,60-64,Driver,1,1,0,1,0
2024,12,Sondrio,30-44,Driver,1,1,0,1,0
2024,1,Taranto,18-20,Driver,2,2,0,2,0
2024,1,Taranto,18-20,Passenger,3,3,0,3,0
2024,1,Taranto,18-20,Pedestrian,1,1,0,1,0
2024,1,Taranto,20-24,Driver,8,8,1,7,0
2024,1,Taranto,20-24,Passenger,5,5,0,5,0
2024,1,Taranto,20-24,Pedestrian,3,3,0,3,0
2024,1,Taranto,25-29,Driver,7,7,2,5,0
2024,1,Taranto,25-29,Passenger,7,6,0,6,0
2024,1,Taranto,25-29,Pedestrian,1,1,0,1,0
2024,1,Taranto,30-44,Driver,8,7,4,3,0
2024,1,Taranto,30-44,Passenger,3,2,0,2,0
2024,1,Taranto,45-54,Driver,12,9,2,7,0
2024,1,Taranto,45-54,Passenger,3,3,1,2,0
2024,1,Taranto,45-54,Pedestrian,1,1,0,1,0
2024,1,Taranto,55-59,Driver,3,3,0,3,0
2024,1,Taranto,55-59,Passenger,2,2,1,1,0
2024,1,Taranto,55-59,Pedestrian,2,2,0,2,0
2024,1,Taranto,60-64,Driver,3,3,0,3,0
2024,1,Taranto,60-64,Passenger,1,1,0,1,0
2024,1,Taranto,65+,Driver,3,3,2,1,0
2024,1,Taranto,65+,Passenger,1,0,0,0,1
2024,2,Taranto,18-20,Driver,2,2,0,2,0
2024,2,Taranto,20-24,Driver,4,4,0,4,0
2024,2,Taranto,25-29,Driver,3,2,0,2,0
2024,2,Taranto,25-29,Passenger,2,1,0,1,0
2024,2,Taranto,30-44,Driver,5,4,2,2,0
2024,2,Taranto,30-44,Passenger,4,1,0,1,0
2024,2,Taranto,30-44,Pedestrian,1,0,0,0,0
2024,2,Taranto,45-54,Driver,7,5,0,5,0
2024,2,Taranto,45-54,Passenger,2,2,1,1,0
2024,2,Taranto,55-59,Driver,2,2,0,2,0
2024,2,Taranto,55-59,Passenger,3,3,1,2,0
2024,2,Taranto,60-64,Driver,2,2,0,2,0
2024,2,Taranto,65+,Driver,1,1,0,1,0
2024,2,Taranto,65+,Passenger,1,1,0,1,0
2024,3,Taranto,18-20,Driver,5,5,1,4,0
2024,3,Taranto,18-20,Passenger,2,1,0,1,0
2024,3,Taranto,20-24,Driver,3,3,0,3,0
2024,3,Taranto,20-24,Passenger,1,1,0,1,0
2024,3,Taranto,25-29,Driver,6,6,2,4,0
2024,3,Taranto,25-29,Passenger,2,2,0,2,0
2024,3,Taranto,30-44,Driver,4,4,0,4,0
2024,3,Taranto,30-44,Passenger,1,0,0,0,0
2024,3,Taranto,45-54,Driver,5,5,2,3,0
2024,3,Taranto,45-54,Passenger,4,3,0,3,0
2024,3,Taranto,45-54,Pedestrian,1,1,0,1,0
2024,3,Taranto,55-59,Driver,4,4,0,4,0
2024,3,Taranto,55-59,Passenger,1,0,0,0,0
2024,3,Taranto,60-64,Passenger,1,0,0,0,0
2024,3,Taranto,60-64,Pedestrian,1,1,1,0,0
2024,3,Taranto,65+,Driver,2,2,1,1,0
2024,4,Taranto,18-20,Driver,5,5,1,4,0
2024,4,Taranto,18-20,Passenger,2,2,0,2,0
2024,4,Taranto,20-24,Driver,11,9,2,7,0
2024,4,Taranto,20-24,Passenger,3,2,1,1,0
2024,4,Taranto,20-24,Pedestrian,2,2,0,2,0
2024,4,Taranto,25-29,Driver,5,4,0,4,0
2024,4,Taranto,25-29,Passenger,6,4,0,4,0
2024,4,Taranto,25-29,Pedestrian,3,3,0,3,0
2024,4,Taranto,30-44,Driver,5,3,2,1,0
2024,4,Taranto,30-44,Passenger,6,6,1,5,0
2024,4,Taranto,45-54,Driver,9,9,1,8,0
2024,4,Taranto,45-54,Passenger,2,2,1,1,0
2024,4,Taranto,55-59,Driver,2,2,1,1,0
2024,4,Taranto,55-59,Passenger,4,3,0,3,0
2024,4,Taranto,55-59,Pedestrian,1,1,0,1,0
2024,4,Taranto,60-64,Driver,2,1,1,0,0
2024,4,Taranto,60-64,Passenger,1,1,1,0,0
2024,4,Taranto,65+,Driver,2,2,0,2,0
2024,5,Taranto,18-20,Driver,4,4,3,1,0
2024,5,Taranto,18-20,Passenger,3,2,0,2,0
2024,5,Taranto,18-20,Pedestrian,1,1,0,1,0
2024,5,Taranto,20-24,Driver,5,5,2,3,0
2024,5,Taranto,20-24,Passenger,4,4,0,4,0
2024,5,Taranto,25-29,Driver,4,2,0,2,0
2024,5,Taranto,25-29,Passenger,3,3,1,2,0
2024,5,Taranto,25-29,Pedestrian,1,1,0,1,0
2024,5,Taranto,30-44,Driver,17,12,5,7,0
2024,5,Taranto,30-44,Passenger,3,3,0,3,0
2024,5,Taranto,30-44,Pedestrian,4,4,0,4,0
2024,5,Taranto,45-54,Driver,9,6,1,5,0
2024,5,Taranto,45-54,Passenger,1,1,0,1,0
2024,5,Taranto,45-54,Pedestrian,1,1,1,0,0
2024,5,Taranto,55-59,Driver,2,1,0,1,0
2024,5,Taranto,55-59,Passenger,2,2,0,2,0
2024,5,Taranto,55-59,Pedestrian,1,0,0,0,0
2024,5,Taranto,60-64,Driver,5,5,0,5,0
2024,5,Taranto,60-64,Passenger,1,0,0,0,0
2024,5,Taranto,65+,Driver,3,3,0,3,0
2024,5,Taranto,65+,Passenger,1,1,0,1,0
2024,6,Taranto,18-20,Driver,7,7,0,7,0
2024,6,Taranto,18-20,Passenger,2,2,2,0,0
2024,6,Taranto,20-24,Driver,5,5,1,4,0
2024,6,Taranto,20-24,Passenger,3,2,1,1,0
2024,6,Taranto,25-29,Driver,4,4,1,3,0
2024,6,Taranto,25-29,Pedestrian,1,1,0,1,0
2024,6,Taranto,30-44,Driver,21,16,1,15,0
2024,6,Taranto,30-44,Passenger,2,2,2,0,0
2024,6,Taranto,30-44,Pedestrian,2,2,0,2,0
2024,6,Taranto,45-54,Driver,10,8,2,6,0
2024,6,Taranto,45-54,Passenger,2,2,0,2,0
2024,6,Taranto,45-54,Pedestrian,2,1,0,1,0
2024,6,Taranto,55-59,Driver,8,8,3,5,0
2024,6,Taranto,55-59,Passenger,2,2,1,1,0
2024,6,Taranto,60-64,Driver,7,6,3,3,0
2024,6,Taranto,60-64,Passenger,3,1,0,1,0
2024,6,Taranto,60-64,Pedestrian,1,1,0,1,0
2024,6,Taranto,65+,Driver,1,1,0,1,0
2024,6,Taranto,65+,Passenger,1,1,0,1,0
2024,7,Taranto,18-20,Driver,4,3,0,3,0
2024,7,Taranto,18-20,Passenger,2,1,0,1,0
2024,7,Taranto,18-20,Pedestrian,1,1,0,1,0
2024,7,Taranto,20-24,Driver,5,4,1,3,0
2024,7,Taranto,20-24,Passenger,4,2,0,2,0
2024,7,Taranto,25-29,Driver,7,6,0,6,0
2024,7,Taranto,25-29,Passenger,3,3,1,2,0
2024,7,Taranto,30-44,Driver,12,9,1,8,1
2024,7,Taranto,30-44,Passenger,6,6,1,5,0
2024,7,Taranto,30-44,Pedestrian,3,3,0,3,0
2024,7,Taranto,45-54,Driver,13,10,2,8,0
2024,7,Taranto,45-54,Passenger,6,5,3,2,0
2024,7,Taranto,55-59,Driver,11,7,2,5,0
2024,7,Taranto,55-59,Passenger,3,3,1,2,0
2024,7,Taranto,60-64,Driver,1,1,0,1,0
2024,7,Taranto,65+,Driver,2,2,0,2,0
2024,7,Taranto,65+,Pedestrian,2,2,0,2,0
2024,8,Taranto,18-20,Driver,9,8,2,6,1
2024,8,Taranto,18-20,Passenger,3,1,1,0,0
2024,8,Taranto,18-20,Pedestrian,2,1,0,1,0
2024,8,Taranto,20-24,Driver,15,12,2,10,0
2024,8,Taranto,20-24,Passenger,1,1,0,1,0
2024,8,Taranto,25-29,Driver,9,8,2,6,0
2024,8,Taranto,25-29,Passenger,4,4,2,2,0
2024,8,Taranto,25-29,Pedestrian,1,1,0,1,0
2024,8,Taranto,30-44,Driver,16,12,4,8,3
2024,8,Taranto,30-44,Passenger,2,2,0,2,0
2024,8,Taranto,30-44,Pedestrian,1,1,0,1,0
2024,8,Taranto,45-54,Driver,7,7,1,6,0
2024,8,Taranto,45-54,Passenger,5,5,0,5,0
2024,8,Taranto,55-59,Driver,4,4,0,4,0
2024,8,Taranto,60-64,Driver,8,8,1,7,0
2024,8,Taranto,60-64,Pedestrian,1,1,0,1,0
2024,8,Taranto,65+,Driver,4,4,0,4,0
2024,8,Taranto,65+,Passenger,2,2,0,2,0
2024,9,Taranto,18-20,Driver,2,2,0,2,0
2024,9,Taranto,18-20,Passenger,1,0,0,0,0
2024,9,Taranto,18-20,Pedestrian,2,1,0,1,0
2024,9,Taranto,20-24,Driver,7,6,2,4,0
2024,9,Taranto,20-24,Pedestrian,2,1,0,1,0
2024,9,Taranto,25-29,Passenger,1,1,0,1,0
2024,9,Taranto,30-44,Driver,6,6,4,2,0
2024,9,Taranto,30-44,Passenger,3,3,0,3,0
2024,9,Taranto,30-44,Pedestrian,2,1,1,0,0
2024,9,Taranto,45-54,Driver,2,2,0,2,0
2024,9,Taranto,45-54,Passenger,4,4,1,3,0
2024,9,Taranto,55-59,Driver,2,2,0,2,0
2024,9,Taranto,55-59,Passenger,1,1,0,1,0
2024,9,Taranto,55-59,Pedestrian,1,1,0,1,0
2024,9,Taranto,60-64,Driver,1,1,0,1,0
2024,9,Taranto,60-64,Passenger,1,1,0,1,0
2024,9,Taranto,65+,Driver,1,1,0,1,0
2024,10,Taranto,18-20,Driver,3,2,0,2,0
2024,10,Taranto,18-20,Passenger,2,1,0,1,0
2024,10,Taranto,20-24,Driver,5,4,2,2,0
2024,10,Taranto,20-24,Passenger,1,1,0,1,0
2024,10,Taranto,25-29,Driver,2,1,0,1,0
2024,10,Taranto,25-29,Passenger,1,1,0,1,0
2024,10,Taranto,30-44,Driver,5,2,0,2,0
2024,10,Taranto,30-44,Passenger,1,1,0,1,0
2024,10,Taranto,30-44,Pedestrian,1,0,0,0,0
2024,10,Taranto,45-54,Driver,2,1,0,1,0
2024,10,Taranto,45-54,Passenger,1,1,0,1,0
2024,10,Taranto,55-59,Passenger,1,0,0,0,0
2024,10,Taranto,55-59,Pedestrian,1,1,0,1,0
2024,10,Taranto,60-64,Driver,1,1,0,1,0
2024,10,Taranto,60-64,Passenger,1,1,0,1,0
2024,11,Taranto,18-20,Driver,1,1,0,1,0
2024,12,Taranto,25-29,Driver,1,1,1,0,0
2024,1,Teramo,18-20,Driver,2,2,0,2,0
2024,1,Teramo,18-20,Pedestrian,1,0,0,0,0
2024,1,Teramo,20-24,Driver,3,1,0,1,0
2024,1,Teramo,20-24,Passenger,1,1,0,1,0
2024,1,Teramo,25-29,Driver,3,3,0,3,0
2024,1,Teramo,30-44,Driver,4,4,0,4,0
2024,1,Teramo,30-44,Passenger,2,2,0,2,0
2024,1,Teramo,45-54,Driver,2,2,1,1,0
2024,1,Teramo,45-54,Passenger,2,2,1,1,0
2024,1,Teramo,55-59,Driver,1,1,0,1,0
2024,1,Teramo,60-64,Pedestrian,1,1,0,1,0
2024,2,Teramo,18-20,Driver,1,1,0,1,0
2024,2,Teramo,20-24,Driver,3,1,0,1,0
2024,2,Teramo,25-29,Driver,2,2,1,1,0
2024,2,Teramo,30-44,Driver,1,1,0,1,0
2024,2,Teramo,45-54,Driver,1,1,0,1,0
2024,2,Teramo,55-59,Driver,3,2,1,1,0
2024,2,Teramo,55-59,Pedestrian,1,1,0,1,0
2024,2,Teramo,60-64,Driver,2,1,0,1,0
2024,2,Teramo,65+,Passenger,1,1,0,1,0
2024,3,Teramo,18-20,Passenger,2,2,1,1,0
2024,3,Teramo,20-24,Driver,2,2,1,1,0
2024,3,Teramo,20-24,Passenger,1,0,0,0,0
2024,3,Teramo,20-24,Pedestrian,1,1,0,1,0
2024,3,Teramo,25-29,Driver,2,2,0,2,0
2024,3,Teramo,25-29,Pedestrian,1,1,0,1,0
2024,3,Teramo,30-44,Driver,2,2,0,2,0
2024,3,Teramo,30-44,Passenger,2,1,0,1,0
2024,3,Teramo,45-54,Driver,1,1,0,1,0
2024,3,Teramo,45-54,Passenger,1,1,0,1,0
2024,3,Teramo,55-59,Driver,3,3,0,3,0
2024,3,Teramo,60-64,Driver,2,2,0,2,0
2024,3,Teramo,65+,Driver,1,1,0,1,0
2024,3,Teramo,65+,Passenger,1,1,0,1,0
2024,4,Teramo,20-24,Driver,1,1,1,0,0
2024,4,Teramo,20-24,Passenger,2,1,0,1,0
2024,4,Teramo,20-24,Pedestrian,1,1,1,0,0
2024,4,Teramo,25-29,Driver,3,3,1,2,0
2024,4,Teramo,30-44,Driver,5,5,2,3,0
2024,4,Teramo,30-44,Passenger,4,3,0,3,0
2024,4,Teramo,30-44,Pedestrian,1,0,0,0,0
2024,4,Teramo,45-54,Driver,1,1,1,0,0
2024,4,Teramo,45-54,Passenger,1,1,0,1,0
2024,4,Teramo,55-59,Driver,1,1,0,1,0
2024,4,Teramo,55-59,Passenger,1,1,0,1,0
2024,4,Teramo,60-64,Driver,1,1,0,1,0
2024,4,Teramo,65+,Driver,1,1,0,1,0
2024,5,Teramo,18-20,Driver,1,0,0,0,0
2024,5,Teramo,18-20,Pedestrian,1,1,0,1,0
2024,5,Teramo,20-24,Passenger,2,2,0,2,0
2024,5,Teramo,25-29,Driver,2,1,0,1,0
2024,5,Teramo,30-44,Driver,3,3,1,2,0
2024,5,Teramo,30-44,Passenger,3,3,1,2,0
2024,5,Teramo,45-54,Driver,3,3,0,3,0
2024,5,Teramo,55-59,Driver,2,2,2,0,0
2024,6,Teramo,20-24,Passenger,1,0,0,0,0
2024,6,Teramo,20-24,Pedestrian,1,1,0,1,0
2024,6,Teramo,25-29,Driver,1,0,0,0,0
2024,6,Teramo,30-44,Driver,1,1,0,1,0
2024,6,Teramo,30-44,Passenger,1,1,0,1,0
2024,6,Teramo,30-44,Pedestrian,1,1,1,0,0
2024,6,Teramo,45-54,Passenger,1,1,0,1,0
2024,6,Teramo,55-59,Driver,1,1,0,1,0
2024,6,Teramo,55-59,Pedestrian,1,0,0,0,0
2024,6,Teramo,60-64,Pedestrian,1,1,1,0,0
2024,6,Teramo,65+,Pedestrian,1,1,1,0,0
2024,7,Teramo,20-24,Driver,1,1,0,1,0
2024,7,Teramo,25-29,Driver,3,1,0,1,1
2024,7,Teramo,30-44,Driver,3,2,1,1,0
2024,7,Teramo,30-44,Passenger,1,1,1,0,0
2024,7,Teramo,45-54,Driver,2,2,0,2,0
2024,7,Teramo,55-59,Driver,2,2,0,2,0
2024,7,Teramo,65+,Driver,1,0,0,0,0
2024,8,Teramo,18-20,Driver,2,1,0,1,0
2024,8,Teramo,18-20,Passenger,1,1,0,1,0
2024,8,Teramo,20-24,Driver,2,2,0,2,0
2024,8,Teramo,20-24,Passenger,2,1,1,0,0
2024,8,Teramo,25-29,Driver,1,1,0,1,0
2024,8,Teramo,30-44,Driver,3,3,1,2,0
2024,8,Teramo,30-44,Passenger,3,3,1,2,0
2024,8,Teramo,45-54,Driver,4,3,0,3,0
2024,8,Teramo,55-59,Driver,3,3,1,2,0
2024,8,Teramo,60-64,Driver,2,2,0,2,0
2024,8,Teramo,65+,Driver,1,1,1,0,0
2024,9,Teramo,18-20,Driver,1,1,0,1,0
2024,9,Teramo,20-24,Driver,4,4,0,4,0
2024,9,Teramo,20-24,Pedestrian,3,3,0,3,0
2024,9,Teramo,30-44,Driver,3,3,0,3,0
2024,9,Teramo,30-44,Passenger,2,2,1,1,0
2024,9,Teramo,45-54,Driver,5,4,0,4,0
2024,9,Teramo,45-54,Passenger,1,1,0,1,0
2024,9,Teramo,60-64,Driver,1,0,0,0,0
2024,10,Teramo,18-20,Driver,1,1,0,1,0
2024,10,Teramo,20-24,Driver,1,1,0,1,0
2024,10,Teramo,30-44,Driver,1,1,0,1,0
2024,10,Teramo,30-44,Passenger,2,1,0,1,0
2024,10,Teramo,45-54,Driver,1,1,0,1,0
2024,10,Teramo,60-64,Driver,1,0,0,0,0
2024,10,Teramo,65+,Driver,1,1,0,1,0
2024,11,Teramo,18-20,Driver,2,2,2,0,0
2024,11,Teramo,18-20,Passenger,1,1,0,1,0
2024,11,Teramo,20-24,Driver,2,2,0,2,0
2024,11,Teramo,20-24,Passenger,1,1,0,1,0
2024,11,Teramo,25-29,Driver,2,1,0,1,0
2024,11,Teramo,25-29,Passenger,1,0,0,0,0
2024,11,Teramo,30-44,Driver,2,2,0,2,0
2024,11,Teramo,30-44,Passenger,3,3,2,1,0
2024,11,Teramo,45-54,Driver,6,4,1,3,0
2024,11,Teramo,45-54,Passenger,2,2,0,2,0
2024,11,Teramo,55-59,Driver,1,0,0,0,0
2024,11,Teramo,60-64,Passenger,1,1,0,1,0
2024,11,Teramo,65+,Driver,1,0,0,0,0
2024,11,Teramo,65+,Passenger,1,1,0,1,0
2024,12,Teramo,18-20,Driver,1,1,1,0,0
2024,12,Teramo,20-24,Driver,1,1,0,1,0
2024,12,Teramo,30-44,Driver,1,1,0,1,0
2024,12,Teramo,30-44,Passenger,1,1,0,1,0
2024,12,Teramo,45-54,Driver,1,1,0,1,0
2024,12,Teramo,55-59,Driver,1,1,1,0,0
2024,1,Terni,25-29,Driver,2,1,0,1,0
2024,1,Terni,30-44,Driver,3,2,0,2,0
2024,1,Terni,65+,Driver,1,0,0,0,0
2024,2,Terni,18-20,Driver,3,3,1,2,0
2024,2,Terni,20-24,Passenger,1,1,1,0,0
2024,2,Terni,30-44,Driver,2,2,0,2,0
2024,2,Terni,30-44,Passenger,2,2,0,2,0
2024,2,Terni,45-54,Passenger,1,1,0,1,0
2024,2,Terni,45-54,Pedestrian,1,1,0,1,0
2024,2,Terni,55-59,Driver,1,1,0,1,0
2024,2,Terni,55-59,Passenger,1,1,0,1,0
2024,2,Terni,60-64,Driver,1,1,1,0,0
2024,3,Terni,20-24,Driver,3,1,0,1,0
2024,3,Terni,25-29,Driver,2,2,1,1,0
2024,3,Terni,25-29,Passenger,2,1,0,1,0
2024,3,Terni,30-44,Driver,4,2,0,2,0
2024,3,Terni,30-44,Passenger,4,4,0,4,0
2024,3,Terni,30-44,Pedestrian,1,0,0,0,0
2024,3,Terni,45-54,Driver,8,7,2,5,0
2024,3,Terni,60-64,Passenger,1,1,0,1,0
2024,4,Terni,20-24,Pedestrian,1,1,0,1,0
2024,5,Terni,18-20,Driver,1,1,0,1,0
2024,5,Terni,25-29,Driver,2,2,1,1,0
2024,5,Terni,30-44,Driver,4,3,2,1,0
2024,5,Terni,30-44,Passenger,2,2,0,2,0
2024,5,Terni,30-44,Pedestrian,1,1,0,1,0
2024,5,Terni,45-54,Passenger,2,1,0,1,0
2024,5,Terni,45-54,Pedestrian,1,0,0,0,0
2024,5,Terni,55-59,Passenger,1,1,0,1,0
2024,5,Terni,65+,Driver,1,1,0,1,0
2024,6,Terni,18-20,Driver,1,1,0,1,0
2024,6,Terni,20-24,Driver,2,2,0,2,0
2024,6,Terni,20-24,Passenger,1,1,0,1,0
2024,6,Terni,25-29,Passenger,2,1,0,1,0
2024,6,Terni,25-29,Pedestrian,1,1,0,1,0
2024,6,Terni,30-44,Driver,4,4,1,3,0
2024,6,Terni,30-44,Pedestrian,1,1,1,0,0
2024,6,Terni,45-54,Driver,1,1,0,1,0
2024,6,Terni,60-64,Driver,1,1,0,1,0
2024,7,Terni,18-20,Driver,1,1,0,1,0
2024,7,Terni,20-24,Driver,4,4,1,3,0
2024,7,Terni,20-24,Passenger,1,0,0,0,0
2024,7,Terni,25-29,Driver,2,2,0,2,0
2024,7,Terni,25-29,Passenger,1,1,0,1,0
2024,7,Terni,25-29,Pedestrian,1,1,0,1,0
2024,7,Terni,30-44,Driver,5,5,0,5,0
2024,7,Terni,30-44,Passenger,1,0,0,0,0
2024,7,Terni,45-54,Driver,2,2,0,2,0
2024,7,Terni,45-54,Passenger,1,1,0,1,0
2024,7,Terni,55-59,Driver,1,0,0,0,0
2024,7,Terni,60-64,Driver,2,2,0,2,0
2024,8,Terni,25-29,Passenger,1,1,0,1,0
2024,8,Terni,30-44,Driver,1,1,0,1,0
2024,8,Terni,30-44,Passenger,2,1,0,1,0
2024,8,Terni,45-54,Driver,2,2,0,2,0
2024,8,Terni,55-59,Driver,1,1,0,1,0
2024,9,Terni,20-24,Driver,1,1,0,1,0
2024,9,Terni,20-24,Passenger,1,1,0,1,0
2024,9,Terni,25-29,Passenger,2,2,1,1,0
2024,9,Terni,30-44,Driver,4,3,1,2,0
2024,9,Terni,30-44,Passenger,1,1,0,1,0
2024,9,Terni,45-54,Driver,1,1,1,0,0
2024,9,Terni,55-59,Driver,1,1,0,1,0
2024,9,Terni,60-64,Driver,1,1,0,1,0
2024,9,Terni,65+,Driver,1,1,0,1,0
2024,10,Terni,18-20,Driver,1,1,0,1,0
2024,10,Terni,20-24,Driver,1,1,0,1,0
2024,10,Terni,20-24,Pedestrian,1,1,0,1,0
2024,10,Terni,25-29,Passenger,1,1,0,1,0
2024,10,Terni,30-44,Driver,5,5,3,2,0
2024,10,Terni,30-44,Passenger,1,0,0,0,0
2024,10,Terni,45-54,Driver,2,1,0,1,0
2024,10,Terni,45-54,Passenger,1,1,0,1,0
2024,10,Terni,55-59,Driver,1,1,0,1,0
2024,11,Terni,45-54,Passenger,1,1,0,1,0
2024,12,Terni,20-24,Passenger,1,1,0,1,0
2024,1,Torino,18-20,Driver,1,1,0,1,0
2024,1,Torino,18-20,Passenger,1,1,0,1,0
2024,1,Torino,20-24,Driver,2,2,0,2,0
2024,1,Torino,20-24,Passenger,2,2,1,1,0
2024,1,Torino,25-29,Driver,3,3,1,2,0
2024,1,Torino,30-44,Driver,4,4,1,3,0
2024,1,Torino,30-44,Passenger,2,2,0,2,0
2024,1,Torino,45-54,Driver,4,4,1,3,0
2024,1,Torino,45-54,Passenger,3,2,0,2,0
2024,1,Torino,55-59,Driver,2,2,1,1,0
2024,1,Torino,55-59,Passenger,2,1,0,1,0
2024,1,Torino,60-64,Driver,2,2,0,2,0
2024,1,Torino,60-64,Passenger,1,1,1,0,0
2024,1,Torino,65+,Driver,2,2,0,2,0
2024,1,Torino,65+,Passenger,1,1,0,1,0
2024,2,Torino,18-20,Driver,8,8,0,8,0
2024,2,Torino,18-20,Passenger,4,2,1,1,1
2024,2,Torino,18-20,Pedestrian,1,1,0,1,0
2024,2,Torino,20-24,Driver,13,9,2,7,0
2024,2,Torino,20-24,Passenger,6,6,0,6,0
2024,2,Torino,20-24,Pedestrian,4,4,1,3,0
2024,2,Torino,25-29,Driver,10,9,0,9,1
2024,2,Torino,25-29,Passenger,2,1,0,1,1
2024,2,Torino,25-29,Pedestrian,2,2,0,2,0
2024,2,Torino,30-44,Driver,19,16,2,14,0
2024,2,Torino,30-44,Passenger,11,10,1,9,0
2024,2,Torino,30-44,Pedestrian,1,1,0,1,0
2024,2,Torino,45-54,Driver,20,14,2,12,0
2024,2,Torino,45-54,Passenger,7,6,0,6,0
2024,2,Torino,45-54,Pedestrian,3,3,0,3,0
2024,2,Torino,55-59,Driver,10,9,0,9,0
2024,2,Torino,55-59,Passenger,4,1,0,1,0
2024,2,Torino,55-59,Pedestrian,2,2,1,1,0
2024,2,Torino,60-64,Driver,6,5,2,3,0
2024,2,Torino,60-64,Passenger,2,1,0,1,0
2024,2,Torino,60-64,Pedestrian,2,1,0,1,0
2024,2,Torino,65+,Driver,4,4,1,3,0
2024,2,Torino,65+,Passenger,1,1,0,1,0
2024,2,Torino,65+,Pedestrian,1,0,0,0,0
2024,3,Torino,18-20,Driver,4,4,1,3,0
2024,3,Torino,18-20,Passenger,1,1,1,0,0
2024,3,Torino,18-20,Pedestrian,1,1,0,1,0
2024,3,Torino,20-24,Driver,8,7,1,6,0
2024,3,Torino,20-24,Passenger,5,4,1,3,0
2024,3,Torino,20-24,Pedestrian,1,1,0,1,0
2024,3,Torino,25-29,Driver,3,2,0,2,0
2024,3,Torino,25-29,Passenger,1,0,0,0,0
2024,3,Torino,25-29,Pedestrian,3,2,1,1,0
2024,3,Torino,30-44,Driver,13,9,2,7,0
2024,3,Torino,30-44,Passenger,9,8,1,7,0
2024,3,Torino,30-44,Pedestrian,4,2,1,1,0
2024,3,Torino,45-54,Driver,12,9,1,8,0
2024,3,Torino,45-54,Passenger,4,3,0,3,1
2024,3,Torino,45-54,Pedestrian,1,1,0,1,0
2024,3,Torino,55-59,Driver,5,5,2,3,0
2024,3,Torino,55-59,Passenger,2,2,0,2,0
2024,3,Torino,60-64,Driver,3,2,0,2,0
2024,3,Torino,65+,Driver,2,2,1,1,0
2024,3,Torino,65+,Passenger,2,2,0,2,0
2024,4,Torino,18-20,Driver,5,4,1,3,0
2024,4,Torino,18-20,Passenger,7,6,1,5,0
2024,4,Torino,20-24,Driver,8,7,2,5,0
2024,4,Torino,20-24,Pedestrian,1,1,0,1,0
2024,4,Torino,25-29,Driver,13,11,5,6,0
2024,4,Torino,25-29,Passenger,3,2,1,1,0
2024,4,Torino,30-44,Driver,17,12,2,10,0
2024,4,Torino,30-44,Passenger,4,2,0,2,0
2024,4,Torino,30-44,Pedestrian,1,1,0,1,0
2024,4,Torino,45-54,Driver,7,6,2,4,0
2024,4,Torino,45-54,Passenger,6,4,2,2,0
2024,4,Torino,45-54,Pedestrian,3,3,0,3,0
2024,4,Torino,55-59,Driver,4,4,0,4,0
2024,4,Torino,55-59,Passenger,2,1,0,1,0
2024,4,Torino,55-59,Pedestrian,1,1,0,1,0
2024,4,Torino,60-64,Driver,5,4,1,3,0
2024,4,Torino,60-64,Pedestrian,2,1,0,1,0
2024,4,Torino,65+,Driver,3,3,0,3,0
2024,4,Torino,65+,Passenger,3,2,1,1,0
2024,5,Torino,18-20,Driver,3,3,0,3,0
2024,5,Torino,20-24,Driver,2,1,0,1,0
2024,5,Torino,20-24,Passenger,2,1,0,1,0
2024,5,Torino,25-29,Driver,2,2,0,2,1
2024,5,Torino,25-29,Passenger,1,0,0,0,0
2024,5,Torino,25-29,Pedestrian,1,1,0,1,0
2024,5,Torino,30-44,Driver,6,6,0,6,0
2024,5,Torino,30-44,Passenger,2,1,0,1,0
2024,5,Torino,45-54,Driver,4,3,0,3,0
2024,5,Torino,45-54,Passenger,3,3,0,3,0
2024,5,Torino,55-59,Passenger,1,0,0,0,0
2024,5,Torino,60-64,Driver,1,1,0,1,0
2024,5,Torino,65+,Driver,1,1,0,1,0
2024,6,Torino,18-20,Driver,4,3,0,3,0
2024,6,Torino,20-24,Driver,5,3,0,3,0
2024,6,Torino,20-24,Passenger,1,1,0,1,0
2024,6,Torino,20-24,Pedestrian,1,1,0,1,0
2024,6,Torino,25-29,Driver,3,3,1,2,0
2024,6,Torino,25-29,Passenger,1,0,0,0,0
2024,6,Torino,30-44,Driver,10,7,0,7,0
2024,6,Torino,30-44,Passenger,2,1,0,1,0
2024,6,Torino,30-44,Pedestrian,1,0,0,0,0
2024,6,Torino,45-54,Driver,9,8,1,7,0
2024,6,Torino,45-54,Passenger,4,3,2,1,0
2024,6,Torino,45-54,Pedestrian,1,1,0,1,0
2024,6,Torino,55-59,Driver,3,3,0,3,0
2024,6,Torino,55-59,Passenger,4,4,1,3,0
2024,6,Torino,60-64,Driver,1,1,0,1,0
2024,6,Torino,60-64,Passenger,2,1,0,1,0
2024,6,Torino,65+,Driver,1,1,0,1,0
2024,6,Torino,65+,Passenger,1,0,0,0,0
2024,7,Torino,25-29,Passenger,1,1,0,1,0
2024,8,Torino,18-20,Driver,11,9,2,7,0
2024,8,Torino,18-20,Passenger,2,2,1,1,0
2024,8,Torino,18-20,Pedestrian,1,1,0,1,0
2024,8,Torino,20-24,Driver,14,10,3,7,0
2024,8,Torino,20-24,Passenger,9,6,1,5,0
2024,8,Torino,20-24,Pedestrian,1,1,1,0,0
2024,8,Torino,25-29,Driver,16,12,3,9,0
2024,8,Torino,25-29,Passenger,10,6,1,5,1
2024,8,Torino,25-29,Pedestrian,3,2,0,2,0
2024,8,Torino,30-44,Driver,32,30,7,23,0
2024,8,Torino,30-44,Passenger,11,9,0,9,0
2024,8,Torino,30-44,Pedestrian,7,6,0,6,0
2024,8,Torino,45-54,Driver,24,19,2,17,0
2024,8,Torino,45-54,Passenger,11,11,5,6,0
2024,8,Torino,45-54,Pedestrian,2,1,0,1,1
2024,8,Torino,55-59,Driver,10,9,1,8,0
2024,8,Torino,55-59,Passenger,8,7,2,5,1
2024,8,Torino,55-59,Pedestrian,1,0,0,0,0
2024,8,Torino,60-64,Driver,13,12,2,10,0
2024,8,Torino,60-64,Passenger,6,4,1,3,0
2024,8,Torino,60-64,Pedestrian,1,1,0,1,0
2024,8,Torino,65+,Driver,6,5,1,4,0
2024,8,Torino,65+,Passenger,2,1,0,1,0
2024,9,Torino,18-20,Driver,3,3,0,3,0
2024,9,Torino,20-24,Driver,12,9,1,8,1
2024,9,Torino,20-24,Pedestrian,1,1,1,0,0
2024,9,Torino,25-29,Driver,5,5,0,5,1
2024,9,Torino,25-29,Passenger,2,2,0,2,0
2024,9,Torino,30-44,Driver,18,15,2,13,0
2024,9,Torino,30-44,Passenger,6,4,0,4,0
2024,9,Torino,30-44,Pedestrian,2,1,0,1,0
2024,9,Torino,45-54,Driver,14,13,3,10,0
2024,9,Torino,45-54,Passenger,4,2,0,2,0
2024,9,Torino,45-54,Pedestrian,1,1,0,1,0
2024,9,Torino,55-59,Driver,3,2,1,1,0
2024,9,Torino,55-59,Passenger,3,2,1,1,0
2024,9,Torino,60-64,Driver,3,3,0,3,0
2024,9,Torino,65+,Driver,3,2,0,2,0
2024,10,Torino,18-20,Driver,4,4,0,4,0
2024,10,Torino,20-24,Driver,6,4,2,2,0
2024,10,Torino,20-24,Passenger,2,2,0,2,0
2024,10,Torino,25-29,Driver,4,3,1,2,0
2024,10,Torino,25-29,Passenger,2,2,0,2,0
2024,10,Torino,25-29,Pedestrian,1,1,0,1,0
2024,10,Torino,30-44,Driver,9,7,2,5,0
2024,10,Torino,30-44,Passenger,3,3,0,3,0
2024,10,Torino,45-54,Driver,4,4,0,4,0
2024,10,Torino,45-54,Passenger,1,1,1,0,0
2024,10,Torino,55-59,Driver,3,1,0,1,0
2024,10,Torino,55-59,Passenger,2,1,0,1,0
2024,10,Torino,60-64,Driver,2,2,0,2,0
2024,10,Torino,60-64,Passenger,1,1,0,1,0
2024,10,Torino,65+,Driver,1,1,1,0,0
2024,11,Torino,18-20,Driver,4,3,3,0,0
2024,11,Torino,18-20,Passenger,1,1,0,1,0
2024,11,Torino,18-20,Pedestrian,1,1,0,1,0
2024,11,Torino,20-24,Driver,9,6,1,5,0
2024,11,Torino,20-24,Passenger,2,2,0,2,0
2024,11,Torino,25-29,Driver,4,4,1,3,0
2024,11,Torino,25-29,Passenger,1,0,0,0,0
2024,11,Torino,30-44,Driver,7,6,1,5,0
2024,11,Torino,30-44,Passenger,4,4,0,4,0
2024,11,Torino,30-44,Pedestrian,1,1,0,1,0
2024,11,Torino,45-54,Driver,8,5,0,5,0
2024,11,Torino,45-54,Passenger,1,0,0,0,0
2024,11,Torino,45-54,Pedestrian,2,2,0,2,0
2024,11,Torino,55-59,Driver,5,4,2,2,0
2024,11,Torino,55-59,Passenger,2,2,0,2,0
2024,11,Torino,55-59,Pedestrian,1,1,0,1,0
2024,11,Torino,60-64,Driver,3,3,0,3,0
2024,11,Torino,60-64,Passenger,2,2,0,2,0
2024,11,Torino,60-64,Pedestrian,2,2,0,2,0
2024,11,Torino,65+,Driver,5,5,1,4,0
2024,11,Torino,65+,Passenger,2,2,0,2,0
2024,12,Torino,20-24,Driver,4,2,0,2,0
2024,12,Torino,20-24,Passenger,1,1,0,1,0
2024,12,Torino,25-29,Driver,1,1,0,1,0
2024,12,Torino,30-44,Driver,5,4,0,4,0
2024,12,Torino,55-59,Driver,1,1,0,1,0
2024,12,Torino,60-64,Driver,1,1,0,1,0
2024,12,Torino,65+,Driver,1,1,1,0,0
2024,1,Trapani,20-24,Driver,1,1,0,1,0
2024,1,Trapani,20-24,Pedestrian,1,1,0,1,0
2024,1,Trapani,25-29,Driver,3,3,0,3,0
2024,1,Trapani,55-59,Driver,1,0,0,0,0
2024,1,Trapani,60-64,Driver,1,1,0,1,0
2024,1,Trapani,65+,Driver,1,0,0,0,0
2024,2,Trapani,18-20,Driver,3,3,0,3,0
2024,2,Trapani,20-24,Driver,4,4,0,4,0
2024,2,Trapani,20-24,Passenger,2,2,1,1,0
2024,2,Trapani,25-29,Driver,1,0,0,0,0
2024,2,Trapani,25-29,Passenger,1,1,0,1,0
2024,2,Trapani,30-44,Driver,2,2,0,2,0
2024,2,Trapani,30-44,Passenger,2,2,0,2,0
2024,2,Trapani,45-54,Driver,4,4,1,3,0
2024,2,Trapani,45-54,Passenger,1,1,0,1,0
2024,2,Trapani,55-59,Passenger,1,1,0,1,0
2024,2,Trapani,60-64,Passenger,1,1,0,1,0
2024,2,Trapani,65+,Driver,1,1,1,0,0
2024,3,Trapani,18-20,Passenger,2,2,0,2,0
2024,3,Trapani,20-24,Driver,1,1,0,1,0
2024,3,Trapani,25-29,Driver,1,1,0,1,0
2024,3,Trapani,25-29,Passenger,1,1,0,1,0
2024,3,Trapani,25-29,Pedestrian,1,1,0,1,1
2024,3,Trapani,30-44,Driver,2,1,0,1,0
2024,3,Trapani,30-44,Passenger,1,1,0,1,0
2024,3,Trapani,45-54,Driver,1,1,0,1,0
2024,3,Trapani,55-59,Driver,1,1,0,1,0
2024,3,Trapani,60-64,Driver,2,2,0,2,0
2024,3,Trapani,60-64,Passenger,1,1,0,1,0
2024,3,Trapani,65+,Passenger,1,0,0,0,0
2024,4,Trapani,20-24,Driver,1,1,0,1,0
2024,4,Trapani,20-24,Passenger,1,1,0,1,0
2024,4,Trapani,25-29,Passenger,1,0,0,0,1
2024,4,Trapani,30-44,Driver,1,0,0,0,0
2024,4,Trapani,30-44,Passenger,1,1,1,0,0
2024,4,Trapani,45-54,Driver,2,2,0,2,0
2024,4,Trapani,45-54,Passenger,1,1,0,1,0
2024,4,Trapani,55-59,Driver,1,0,0,0,0
2024,4,Trapani,55-59,Pedestrian,1,1,0,1,0
2024,4,Trapani,65+,Driver,2,2,0,2,0
2024,5,Trapani,18-20,Driver,2,1,0,1,0
2024,5,Trapani,30-44,Driver,1,1,1,0,0
2024,5,Trapani,45-54,Driver,1,1,0,1,0
2024,6,Trapani,18-20,Driver,1,1,0,1,0
2024,6,Trapani,20-24,Driver,1,1,0,1,0
2024,6,Trapani,25-29,Driver,1,1,0,1,0
2024,6,Trapani,30-44,Driver,2,2,2,0,0
2024,6,Trapani,30-44,Passenger,4,3,0,3,0
2024,6,Trapani,45-54,Driver,1,1,0,1,0
2024,6,Trapani,55-59,Driver,1,1,1,0,0
2024,6,Trapani,55-59,Passenger,1,1,0,1,0
2024,6,Trapani,60-64,Driver,2,2,0,2,0
2024,6,Trapani,65+,Passenger,1,1,0,1,0
2024,7,Trapani,20-24,Driver,1,0,0,0,0
2024,7,Trapani,25-29,Driver,2,2,0,2,0
2024,7,Trapani,45-54,Driver,2,2,0,2,0
2024,7,Trapani,45-54,Passenger,1,1,0,1,0
2024,8,Trapani,18-20,Pedestrian,1,0,0,0,0
2024,8,Trapani,20-24,Driver,2,2,1,1,0
2024,8,Trapani,25-29,Passenger,2,2,2,0,0
2024,8,Trapani,30-44,Driver,4,4,0,4,0
2024,8,Trapani,30-44,Pedestrian,1,1,0,1,0
2024,8,Trapani,45-54,Driver,3,3,2,1,0
2024,8,Trapani,55-59,Driver,1,1,0,1,0
2024,8,Trapani,55-59,Pedestrian,1,0,0,0,0
2024,9,Trapani,18-20,Pedestrian,1,1,0,1,0
2024,9,Trapani,20-24,Driver,2,2,0,2,0
2024,9,Trapani,20-24,Passenger,2,1,0,1,0
2024,9,Trapani,25-29,Driver,3,2,0,2,0
2024,9,Trapani,30-44,Driver,2,2,1,1,0
2024,9,Trapani,45-54,Driver,5,3,0,3,0
2024,9,Trapani,55-59,Passenger,1,1,0,1,0
2024,10,Trapani,18-20,Driver,1,1,0,1,0
2024,10,Trapani,20-24,Driver,2,2,0,2,0
2024,10,Trapani,20-24,Passenger,1,1,0,1,1
2024,10,Trapani,25-29,Driver,5,5,1,4,0
2024,10,Trapani,25-29,Passenger,1,1,0,1,0
2024,10,Trapani,30-44,Driver,5,5,4,1,0
2024,10,Trapani,45-54,Driver,2,2,1,1,0
2024,10,Trapani,55-59,Passenger,1,0,0,0,0
2024,10,Trapani,65+,Driver,1,1,0,1,0
2024,11,Trapani,18-20,Driver,4,4,1,3,0
2024,11,Trapani,18-20,Pedestrian,1,1,0,1,0
2024,11,Trapani,20-24,Driver,3,2,0,2,0
2024,11,Trapani,20-24,Pedestrian,1,1,0,1,0
2024,11,Trapani,25-29,Driver,3,3,0,3,0
2024,11,Trapani,30-44,Driver,3,2,0,2,0
2024,11,Trapani,30-44,Passenger,2,2,0,2,0
2024,11,Trapani,45-54,Driver,2,2,0,2,0
2024,11,Trapani,45-54,Passenger,1,1,0,1,0
2024,11,Trapani,55-59,Driver,2,2,1,1,0
2024,11,Trapani,55-59,Passenger,1,1,0,1,0
2024,11,Trapani,65+,Driver,1,1,0,1,0
2024,12,Trapani,18-20,Driver,1,1,1,0,0
2024,12,Trapani,20-24,Driver,1,1,0,1,0
2024,12,Trapani,25-29,Driver,1,1,0,1,0
2024,12,Trapani,25-29,Pedestrian,1,1,0,1,0
2024,12,Trapani,30-44,Driver,1,0,0,0,0
2024,12,Trapani,30-44,Passenger,1,1,0,1,0
2024,12,Trapani,45-54,Passenger,1,1,0,1,0
2024,12,Trapani,55-59,Pedestrian,2,1,0,1,0
2024,12,Trapani,60-64,Driver,2,2,0,2,0
2024,12,Trapani,65+,Driver,2,1,0,1,0
2024,1,Trento,20-24,Driver,1,1,0,1,0
2024,1,Trento,30-44,Driver,1,1,0,1,0
2024,1,Trento,45-54,Driver,2,1,1,0,0
2024,1,Trento,55-59,Driver,1,1,0,1,0
2024,1,Trento,60-64,Pedestrian,1,0,0,0,0
2024,2,Trento,18-20,Driver,6,5,0,5,0
2024,2,Trento,20-24,Driver,1,1,0,1,0
2024,2,Trento,20-24,Passenger,1,1,0,1,0
2024,2,Trento,25-29,Driver,4,3,2,1,0
2024,2,Trento,25-29,Passenger,1,0,0,0,0
2024,2,Trento,30-44,Driver,8,3,0,3,0
2024,2,Trento,30-44,Passenger,2,2,0,2,0
2024,2,Trento,30-44,Pedestrian,1,1,0,1,0
2024,2,Trento,45-54,Driver,9,7,3,4,0
2024,2,Trento,45-54,Passenger,2,2,0,2,0
2024,2,Trento,45-54,Pedestrian,1,0,0,0,0
2024,2,Trento,55-59,Driver,1,1,0,1,0
2024,2,Trento,60-64,Driver,3,2,0,2,0
2024,2,Trento,65+,Passenger,2,2,0,2,1
2024,3,Trento,18-20,Driver,4,4,1,3,0
2024,3,Trento,18-20,Passenger,1,1,1,0,0
2024,3,Trento,18-20,Pedestrian,1,1,0,1,0
2024,3,Trento,20-24,Driver,2,2,0,2,0
2024,3,Trento,25-29,Driver,4,4,0,4,0
2024,3,Trento,25-29,Passenger,1,1,0,1,0
2024,3,Trento,30-44,Driver,6,5,3,2,0
2024,3,Trento,30-44,Passenger,2,2,0,2,0
2024,3,Trento,45-54,Driver,5,4,1,3,0
2024,3,Trento,45-54,Passenger,3,2,1,1,0
2024,3,Trento,55-59,Driver,3,1,0,1,0
2024,3,Trento,55-59,Passenger,2,2,1,1,1
2024,3,Trento,55-59,Pedestrian,1,1,0,1,0
2024,3,Trento,60-64,Driver,1,0,0,0,0
2024,3,Trento,60-64,Passenger,1,1,0,1,0
2024,3,Trento,65+,Driver,2,2,0,2,0
2024,3,Trento,65+,Pedestrian,1,1,0,1,0
2024,4,Trento,18-20,Driver,1,1,0,1,0
2024,4,Trento,20-24,Driver,1,1,0,1,0
2024,4,Trento,30-44,Driver,3,3,0,3,1
2024,4,Trento,45-54,Driver,3,1,0,1,0
2024,4,Trento,60-64,Driver,1,1,0,1,0
2024,5,Trento,18-20,Driver,1,1,0,1,0
2024,5,Trento,20-24,Driver,1,1,0,1,0
2024,5,Trento,25-29,Driver,1,1,0,1,0
2024,5,Trento,30-44,Driver,2,1,0,1,0
2024,5,Trento,30-44,Passenger,2,0,0,0,0
2024,5,Trento,45-54,Driver,4,4,2,2,0
2024,5,Trento,45-54,Passenger,1,1,0,1,0
2024,5,Trento,55-59,Driver,3,3,0,3,0
2024,5,Trento,60-64,Driver,2,2,0,2,0
2024,5,Trento,60-64,Passenger,2,0,0,0,0
2024,5,Trento,60-64,Pedestrian,1,1,1,0,0
2024,6,Trento,20-24,Driver,1,1,0,1,0
2024,6,Trento,20-24,Passenger,1,1,1,0,0
2024,6,Trento,25-29,Driver,2,2,0,2,0
2024,6,Trento,30-44,Driver,1,1,0,1,0
2024,6,Trento,30-44,Passenger,3,3,1,2,0
2024,6,Trento,30-44,Pedestrian,2,2,0,2,0
2024,6,Trento,45-54,Driver,2,2,0,2,0
2024,6,Trento,45-54,Passenger,1,1,0,1,0
2024,6,Trento,55-59,Driver,1,1,0,1,0
2024,6,Trento,55-59,Passenger,1,1,0,1,0
2024,6,Trento,60-64,Driver,1,0,0,0,0
2024,7,Trento,18-20,Driver,1,1,0,1,0
2024,7,Trento,18-20,Passenger,1,1,1,0,0
2024,7,Trento,20-24,Driver,1,1,0,1,0
2024,7,Trento,20-24,Passenger,1,1,0,1,0
2024,7,Trento,20-24,Pedestrian,1,1,0,1,0
2024,7,Trento,25-29,Driver,1,0,0,0,0
2024,7,Trento,30-44,Driver,4,2,0,2,0
2024,7,Trento,30-44,Passenger,2,2,0,2,0
2024,7,Trento,45-54,Driver,2,1,0,1,0
2024,7,Trento,45-54,Pedestrian,1,0,0,0,0
2024,7,Trento,55-59,Driver,2,2,1,1,0
2024,7,Trento,55-59,Passenger,1,1,0,1,0
2024,7,Trento,55-59,Pedestrian,1,1,1,0,0
2024,7,Trento,60-64,Driver,2,1,0,1,0
2024,7,Trento,60-64,Passenger,1,0,0,0,0
2024,7,Trento,65+,Driver,1,0,0,0,0
2024,8,Trento,20-24,Driver,1,1,1,0,0
2024,8,Trento,25-29,Driver,1,1,1,0,1
2024,8,Trento,25-29,Pedestrian,1,1,0,1,0
2024,8,Trento,30-44,Driver,3,3,1,2,0
2024,8,Trento,30-44,Pedestrian,1,1,0,1,0
2024,8,Trento,45-54,Driver,1,1,0,1,0
2024,8,Trento,45-54,Passenger,1,1,0,1,0
2024,9,Trento,20-24,Driver,3,1,0,1,0
2024,9,Trento,25-29,Driver,1,1,0,1,0
2024,9,Trento,25-29,Pedestrian,3,3,0,3,0
2024,9,Trento,30-44,Driver,5,3,1,2,0
2024,9,Trento,30-44,Passenger,1,0,0,0,0
2024,9,Trento,30-44,Pedestrian,1,0,0,0,0
2024,9,Trento,45-54,Driver,5,5,0,5,0
2024,9,Trento,45-54,Passenger,2,2,0,2,0
2024,9,Trento,55-59,Driver,1,1,0,1,0
2024,9,Trento,55-59,Pedestrian,1,1,0,1,0
2024,9,Trento,60-64,Driver,1,0,0,0,0
2024,9,Trento,65+,Passenger,1,0,0,0,0
2024,10,Trento,20-24,Driver,2,2,1,1,0
2024,10,Trento,25-29,Passenger,1,1,0,1,0
2024,10,Trento,30-44,Driver,2,2,0,2,0
2024,10,Trento,30-44,Passenger,1,1,0,1,0
2024,10,Trento,30-44,Pedestrian,1,1,0,1,0
2024,10,Trento,45-54,Driver,1,1,1,0,0
2024,10,Trento,55-59,Driver,2,0,0,0,0
2024,10,Trento,60-64,Pedestrian,1,0,0,0,0
2024,10,Trento,65+,Passenger,1,1,0,1,0
2024,11,Trento,18-20,Driver,2,1,0,1,0
2024,11,Trento,20-24,Passenger,1,1,0,1,0
2024,11,Trento,25-29,Driver,1,1,0,1,0
2024,11,Trento,30-44,Driver,2,2,1,1,0
2024,11,Trento,45-54,Driver,2,1,0,1,0
2024,11,Trento,45-54,Pedestrian,1,0,0,0,0
2024,11,Trento,55-59,Passenger,1,1,0,1,0
2024,12,Trento,18-20,Passenger,2,1,0,1,0
2024,12,Trento,20-24,Driver,1,0,0,0,0
2024,12,Trento,25-29,Driver,3,2,0,2,0
2024,12,Trento,25-29,Pedestrian,1,0,0,0,0
2024,12,Trento,30-44,Driver,6,5,0,5,0
2024,12,Trento,30-44,Passenger,1,1,1,0,0
2024,12,Trento,45-54,Driver,2,2,1,1,0
2024,12,Trento,45-54,Passenger,2,2,0,2,0
2024,12,Trento,55-59,Driver,2,2,0,2,0
2024,12,Trento,55-59,Passenger,2,1,1,0,0
2024,12,Trento,60-64,Driver,1,1,1,0,0
2024,12,Trento,60-64,Passenger,1,1,0,1,0
2024,12,Trento,65+,Driver,2,1,0,1,0
2024,12,Trento,65+,Passenger,2,2,0,2,0
2024,1,Treviso,18-20,Driver,2,1,1,0,0
2024,1,Treviso,20-24,Driver,3,3,0,3,0
2024,1,Treviso,20-24,Passenger,1,1,0,1,0
2024,1,Treviso,25-29,Driver,4,3,0,3,0
2024,1,Treviso,25-29,Passenger,1,1,0,1,0
2024,1,Treviso,30-44,Driver,4,2,1,1,0
2024,1,Treviso,30-44,Passenger,3,3,0,3,0
2024,1,Treviso,30-44,Pedestrian,1,1,0,1,0
2024,1,Treviso,45-54,Driver,1,1,0,1,0
2024,1,Treviso,45-54,Passenger,1,1,0,1,0
2024,1,Treviso,55-59,Driver,1,1,0,1,0
2024,1,Treviso,55-59,Passenger,1,1,0,1,0
2024,1,Treviso,60-64,Driver,1,0,0,0,0
2024,1,Treviso,60-64,Passenger,1,1,0,1,0
2024,1,Treviso,65+,Driver,3,2,0,2,0
2024,1,Treviso,65+,Passenger,2,2,1,1,0
2024,1,Treviso,65+,Pedestrian,1,1,0,1,0
2024,2,Treviso,18-20,Driver,1,0,0,0,0
2024,2,Treviso,18-20,Passenger,2,1,0,1,0
2024,2,Treviso,18-20,Pedestrian,1,1,0,1,0
2024,2,Treviso,20-24,Driver,1,1,0,1,0
2024,2,Treviso,20-24,Pedestrian,1,1,1,0,0
2024,2,Treviso,25-29,Driver,2,2,1,1,0
2024,2,Treviso,30-44,Driver,1,1,0,1,0
2024,2,Treviso,30-44,Passenger,3,2,0,2,0
2024,2,Treviso,45-54,Driver,3,3,1,2,0
2024,2,Treviso,45-54,Passenger,1,1,0,1,0
2024,2,Treviso,45-54,Pedestrian,1,0,0,0,0
2024,2,Treviso,55-59,Driver,1,1,0,1,0
2024,3,Treviso,18-20,Driver,1,0,0,0,0
2024,3,Treviso,18-20,Passenger,1,0,0,0,0
2024,3,Treviso,20-24,Driver,5,4,0,4,0
2024,3,Treviso,20-24,Passenger,2,1,0,1,0
2024,3,Treviso,25-29,Driver,4,3,0,3,0
2024,3,Treviso,30-44,Driver,6,6,1,5,0
2024,3,Treviso,30-44,Passenger,1,0,0,0,0
2024,3,Treviso,30-44,Pedestrian,3,2,0,2,0
2024,3,Treviso,45-54,Driver,5,5,1,4,0
2024,3,Treviso,45-54,Passenger,1,1,0,1,0
2024,3,Treviso,45-54,Pedestrian,1,0,0,0,0
2024,3,Treviso,55-59,Driver,4,3,1,2,0
2024,3,Treviso,60-64,Driver,3,3,0,3,0
2024,3,Treviso,65+,Passenger,1,0,0,0,0
2024,3,Treviso,65+,Pedestrian,2,2,0,2,0
2024,4,Treviso,18-20,Driver,2,2,0,2,0
2024,4,Treviso,18-20,Passenger,1,1,0,1,0
2024,4,Treviso,20-24,Driver,2,1,0,1,0
2024,4,Treviso,20-24,Passenger,1,1,0,1,0
2024,4,Treviso,25-29,Driver,4,3,0,3,0
2024,4,Treviso,25-29,Passenger,1,0,0,0,0
2024,4,Treviso,30-44,Driver,4,3,1,2,0
2024,4,Treviso,30-44,Passenger,3,2,1,1,0
2024,4,Treviso,30-44,Pedestrian,1,1,0,1,0
2024,4,Treviso,45-54,Driver,5,3,1,2,0
2024,4,Treviso,45-54,Passenger,2,2,1,1,0
2024,4,Treviso,45-54,Pedestrian,1,0,0,0,0
2024,4,Treviso,55-59,Driver,5,4,0,4,0
2024,4,Treviso,55-59,Pedestrian,1,1,0,1,0
2024,4,Treviso,60-64,Driver,1,1,0,1,0
2024,4,Treviso,65+,Driver,2,2,1,1,0
2024,5,Treviso,55-59,Pedestrian,1,1,0,1,0
2024,6,Treviso,18-20,Driver,2,1,0,1,0
2024,6,Treviso,18-20,Passenger,1,0,0,0,0
2024,6,Treviso,20-24,Driver,6,6,0,6,0
2024,6,Treviso,20-24,Passenger,1,1,0,1,0
2024,6,Treviso,25-29,Driver,4,4,1,3,0
2024,6,Treviso,25-29,Passenger,2,2,1,1,0
2024,6,Treviso,30-44,Driver,13,10,5,5,0
2024,6,Treviso,45-54,Driver,12,10,2,8,0
2024,6,Treviso,45-54,Pedestrian,1,0,0,0,0
2024,6,Treviso,55-59,Driver,2,2,0,2,0
2024,6,Treviso,60-64,Driver,3,3,1,2,0
2024,7,Treviso,18-20,Driver,4,4,1,3,0
2024,7,Treviso,18-20,Passenger,3,2,1,1,0
2024,7,Treviso,20-24,Driver,5,5,1,4,0
2024,7,Treviso,20-24,Passenger,5,4,0,4,0
2024,7,Treviso,25-29,Driver,2,2,0,2,0
2024,7,Treviso,25-29,Passenger,1,0,0,0,0
2024,7,Treviso,30-44,Driver,2,2,1,1,0
2024,7,Treviso,30-44,Passenger,3,3,2,1,0
2024,7,Treviso,45-54,Driver,3,3,0,3,0
2024,7,Treviso,45-54,Passenger,1,1,0,1,0
2024,7,Treviso,55-59,Driver,5,5,2,3,0
2024,7,Treviso,55-59,Passenger,3,3,0,3,0
2024,7,Treviso,55-59,Pedestrian,1,0,0,0,0
2024,7,Treviso,60-64,Passenger,2,2,0,2,0
2024,7,Treviso,60-64,Pedestrian,1,1,0,1,0
2024,7,Treviso,65+,Driver,1,1,1,0,0
2024,7,Treviso,65+,Passenger,1,1,0,1,0
2024,8,Treviso,18-20,Driver,2,2,0,2,0
2024,8,Treviso,20-24,Passenger,1,1,1,0,0
2024,8,Treviso,20-24,Pedestrian,1,1,0,1,0
2024,8,Treviso,25-29,Driver,4,3,0,3,0
2024,8,Treviso,30-44,Driver,1,1,0,1,0
2024,8,Treviso,45-54,Driver,4,4,1,3,0
2024,8,Treviso,45-54,Passenger,1,1,0,1,0
2024,8,Treviso,55-59,Driver,1,1,0,1,0
2024,8,Treviso,60-64,Driver,1,1,0,1,0
2024,8,Treviso,65+,Driver,1,1,1,0,0
2024,8,Treviso,65+,Pedestrian,1,1,0,1,0
2024,9,Treviso,20-24,Driver,1,1,0,1,0
2024,9,Treviso,25-29,Passenger,2,2,1,1,0
2024,9,Treviso,25-29,Pedestrian,1,1,0,1,0
2024,9,Treviso,30-44,Driver,3,2,0,2,0
2024,9,Treviso,30-44,Passenger,1,1,0,1,0
2024,9,Treviso,45-54,Driver,4,3,1,2,0
2024,9,Treviso,55-59,Driver,1,1,1,0,0
2024,9,Treviso,60-64,Driver,1,1,0,1,0
2024,9,Treviso,60-64,Passenger,1,1,0,1,0
2024,9,Treviso,65+,Driver,1,1,0,1,0
2024,10,Treviso,18-20,Driver,2,2,1,1,0
2024,10,Treviso,18-20,Pedestrian,1,1,0,1,0
2024,10,Treviso,20-24,Driver,4,4,0,4,0
2024,10,Treviso,20-24,Passenger,2,2,0,2,0
2024,10,Treviso,20-24,Pedestrian,1,1,1,0,0
2024,10,Treviso,25-29,Driver,3,0,0,0,0
2024,10,Treviso,25-29,Passenger,2,2,1,1,1
2024,10,Treviso,30-44,Driver,9,7,2,5,1
2024,10,Treviso,45-54,Driver,12,11,4,7,0
2024,10,Treviso,45-54,Passenger,3,3,0,3,0
2024,10,Treviso,55-59,Driver,4,4,2,2,0
2024,10,Treviso,55-59,Passenger,2,2,0,2,0
2024,10,Treviso,60-64,Driver,7,5,1,4,0
2024,10,Treviso,60-64,Pedestrian,2,1,0,1,0
2024,10,Treviso,65+,Driver,4,4,0,4,1
2024,10,Treviso,65+,Passenger,2,2,0,2,0
2024,11,Treviso,18-20,Driver,1,1,0,1,0
2024,11,Treviso,20-24,Driver,1,1,1,0,0
2024,11,Treviso,25-29,Driver,1,1,1,0,0
2024,11,Treviso,30-44,Driver,4,3,1,2,0
2024,11,Treviso,30-44,Passenger,2,2,0,2,1
2024,11,Treviso,45-54,Driver,1,1,0,1,0
2024,11,Treviso,45-54,Passenger,1,1,0,1,0
2024,11,Treviso,45-54,Pedestrian,1,0,0,0,0
2024,11,Treviso,55-59,Driver,2,2,1,1,0
2024,11,Treviso,60-64,Driver,2,1,0,1,0
2024,11,Treviso,60-64,Passenger,1,1,0,1,0
2024,11,Treviso,65+,Driver,1,1,0,1,0
2024,12,Treviso,25-29,Driver,1,0,0,0,0
2024,12,Treviso,30-44,Driver,1,1,0,1,0
2024,12,Treviso,45-54,Passenger,1,0,0,0,0
2024,1,Trieste,18-20,Driver,1,1,1,0,0
2024,1,Trieste,18-20,Passenger,1,1,0,1,0
2024,1,Trieste,18-20,Pedestrian,1,1,0,1,0
2024,1,Trieste,20-24,Driver,3,2,0,2,0
2024,1,Trieste,20-24,Passenger,2,1,0,1,0
2024,1,Trieste,25-29,Driver,1,0,0,0,0
2024,1,Trieste,25-29,Pedestrian,1,0,0,0,0
2024,1,Trieste,30-44,Driver,5,3,0,3,0
2024,1,Trieste,30-44,Passenger,3,3,0,3,0
2024,1,Trieste,45-54,Driver,2,2,0,2,0
2024,1,Trieste,45-54,Passenger,3,2,0,2,0
2024,1,Trieste,55-59,Driver,1,1,0,1,0
2024,1,Trieste,60-64,Pedestrian,1,1,0,1,0
2024,2,Trieste,18-20,Driver,1,0,0,0,0
2024,2,Trieste,25-29,Driver,2,2,0,2,0
2024,2,Trieste,30-44,Driver,2,1,0,1,0
2024,2,Trieste,30-44,Passenger,1,1,0,1,0
2024,2,Trieste,30-44,Pedestrian,1,1,0,1,0
2024,2,Trieste,45-54,Driver,4,3,0,3,0
2024,2,Trieste,45-54,Passenger,1,1,0,1,0
2024,2,Trieste,55-59,Driver,1,1,0,1,0
2024,2,Trieste,60-64,Passenger,1,1,0,1,0
2024,2,Trieste,65+,Driver,1,1,0,1,0
2024,2,Trieste,65+,Passenger,1,0,0,0,0
2024,3,Trieste,18-20,Driver,3,2,0,2,0
2024,3,Trieste,18-20,Passenger,1,0,0,0,0
2024,3,Trieste,20-24,Passenger,1,1,0,1,0
2024,3,Trieste,30-44,Driver,1,1,1,0,0
2024,3,Trieste,30-44,Passenger,1,0,0,0,0
2024,3,Trieste,45-54,Driver,1,1,1,0,0
2024,3,Trieste,60-64,Driver,2,2,1,1,0
2024,3,Trieste,65+,Passenger,1,1,1,0,0
2024,4,Trieste,18-20,Driver,2,2,0,2,0
2024,4,Trieste,18-20,Passenger,1,1,0,1,0
2024,4,Trieste,18-20,Pedestrian,1,1,0,1,0
2024,4,Trieste,20-24,Driver,6,5,1,4,0
2024,4,Trieste,20-24,Passenger,3,2,0,2,0
2024,4,Trieste,25-29,Driver,5,5,0,5,0
2024,4,Trieste,30-44,Driver,9,8,1,7,1
2024,4,Trieste,30-44,Passenger,3,3,1,2,0
2024,4,Trieste,45-54,Driver,2,2,0,2,0
2024,4,Trieste,45-54,Passenger,2,2,0,2,0
2024,4,Trieste,55-59,Driver,1,1,0,1,0
2024,4,Trieste,55-59,Passenger,2,2,1,1,0
2024,4,Trieste,60-64,Driver,3,2,1,1,0
2024,4,Trieste,60-64,Passenger,2,2,1,1,0
2024,4,Trieste,65+,Driver,1,0,0,0,0
2024,5,Trieste,18-20,Driver,1,1,0,1,0
2024,5,Trieste,18-20,Pedestrian,1,1,0,1,0
2024,5,Trieste,30-44,Driver,2,2,0,2,0
2024,5,Trieste,45-54,Driver,2,2,0,2,0
2024,5,Trieste,55-59,Driver,1,1,0,1,0
2024,5,Trieste,65+,Driver,1,0,0,0,0
2024,6,Trieste,18-20,Driver,1,1,0,1,0
2024,6,Trieste,20-24,Driver,3,3,0,3,0
2024,6,Trieste,20-24,Passenger,1,0,0,0,0
2024,6,Trieste,25-29,Driver,3,3,0,3,0
2024,6,Trieste,30-44,Driver,4,4,0,4,0
2024,6,Trieste,30-44,Passenger,3,3,0,3,0
2024,6,Trieste,45-54,Driver,3,3,0,3,0
2024,6,Trieste,55-59,Driver,2,2,1,1,0
2024,6,Trieste,60-64,Passenger,1,1,0,1,0
2024,6,Trieste,60-64,Pedestrian,1,1,0,1,0
2024,6,Trieste,65+,Passenger,1,1,0,1,0
2024,7,Trieste,18-20,Driver,1,1,0,1,0
2024,7,Trieste,18-20,Pedestrian,1,1,0,1,0
2024,7,Trieste,20-24,Driver,1,1,0,1,0
2024,7,Trieste,25-29,Driver,1,1,0,1,0
2024,7,Trieste,25-29,Passenger,1,1,0,1,0
2024,7,Trieste,30-44,Driver,3,2,0,2,0
2024,7,Trieste,45-54,Driver,1,1,1,0,0
2024,7,Trieste,45-54,Pedestrian,1,1,0,1,0
2024,7,Trieste,55-59,Driver,3,2,1,1,0
2024,8,Trieste,25-29,Driver,2,2,0,2,0
2024,8,Trieste,30-44,Driver,1,1,1,0,0
2024,9,Trieste,18-20,Driver,2,2,1,1,0
2024,9,Trieste,18-20,Passenger,2,1,0,1,0
2024,9,Trieste,20-24,Driver,1,0,0,0,0
2024,9,Trieste,20-24,Pedestrian,1,1,1,0,0
2024,9,Trieste,30-44,Driver,3,3,0,3,0
2024,9,Trieste,45-54,Driver,2,1,0,1,0
2024,9,Trieste,55-59,Driver,1,1,0,1,0
2024,9,Trieste,60-64,Driver,2,2,0,2,0
2024,9,Trieste,65+,Driver,2,2,0,2,0
2024,10,Trieste,18-20,Driver,1,1,0,1,0
2024,10,Trieste,18-20,Passenger,1,1,0,1,0
2024,10,Trieste,20-24,Driver,4,3,0,3,0
2024,10,Trieste,20-24,Passenger,1,1,0,1,0
2024,10,Trieste,20-24,Pedestrian,1,1,0,1,0
2024,10,Trieste,25-29,Driver,2,1,0,1,0
2024,10,Trieste,25-29,Passenger,2,2,0,2,0
2024,10,Trieste,30-44,Driver,8,7,4,3,0
2024,10,Trieste,30-44,Passenger,1,1,0,1,0
2024,10,Trieste,45-54,Driver,1,1,0,1,0
2024,10,Trieste,55-59,Driver,1,1,0,1,0
2024,11,Trieste,18-20,Driver,1,1,0,1,0
2024,11,Trieste,18-20,Pedestrian,1,1,0,1,0
2024,11,Trieste,25-29,Driver,1,1,1,0,0
2024,11,Trieste,25-29,Passenger,2,0,0,0,0
2024,11,Trieste,30-44,Driver,4,4,0,4,0
2024,11,Trieste,30-44,Passenger,1,1,0,1,0
2024,11,Trieste,45-54,Driver,2,2,0,2,0
2024,11,Trieste,55-59,Pedestrian,1,1,0,1,0
2024,12,Trieste,18-20,Driver,2,2,0,2,0
2024,12,Trieste,20-24,Driver,2,2,1,1,0
2024,12,Trieste,20-24,Passenger,4,3,1,2,0
2024,12,Trieste,25-29,Driver,1,1,1,0,0
2024,12,Trieste,30-44,Driver,4,3,0,3,0
2024,12,Trieste,30-44,Pedestrian,1,1,1,0,0
2024,12,Trieste,45-54,Driver,5,4,1,3,0
2024,12,Trieste,45-54,Passenger,2,1,0,1,0
2024,12,Trieste,55-59,Driver,1,1,0,1,0
2024,12,Trieste,55-59,Pedestrian,1,1,1,0,0
2024,12,Trieste,60-64,Driver,2,2,0,2,0
2024,12,Trieste,65+,Driver,1,0,0,0,0
2024,12,Trieste,65+,Passenger,1,0,0,0,0
2024,1,Udine,18-20,Driver,1,1,0,1,1
2024,1,Udine,18-20,Passenger,1,1,1,0,0
2024,1,Udine,20-24,Driver,5,4,0,4,0
2024,1,Udine,20-24,Passenger,1,1,0,1,0
2024,1,Udine,25-29,Driver,3,2,0,2,0
2024,1,Udine,25-29,Passenger,2,2,0,2,0
2024,1,Udine,25-29,Pedestrian,1,1,1,0,0
2024,1,Udine,30-44,Driver,1,0,0,0,0
2024,1,Udine,30-44,Passenger,1,1,0,1,0
2024,1,Udine,30-44,Pedestrian,1,1,1,0,0
2024,1,Udine,45-54,Driver,1,1,0,1,0
2024,1,Udine,45-54,Passenger,2,2,0,2,0
2024,1,Udine,55-59,Driver,1,1,0,1,0
2024,1,Udine,60-64,Driver,1,1,0,1,0
2024,1,Udine,60-64,Passenger,1,1,0,1,0
2024,2,Udine,18-20,Pedestrian,1,1,1,0,0
2024,2,Udine,20-24,Driver,1,1,0,1,0
2024,2,Udine,25-29,Driver,1,1,0,1,0
2024,2,Udine,45-54,Driver,3,2,0,2,0
2024,2,Udine,55-59,Driver,1,1,0,1,0
2024,2,Udine,55-59,Pedestrian,1,1,0,1,0
2024,2,Udine,60-64,Driver,1,1,0,1,0
2024,3,Udine,18-20,Driver,5,4,0,4,0
2024,3,Udine,18-20,Passenger,1,1,0,1,0
2024,3,Udine,20-24,Driver,1,1,0,1,0
2024,3,Udine,20-24,Passenger,3,3,1,2,0
2024,3,Udine,20-24,Pedestrian,1,1,0,1,0
2024,3,Udine,25-29,Driver,1,1,0,1,0
2024,3,Udine,25-29,Passenger,1,1,0,1,0
2024,3,Udine,30-44,Driver,6,6,0,6,0
2024,3,Udine,30-44,Passenger,3,3,0,3,0
2024,3,Udine,45-54,Driver,7,5,2,3,0
2024,3,Udine,45-54,Passenger,3,3,0,3,0
2024,3,Udine,55-59,Driver,4,3,0,3,0
2024,3,Udine,55-59,Passenger,1,1,0,1,0
2024,3,Udine,55-59,Pedestrian,1,1,1,0,0
2024,3,Udine,60-64,Driver,1,1,0,1,0
2024,3,Udine,60-64,Pedestrian,1,1,0,1,0
2024,3,Udine,65+,Driver,5,4,2,2,0
2024,3,Udine,65+,Passenger,1,1,0,1,0
2024,4,Udine,18-20,Driver,1,1,0,1,0
2024,4,Udine,20-24,Driver,4,2,0,2,0
2024,4,Udine,20-24,Pedestrian,1,1,0,1,0
2024,4,Udine,25-29,Driver,2,2,0,2,0
2024,4,Udine,30-44,Driver,5,5,1,4,0
2024,4,Udine,30-44,Pedestrian,1,1,0,1,0
2024,4,Udine,45-54,Driver,1,1,1,0,0
2024,4,Udine,45-54,Passenger,1,0,0,0,0
2024,4,Udine,55-59,Driver,4,4,0,4,0
2024,4,Udine,60-64,Passenger,1,1,1,0,0
2024,4,Udine,65+,Driver,1,1,0,1,0
2024,5,Udine,18-20,Driver,3,3,0,3,0
2024,5,Udine,20-24,Driver,1,1,1,0,0
2024,5,Udine,20-24,Pedestrian,1,1,1,0,0
2024,5,Udine,25-29,Driver,2,1,0,1,0
2024,5,Udine,25-29,Passenger,3,3,1,2,0
2024,5,Udine,30-44,Driver,1,1,0,1,0
2024,5,Udine,30-44,Passenger,3,3,1,2,1
2024,5,Udine,45-54,Driver,2,1,0,1,0
2024,5,Udine,45-54,Passenger,2,1,0,1,0
2024,5,Udine,55-59,Driver,2,2,2,0,0
2024,5,Udine,55-59,Passenger,2,2,0,2,0
2024,5,Udine,60-64,Pedestrian,1,1,0,1,0
2024,5,Udine,65+,Driver,1,1,1,0,0
2024,5,Udine,65+,Passenger,1,1,0,1,0
2024,6,Udine,18-20,Driver,4,4,1,3,0
2024,6,Udine,18-20,Passenger,2,2,1,1,0
2024,6,Udine,20-24,Driver,5,3,0,3,0
2024,6,Udine,20-24,Passenger,1,1,0,1,0
2024,6,Udine,20-24,Pedestrian,1,1,0,1,0
2024,6,Udine,25-29,Driver,3,3,0,3,0
2024,6,Udine,25-29,Passenger,1,1,0,1,0
2024,6,Udine,30-44,Driver,6,6,2,4,0
2024,6,Udine,30-44,Pedestrian,2,2,0,2,0
2024,6,Udine,45-54,Driver,9,7,1,6,0
2024,6,Udine,45-54,Passenger,4,3,1,2,0
2024,6,Udine,45-54,Pedestrian,1,1,0,1,0
2024,6,Udine,55-59,Driver,5,3,1,2,0
2024,6,Udine,55-59,Passenger,1,1,1,0,0
2024,6,Udine,55-59,Pedestrian,1,1,0,1,0
2024,6,Udine,60-64,Driver,1,0,0,0,0
2024,6,Udine,60-64,Passenger,5,5,2,3,0
2024,6,Udine,60-64,Pedestrian,1,1,0,1,0
2024,6,Udine,65+,Driver,1,0,0,0,0
2024,7,Udine,18-20,Driver,3,3,1,2,0
2024,7,Udine,20-24,Driver,3,3,0,3,0
2024,7,Udine,20-24,Passenger,2,2,0,2,0
2024,7,Udine,20-24,Pedestrian,1,1,0,1,0
2024,7,Udine,30-44,Driver,8,7,2,5,0
2024,7,Udine,30-44,Passenger,4,3,0,3,0
2024,7,Udine,45-54,Driver,6,6,1,5,0
2024,7,Udine,45-54,Passenger,3,3,1,2,0
2024,7,Udine,55-59,Driver,2,2,0,2,0
2024,7,Udine,55-59,Passenger,2,2,0,2,0
2024,7,Udine,60-64,Passenger,2,2,0,2,0
2024,7,Udine,65+,Driver,2,2,0,2,1
2024,7,Udine,65+,Passenger,1,1,0,1,0
2024,8,Udine,18-20,Driver,1,1,0,1,0
2024,8,Udine,18-20,Passenger,1,0,0,0,0
2024,8,Udine,18-20,Pedestrian,1,1,1,0,0
2024,8,Udine,20-24,Driver,1,0,0,0,0
2024,8,Udine,20-24,Passenger,1,0,0,0,0
2024,8,Udine,20-24,Pedestrian,1,1,0,1,0
2024,8,Udine,25-29,Driver,1,1,0,1,0
2024,8,Udine,25-29,Passenger,1,1,0,1,0
2024,8,Udine,30-44,Driver,6,6,0,6,0
2024,8,Udine,30-44,Passenger,5,5,2,3,0
2024,8,Udine,45-54,Driver,7,6,0,6,0
2024,8,Udine,45-54,Passenger,1,1,0,1,0
2024,8,Udine,55-59,Driver,3,3,1,2,0
2024,8,Udine,60-64,Driver,2,2,0,2,1
2024,8,Udine,60-64,Passenger,1,1,0,1,0
2024,8,Udine,60-64,Pedestrian,1,0,0,0,0
2024,8,Udine,65+,Driver,2,2,0,2,0
2024,8,Udine,65+,Passenger,1,0,0,0,0
2024,9,Udine,18-20,Driver,1,0,0,0,0
2024,9,Udine,18-20,Passenger,2,2,0,2,0
2024,9,Udine,20-24,Driver,2,2,1,1,0
2024,9,Udine,20-24,Passenger,2,1,0,1,0
2024,9,Udine,20-24,Pedestrian,2,2,0,2,0
2024,9,Udine,25-29,Driver,2,2,0,2,0
2024,9,Udine,30-44,Driver,3,2,2,0,0
2024,9,Udine,30-44,Passenger,1,1,0,1,0
2024,9,Udine,45-54,Driver,2,2,0,2,0
2024,9,Udine,45-54,Passenger,2,1,0,1,0
2024,9,Udine,55-59,Driver,3,3,0,3,1
2024,9,Udine,60-64,Driver,1,1,0,1,0
2024,9,Udine,65+,Passenger,1,1,0,1,0
2024,10,Udine,18-20,Driver,2,1,0,1,0
2024,10,Udine,18-20,Pedestrian,1,1,1,0,0
2024,10,Udine,20-24,Driver,4,2,1,1,0
2024,10,Udine,25-29,Driver,2,1,1,0,0
2024,10,Udine,25-29,Pedestrian,1,0,0,0,0
2024,10,Udine,30-44,Driver,5,5,0,5,1
2024,10,Udine,30-44,Passenger,2,2,1,1,0
2024,10,Udine,45-54,Driver,5,4,1,3,0
2024,10,Udine,45-54,Passenger,1,1,0,1,0
2024,10,Udine,55-59,Driver,1,1,0,1,0
2024,10,Udine,55-59,Passenger,1,1,1,0,0
2024,10,Udine,60-64,Driver,1,0,0,0,0
2024,10,Udine,60-64,Passenger,1,0,0,0,0
2024,10,Udine,65+,Driver,1,1,1,0,0
2024,11,Udine,18-20,Driver,3,2,0,2,0
2024,11,Udine,18-20,Pedestrian,1,1,0,1,0
2024,11,Udine,20-24,Driver,1,1,1,0,0
2024,11,Udine,20-24,Passenger,2,2,1,1,0
2024,11,Udine,30-44,Driver,3,3,0,3,0
2024,11,Udine,30-44,Passenger,2,2,0,2,0
2024,11,Udine,30-44,Pedestrian,1,1,1,0,0
2024,11,Udine,45-54,Driver,3,3,2,1,0
2024,11,Udine,60-64,Driver,2,2,0,2,0
2024,11,Udine,60-64,Pedestrian,1,1,1,0,0
2024,11,Udine,65+,Driver,1,1,1,0,0
2024,11,Udine,65+,Pedestrian,1,1,0,1,0
2024,12,Udine,18-20,Passenger,1,1,0,1,0
2024,12,Udine,25-29,Driver,1,1,1,0,0
2024,12,Udine,25-29,Passenger,2,2,1,1,0
2024,12,Udine,30-44,Driver,1,0,0,0,0
2024,12,Udine,30-44,Pedestrian,1,1,0,1,0
2024,12,Udine,65+,Driver,1,1,0,1,0
2024,1,Varese,18-20,Driver,4,3,1,2,0
2024,1,Varese,20-24,Driver,4,4,1,3,0
2024,1,Varese,20-24,Passenger,1,1,0,1,0
2024,1,Varese,25-29,Driver,7,6,1,5,0
2024,1,Varese,25-29,Passenger,1,0,0,0,0
2024,1,Varese,30-44,Driver,7,6,2,4,0
2024,1,Varese,30-44,Passenger,5,3,0,3,0
2024,1,Varese,45-54,Driver,9,7,1,6,1
2024,1,Varese,45-54,Passenger,2,1,0,1,0
2024,1,Varese,55-59,Driver,4,3,0,3,0
2024,1,Varese,55-59,Passenger,2,2,0,2,0
2024,1,Varese,60-64,Driver,3,0,0,0,0
2024,1,Varese,60-64,Passenger,1,1,0,1,0
2024,1,Varese,65+,Passenger,1,0,0,0,0
2024,2,Varese,18-20,Driver,3,3,1,2,0
2024,2,Varese,20-24,Driver,3,3,0,3,0
2024,2,Varese,20-24,Passenger,3,3,0,3,0
2024,2,Varese,25-29,Driver,2,2,0,2,0
2024,2,Varese,25-29,Passenger,1,1,0,1,0
2024,2,Varese,30-44,Driver,2,2,0,2,0
2024,2,Varese,30-44,Pedestrian,1,1,1,0,0
2024,2,Varese,45-54,Driver,7,6,0,6,0
2024,2,Varese,45-54,Passenger,1,0,0,0,0
2024,2,Varese,55-59,Driver,3,2,1,1,0
2024,2,Varese,55-59,Passenger,1,1,0,1,0
2024,2,Varese,60-64,Passenger,1,1,0,1,0
2024,2,Varese,65+,Driver,2,2,0,2,0
2024,3,Varese,18-20,Driver,3,2,0,2,0
2024,3,Varese,20-24,Driver,4,3,1,2,0
2024,3,Varese,20-24,Passenger,1,0,0,0,0
2024,3,Varese,20-24,Pedestrian,1,1,0,1,0
2024,3,Varese,25-29,Driver,3,3,0,3,0
2024,3,Varese,25-29,Passenger,2,1,0,1,0
2024,3,Varese,30-44,Driver,9,5,0,5,0
2024,3,Varese,30-44,Passenger,2,1,0,1,0
2024,3,Varese,30-44,Pedestrian,2,1,1,0,0
2024,3,Varese,45-54,Driver,4,3,0,3,0
2024,3,Varese,45-54,Passenger,5,5,1,4,0
2024,3,Varese,55-59,Driver,5,3,0,3,0
2024,3,Varese,55-59,Passenger,1,1,0,1,0
2024,3,Varese,60-64,Driver,1,1,0,1,0
2024,3,Varese,60-64,Pedestrian,1,1,1,0,0
2024,3,Varese,65+,Driver,1,1,0,1,0
2024,4,Varese,18-20,Driver,4,3,0,3,0
2024,4,Varese,20-24,Driver,2,2,1,1,0
2024,4,Varese,20-24,Passenger,3,3,2,1,0
2024,4,Varese,25-29,Driver,1,1,0,1,0
2024,4,Varese,25-29,Passenger,1,0,0,0,0
2024,4,Varese,30-44,Driver,5,4,1,3,0
2024,4,Varese,30-44,Passenger,3,3,1,2,0
2024,4,Varese,45-54,Driver,4,4,1,3,0
2024,4,Varese,45-54,Passenger,1,1,0,1,0
2024,4,Varese,45-54,Pedestrian,2,2,0,2,0
2024,4,Varese,60-64,Driver,1,1,0,1,0
2024,4,Varese,65+,Driver,2,2,0,2,0
2024,5,Varese,18-20,Passenger,1,1,0,1,0
2024,5,Varese,18-20,Pedestrian,1,1,0,1,0
2024,5,Varese,20-24,Driver,4,4,0,4,0
2024,5,Varese,20-24,Passenger,3,2,0,2,0
2024,5,Varese,20-24,Pedestrian,1,1,0,1,0
2024,5,Varese,25-29,Driver,1,1,0,1,0
2024,5,Varese,30-44,Driver,7,6,1,5,1
2024,5,Varese,30-44,Passenger,2,2,0,2,0
2024,5,Varese,30-44,Pedestrian,1,1,0,1,0
2024,5,Varese,45-54,Driver,6,2,1,1,0
2024,5,Varese,45-54,Passenger,2,2,1,1,0
2024,5,Varese,55-59,Driver,6,4,0,4,0
2024,5,Varese,55-59,Passenger,1,1,1,0,0
2024,6,Varese,18-20,Driver,2,2,0,2,0
2024,6,Varese,18-20,Pedestrian,1,1,0,1,0
2024,6,Varese,20-24,Driver,7,6,2,4,0
2024,6,Varese,25-29,Driver,4,4,1,3,0
2024,6,Varese,30-44,Driver,5,4,0,4,0
2024,6,Varese,30-44,Passenger,3,3,0,3,0
2024,6,Varese,45-54,Driver,8,6,1,5,0
2024,6,Varese,45-54,Passenger,2,2,0,2,0
2024,6,Varese,55-59,Driver,4,4,1,3,0
2024,6,Varese,55-59,Passenger,2,2,0,2,0
2024,6,Varese,55-59,Pedestrian,2,2,1,1,0
2024,6,Varese,60-64,Driver,2,2,0,2,0
2024,6,Varese,60-64,Passenger,1,1,0,1,0
2024,6,Varese,60-64,Pedestrian,1,1,0,1,0
2024,6,Varese,65+,Driver,1,0,0,0,0
2024,7,Varese,20-24,Driver,1,1,0,1,0
2024,7,Varese,25-29,Driver,1,1,0,1,0
2024,7,Varese,25-29,Passenger,1,1,0,1,0
2024,7,Varese,30-44,Driver,1,1,0,1,0
2024,7,Varese,30-44,Passenger,1,1,0,1,0
2024,7,Varese,45-54,Driver,2,1,0,1,0
2024,7,Varese,45-54,Passenger,2,1,1,0,0
2024,7,Varese,60-64,Driver,1,1,0,1,0
2024,7,Varese,60-64,Pedestrian,1,1,0,1,0
2024,8,Varese,18-20,Driver,1,1,0,1,0
2024,8,Varese,18-20,Passenger,1,1,0,1,0
2024,8,Varese,20-24,Driver,3,3,0,3,0
2024,8,Varese,20-24,Passenger,1,0,0,0,0
2024,8,Varese,25-29,Driver,2,2,0,2,0
2024,8,Varese,25-29,Passenger,2,2,0,2,0
2024,8,Varese,30-44,Driver,2,1,0,1,0
2024,8,Varese,30-44,Passenger,3,3,2,1,0
2024,8,Varese,45-54,Driver,2,1,0,1,0
2024,8,Varese,55-59,Driver,2,2,2,0,0
2024,8,Varese,65+,Driver,2,2,1,1,0
2024,8,Varese,65+,Passenger,1,1,1,0,0
2024,9,Varese,20-24,Driver,1,0,0,0,0
2024,9,Varese,25-29,Pedestrian,1,0,0,0,0
2024,9,Varese,30-44,Driver,1,1,0,1,0
2024,9,Varese,55-59,Driver,1,1,0,1,0
2024,10,Varese,18-20,Driver,4,4,2,2,0
2024,10,Varese,20-24,Driver,6,5,0,5,0
2024,10,Varese,25-29,Driver,1,1,0,1,0
2024,10,Varese,25-29,Passenger,1,1,0,1,0
2024,10,Varese,25-29,Pedestrian,1,1,0,1,0
2024,10,Varese,30-44,Driver,6,5,0,5,0
2024,10,Varese,30-44,Passenger,2,2,0,2,0
2024,10,Varese,30-44,Pedestrian,1,1,0,1,0
2024,10,Varese,45-54,Passenger,3,3,1,2,0
2024,10,Varese,60-64,Driver,1,1,1,0,0
2024,10,Varese,60-64,Passenger,1,1,1,0,0
2024,10,Varese,65+,Driver,1,1,0,1,0
2024,11,Varese,18-20,Driver,5,3,1,2,0
2024,11,Varese,18-20,Passenger,2,1,0,1,0
2024,11,Varese,18-20,Pedestrian,1,0,0,0,0
2024,11,Varese,20-24,Driver,2,0,0,0,0
2024,11,Varese,25-29,Driver,1,1,0,1,0
2024,11,Varese,30-44,Driver,3,2,1,1,0
2024,11,Varese,30-44,Passenger,4,2,1,1,0
2024,11,Varese,30-44,Pedestrian,1,1,0,1,0
2024,11,Varese,45-54,Driver,2,2,0,2,0
2024,11,Varese,45-54,Pedestrian,1,1,0,1,0
2024,11,Varese,55-59,Driver,3,3,0,3,0
2024,11,Varese,55-59,Passenger,2,1,1,0,0
2024,11,Varese,55-59,Pedestrian,1,1,1,0,0
2024,11,Varese,60-64,Driver,2,2,0,2,0
2024,11,Varese,60-64,Passenger,1,0,0,0,0
2024,11,Varese,60-64,Pedestrian,1,1,0,1,0
2024,11,Varese,65+,Driver,1,1,0,1,0
2024,12,Varese,18-20,Driver,3,3,1,2,0
2024,12,Varese,20-24,Driver,5,4,1,3,0
2024,12,Varese,20-24,Passenger,4,4,1,3,0
2024,12,Varese,20-24,Pedestrian,1,1,0,1,0
2024,12,Varese,25-29,Driver,8,4,0,4,0
2024,12,Varese,25-29,Passenger,3,3,1,2,1
2024,12,Varese,25-29,Pedestrian,1,1,1,0,0
2024,12,Varese,30-44,Driver,15,14,1,13,0
2024,12,Varese,30-44,Pedestrian,2,0,0,0,0
2024,12,Varese,45-54,Driver,11,11,3,8,0
2024,12,Varese,45-54,Passenger,2,1,1,0,0
2024,12,Varese,55-59,Driver,5,4,0,4,0
2024,12,Varese,55-59,Pedestrian,2,1,0,1,1
2024,12,Varese,60-64,Driver,4,3,1,2,1
2024,12,Varese,60-64,Passenger,1,1,1,0,0
2024,12,Varese,65+,Driver,5,4,1,3,0
2024,12,Varese,65+,Passenger,1,1,0,1,0
2024,1,Venezia,18-20,Driver,4,4,1,3,0
2024,1,Venezia,18-20,Passenger,1,1,0,1,0
2024,1,Venezia,20-24,Driver,7,6,0,6,0
2024,1,Venezia,20-24,Passenger,5,5,0,5,0
2024,1,Venezia,20-24,Pedestrian,1,1,0,1,0
2024,1,Venezia,25-29,Driver,3,2,0,2,0
2024,1,Venezia,25-29,Passenger,1,1,0,1,0
2024,1,Venezia,25-29,Pedestrian,1,1,0,1,0
2024,1,Venezia,30-44,Driver,11,10,3,7,0
2024,1,Venezia,30-44,Passenger,2,2,1,1,0
2024,1,Venezia,45-54,Driver,4,3,0,3,0
2024,1,Venezia,45-54,Passenger,5,5,0,5,0
2024,1,Venezia,55-59,Driver,2,1,0,1,0
2024,1,Venezia,65+,Pedestrian,1,1,0,1,0
2024,2,Venezia,55-59,Passenger,1,1,0,1,0
2024,3,Venezia,18-20,Driver,2,2,0,2,0
2024,3,Venezia,18-20,Passenger,3,2,0,2,0
2024,3,Venezia,20-24,Driver,4,2,1,1,0
2024,3,Venezia,20-24,Passenger,1,1,1,0,0
2024,3,Venezia,25-29,Driver,2,2,0,2,0
2024,3,Venezia,25-29,Passenger,2,1,0,1,0
2024,3,Venezia,25-29,Pedestrian,1,1,0,1,0
2024,3,Venezia,30-44,Driver,8,6,1,5,0
2024,3,Venezia,30-44,Passenger,4,3,1,2,0
2024,3,Venezia,30-44,Pedestrian,2,2,0,2,0
2024,3,Venezia,45-54,Driver,6,4,2,2,0
2024,3,Venezia,45-54,Passenger,1,1,1,0,0
2024,3,Venezia,55-59,Driver,3,2,1,1,0
2024,3,Venezia,55-59,Passenger,2,2,0,2,1
2024,3,Venezia,60-64,Driver,4,4,0,4,0
2024,3,Venezia,60-64,Passenger,1,1,0,1,0
2024,3,Venezia,65+,Driver,2,1,0,1,0
2024,4,Venezia,18-20,Driver,3,1,0,1,0
2024,4,Venezia,18-20,Passenger,3,2,0,2,0
2024,4,Venezia,20-24,Driver,9,8,3,5,0
2024,4,Venezia,20-24,Passenger,3,2,0,2,0
2024,4,Venezia,20-24,Pedestrian,1,0,0,0,0
2024,4,Venezia,25-29,Driver,4,3,1,2,0
2024,4,Venezia,25-29,Passenger,2,1,1,0,0
2024,4,Venezia,25-29,Pedestrian,2,2,0,2,0
2024,4,Venezia,30-44,Driver,11,11,3,8,1
2024,4,Venezia,30-44,Passenger,2,0,0,0,0
2024,4,Venezia,30-44,Pedestrian,2,1,0,1,0
2024,4,Venezia,45-54,Driver,7,6,0,6,0
2024,4,Venezia,45-54,Passenger,1,0,0,0,0
2024,4,Venezia,55-59,Driver,5,4,0,4,0
2024,4,Venezia,55-59,Passenger,3,3,0,3,0
2024,4,Venezia,60-64,Driver,1,1,0,1,0
2024,4,Venezia,65+,Driver,1,1,0,1,0
2024,4,Venezia,65+,Passenger,1,1,0,1,0
2024,5,Venezia,18-20,Driver,2,2,1,1,0
2024,5,Venezia,20-24,Driver,4,2,1,1,0
2024,5,Venezia,20-24,Passenger,2,0,0,0,0
2024,5,Venezia,25-29,Driver,4,3,1,2,1
2024,5,Venezia,25-29,Passenger,1,1,0,1,0
2024,5,Venezia,30-44,Driver,6,5,1,4,1
2024,5,Venezia,30-44,Passenger,3,2,0,2,0
2024,5,Venezia,30-44,Pedestrian,1,1,1,0,0
2024,5,Venezia,45-54,Driver,10,8,2,6,0
2024,5,Venezia,55-59,Driver,5,5,0,5,0
2024,5,Venezia,55-59,Passenger,2,2,0,2,0
2024,5,Venezia,60-64,Driver,1,1,0,1,0
2024,5,Venezia,60-64,Passenger,1,1,1,0,0
2024,5,Venezia,60-64,Pedestrian,1,1,0,1,0
2024,5,Venezia,65+,Driver,1,1,0,1,0
2024,6,Venezia,18-20,Driver,3,3,0,3,0
2024,6,Venezia,18-20,Passenger,5,4,1,3,0
2024,6,Venezia,20-24,Driver,7,6,1,5,0
2024,6,Venezia,20-24,Passenger,2,1,0,1,0
2024,6,Venezia,20-24,Pedestrian,2,2,1,1,0
2024,6,Venezia,25-29,Driver,2,1,0,1,0
2024,6,Venezia,25-29,Passenger,3,1,0,1,0
2024,6,Venezia,25-29,Pedestrian,1,1,0,1,0
2024,6,Venezia,30-44,Driver,16,14,2,12,0
2024,6,Venezia,30-44,Passenger,8,7,0,7,0
2024,6,Venezia,30-44,Pedestrian,1,1,1,0,0
2024,6,Venezia,45-54,Driver,11,10,3,7,0
2024,6,Venezia,45-54,Passenger,3,2,0,2,0
2024,6,Venezia,45-54,Pedestrian,2,2,1,1,0
2024,6,Venezia,55-59,Driver,3,2,0,2,0
2024,6,Venezia,60-64,Driver,2,2,0,2,0
2024,6,Venezia,60-64,Passenger,3,3,0,3,0
2024,6,Venezia,65+,Driver,2,1,0,1,0
2024,6,Venezia,65+,Passenger,1,1,0,1,0
2024,6,Venezia,65+,Pedestrian,1,0,0,0,0
2024,7,Venezia,18-20,Driver,2,2,0,2,0
2024,7,Venezia,18-20,Passenger,3,3,1,2,0
2024,7,Venezia,20-24,Driver,4,4,1,3,0
2024,7,Venezia,20-24,Passenger,1,0,0,0,0
2024,7,Venezia,20-24,Pedestrian,1,1,1,0,0
2024,7,Venezia,25-29,Driver,3,3,1,2,0
2024,7,Venezia,25-29,Passenger,2,2,0,2,0
2024,7,Venezia,25-29,Pedestrian,1,1,0,1,0
2024,7,Venezia,30-44,Driver,7,3,2,1,0
2024,7,Venezia,30-44,Passenger,4,4,0,4,0
2024,7,Venezia,45-54,Driver,2,2,1,1,0
2024,7,Venezia,45-54,Passenger,2,1,0,1,0
2024,7,Venezia,55-59,Driver,2,2,1,1,0
2024,7,Venezia,55-59,Passenger,2,2,0,2,0
2024,7,Venezia,55-59,Pedestrian,1,0,0,0,0
2024,7,Venezia,60-64,Driver,2,1,1,0,0
2024,7,Venezia,65+,Driver,1,1,0,1,0
2024,8,Venezia,18-20,Driver,5,4,2,2,0
2024,8,Venezia,18-20,Passenger,2,2,2,0,0
2024,8,Venezia,20-24,Driver,6,4,2,2,0
2024,8,Venezia,20-24,Passenger,2,1,0,1,0
2024,8,Venezia,20-24,Pedestrian,1,1,0,1,0
2024,8,Venezia,25-29,Driver,9,7,0,7,0
2024,8,Venezia,25-29,Passenger,2,2,0,2,0
2024,8,Venezia,25-29,Pedestrian,2,2,1,1,0
2024,8,Venezia,30-44,Driver,9,8,1,7,0
2024,8,Venezia,30-44,Passenger,6,3,0,3,0
2024,8,Venezia,45-54,Driver,10,8,1,7,0
2024,8,Venezia,45-54,Passenger,4,3,1,2,0
2024,8,Venezia,45-54,Pedestrian,3,1,0,1,0
2024,8,Venezia,55-59,Driver,8,3,1,2,0
2024,8,Venezia,55-59,Passenger,3,1,0,1,0
2024,8,Venezia,60-64,Driver,4,4,0,4,0
2024,8,Venezia,60-64,Passenger,3,1,0,1,0
2024,8,Venezia,60-64,Pedestrian,1,1,1,0,0
2024,8,Venezia,65+,Driver,1,1,0,1,0
2024,9,Venezia,18-20,Driver,1,1,0,1,0
2024,9,Venezia,18-20,Passenger,3,2,1,1,0
2024,9,Venezia,20-24,Driver,6,5,0,5,0
2024,9,Venezia,25-29,Driver,8,7,0,7,0
2024,9,Venezia,25-29,Passenger,4,4,0,4,0
2024,9,Venezia,25-29,Pedestrian,3,2,1,1,0
2024,9,Venezia,30-44,Driver,10,10,2,8,0
2024,9,Venezia,30-44,Passenger,1,1,0,1,0
2024,9,Venezia,30-44,Pedestrian,1,1,0,1,0
2024,9,Venezia,45-54,Driver,6,2,1,1,0
2024,9,Venezia,45-54,Passenger,3,2,1,1,0
2024,9,Venezia,45-54,Pedestrian,1,1,0,1,0
2024,9,Venezia,55-59,Driver,2,2,1,1,0
2024,9,Venezia,55-59,Passenger,3,2,0,2,0
2024,9,Venezia,60-64,Driver,1,1,0,1,0
2024,9,Venezia,65+,Driver,4,2,0,2,0
2024,9,Venezia,65+,Passenger,2,2,2,0,0
2024,10,Venezia,18-20,Driver,3,2,0,2,0
2024,10,Venezia,18-20,Passenger,1,1,0,1,0
2024,10,Venezia,20-24,Driver,2,2,0,2,0
2024,10,Venezia,20-24,Passenger,2,2,0,2,0
2024,10,Venezia,20-24,Pedestrian,1,1,0,1,0
2024,10,Venezia,25-29,Driver,2,1,0,1,0
2024,10,Venezia,25-29,Passenger,2,2,0,2,0
2024,10,Venezia,30-44,Driver,5,5,0,5,0
2024,10,Venezia,30-44,Passenger,1,1,0,1,0
2024,10,Venezia,30-44,Pedestrian,2,2,0,2,0
2024,10,Venezia,45-54,Driver,7,6,1,5,0
2024,10,Venezia,45-54,Passenger,1,1,0,1,0
2024,10,Venezia,55-59,Passenger,2,2,0,2,0
2024,10,Venezia,60-64,Driver,2,2,0,2,0
2024,10,Venezia,65+,Driver,2,2,0,2,0
2024,11,Venezia,18-20,Driver,2,2,1,1,0
2024,11,Venezia,18-20,Passenger,1,1,1,0,0
2024,11,Venezia,20-24,Driver,4,3,2,1,0
2024,11,Venezia,20-24,Passenger,2,2,1,1,0
2024,11,Venezia,20-24,Pedestrian,1,1,0,1,0
2024,11,Venezia,25-29,Driver,3,3,0,3,0
2024,11,Venezia,30-44,Driver,6,5,0,5,0
2024,11,Venezia,30-44,Passenger,2,1,1,0,0
2024,11,Venezia,45-54,Driver,7,6,0,6,0
2024,11,Venezia,45-54,Pedestrian,1,1,1,0,0
2024,11,Venezia,55-59,Pedestrian,1,1,0,1,0
2024,11,Venezia,60-64,Driver,2,1,0,1,0
2024,11,Venezia,60-64,Passenger,1,0,0,0,0
2024,12,Venezia,18-20,Driver,3,2,1,1,1
2024,12,Venezia,18-20,Passenger,2,1,0,1,0
2024,12,Venezia,18-20,Pedestrian,1,1,0,1,0
2024,12,Venezia,20-24,Driver,3,2,0,2,0
2024,12,Venezia,20-24,Passenger,1,1,1,0,0
2024,12,Venezia,20-24,Pedestrian,1,1,0,1,0
2024,12,Venezia,25-29,Driver,6,5,0,5,0
2024,12,Venezia,25-29,Passenger,3,2,0,2,0
2024,12,Venezia,30-44,Driver,6,4,0,4,0
2024,12,Venezia,30-44,Passenger,4,2,0,2,0
2024,12,Venezia,30-44,Pedestrian,1,1,0,1,0
2024,12,Venezia,45-54,Driver,3,2,0,2,0
2024,12,Venezia,45-54,Passenger,1,1,0,1,0
2024,12,Venezia,45-54,Pedestrian,1,1,1,0,0
2024,12,Venezia,55-59,Driver,2,2,1,1,0
2024,12,Venezia,55-59,Passenger,4,3,0,3,1
2024,12,Venezia,60-64,Driver,3,3,0,3,0
2024,12,Venezia,65+,Passenger,1,1,1,0,0
2024,1,Verbano-Cusio-Ossola,20-24,Driver,2,2,0,2,0
2024,1,Verbano-Cusio-Ossola,30-44,Driver,2,2,1,1,0
2024,1,Verbano-Cusio-Ossola,30-44,Passenger,1,0,0,0,0
2024,1,Verbano-Cusio-Ossola,30-44,Pedestrian,1,0,0,0,0
2024,1,Verbano-Cusio-Ossola,45-54,Passenger,1,1,0,1,0
2024,1,Verbano-Cusio-Ossola,55-59,Driver,1,1,0,1,1
2024,1,Verbano-Cusio-Ossola,60-64,Driver,1,1,0,1,0
2024,2,Verbano-Cusio-Ossola,18-20,Driver,1,1,1,0,0
2024,2,Verbano-Cusio-Ossola,20-24,Driver,2,2,1,1,0
2024,2,Verbano-Cusio-Ossola,20-24,Passenger,1,0,0,0,0
2024,2,Verbano-Cusio-Ossola,30-44,Driver,2,2,1,1,0
2024,2,Verbano-Cusio-Ossola,55-59,Pedestrian,1,1,0,1,0
2024,3,Verbano-Cusio-Ossola,25-29,Driver,2,2,0,2,0
2024,3,Verbano-Cusio-Ossola,30-44,Driver,3,1,0,1,0
2024,3,Verbano-Cusio-Ossola,55-59,Driver,2,2,1,1,0
2024,4,Verbano-Cusio-Ossola,18-20,Driver,1,1,0,1,0
2024,4,Verbano-Cusio-Ossola,18-20,Passenger,1,1,0,1,0
2024,4,Verbano-Cusio-Ossola,45-54,Passenger,1,1,0,1,0
2024,4,Verbano-Cusio-Ossola,55-59,Driver,1,1,0,1,0
2024,4,Verbano-Cusio-Ossola,55-59,Passenger,1,1,0,1,0
2024,5,Verbano-Cusio-Ossola,25-29,Passenger,1,1,0,1,0
2024,5,Verbano-Cusio-Ossola,60-64,Passenger,1,1,0,1,0
2024,6,Verbano-Cusio-Ossola,20-24,Driver,1,1,0,1,0
2024,6,Verbano-Cusio-Ossola,20-24,Passenger,1,1,1,0,0
2024,7,Verbano-Cusio-Ossola,60-64,Driver,1,1,0,1,0
2024,8,Verbano-Cusio-Ossola,45-54,Driver,2,1,1,0,0
2024,9,Verbano-Cusio-Ossola,30-44,Driver,1,1,0,1,0
2024,9,Verbano-Cusio-Ossola,30-44,Passenger,1,1,1,0,0
2024,9,Verbano-Cusio-Ossola,45-54,Driver,1,1,0,1,0
2024,9,Verbano-Cusio-Ossola,45-54,Pedestrian,1,0,0,0,0
2024,9,Verbano-Cusio-Ossola,55-59,Driver,2,2,0,2,0
2024,10,Verbano-Cusio-Ossola,20-24,Pedestrian,1,1,1,0,0
2024,10,Verbano-Cusio-Ossola,30-44,Driver,1,1,0,1,0
2024,10,Verbano-Cusio-Ossola,30-44,Passenger,1,1,1,0,0
2024,10,Verbano-Cusio-Ossola,45-54,Driver,1,1,1,0,0
2024,10,Verbano-Cusio-Ossola,55-59,Passenger,1,1,0,1,0
2024,10,Verbano-Cusio-Ossola,65+,Passenger,1,1,0,1,0
2024,11,Verbano-Cusio-Ossola,25-29,Driver,1,1,0,1,0
2024,11,Verbano-Cusio-Ossola,25-29,Passenger,1,1,0,1,0
2024,11,Verbano-Cusio-Ossola,30-44,Driver,1,0,0,0,0
2024,11,Verbano-Cusio-Ossola,45-54,Driver,1,1,0,1,0
2024,11,Verbano-Cusio-Ossola,45-54,Passenger,1,1,0,1,0
2024,11,Verbano-Cusio-Ossola,65+,Driver,1,1,0,1,0
2024,12,Verbano-Cusio-Ossola,25-29,Passenger,1,1,0,1,0
2024,12,Verbano-Cusio-Ossola,30-44,Passenger,1,1,0,1,0
2024,12,Verbano-Cusio-Ossola,45-54,Driver,1,1,0,1,0
2024,12,Verbano-Cusio-Ossola,60-64,Passenger,1,1,1,0,0
2024,1,Vercelli,18-20,Driver,1,1,0,1,0
2024,1,Vercelli,20-24,Driver,1,1,0,1,0
2024,1,Vercelli,25-29,Driver,1,1,0,1,0
2024,1,Vercelli,25-29,Passenger,1,1,0,1,0
2024,1,Vercelli,30-44,Driver,3,1,0,1,0
2024,2,Vercelli,18-20,Driver,2,2,0,2,0
2024,2,Vercelli,18-20,Passenger,2,2,1,1,0
2024,2,Vercelli,20-24,Driver,1,1,0,1,0
2024,2,Vercelli,25-29,Driver,1,1,1,0,0
2024,2,Vercelli,45-54,Driver,2,1,0,1,0
2024,2,Vercelli,60-64,Driver,1,0,0,0,0
2024,2,Vercelli,65+,Passenger,1,1,1,0,0
2024,3,Vercelli,18-20,Driver,1,1,0,1,0
2024,3,Vercelli,20-24,Driver,1,1,0,1,0
2024,3,Vercelli,20-24,Pedestrian,1,0,0,0,0
2024,3,Vercelli,25-29,Driver,1,1,1,0,0
2024,3,Vercelli,30-44,Driver,1,1,0,1,0
2024,3,Vercelli,55-59,Driver,2,1,0,1,0
2024,4,Vercelli,45-54,Driver,1,1,0,1,0
2024,5,Vercelli,18-20,Pedestrian,1,1,0,1,0
2024,5,Vercelli,20-24,Driver,1,1,0,1,0
2024,6,Vercelli,18-20,Driver,1,1,0,1,0
2024,6,Vercelli,20-24,Driver,1,0,0,0,0
2024,6,Vercelli,25-29,Driver,1,1,0,1,0
2024,6,Vercelli,25-29,Passenger,1,0,0,0,0
2024,7,Vercelli,18-20,Driver,2,2,1,1,0
2024,7,Vercelli,20-24,Driver,2,2,0,2,0
2024,7,Vercelli,45-54,Driver,1,1,0,1,0
2024,7,Vercelli,45-54,Passenger,1,1,0,1,0
2024,7,Vercelli,55-59,Driver,1,0,0,0,0
2024,8,Vercelli,18-20,Driver,1,1,0,1,0
2024,8,Vercelli,30-44,Driver,2,2,0,2,0
2024,8,Vercelli,30-44,Passenger,1,1,0,1,0
2024,8,Vercelli,55-59,Driver,1,1,0,1,0
2024,9,Vercelli,18-20,Driver,2,1,0,1,0
2024,9,Vercelli,25-29,Driver,3,3,1,2,0
2024,9,Vercelli,30-44,Driver,2,1,0,1,0
2024,9,Vercelli,45-54,Driver,1,1,1,0,0
2024,9,Vercelli,55-59,Driver,1,1,0,1,0
2024,9,Vercelli,60-64,Driver,1,0,0,0,0
2024,9,Vercelli,60-64,Passenger,1,1,0,1,0
2024,9,Vercelli,60-64,Pedestrian,1,1,1,0,0
2024,9,Vercelli,65+,Driver,1,0,0,0,0
2024,10,Vercelli,18-20,Driver,1,1,0,1,0
2024,10,Vercelli,20-24,Driver,5,3,0,3,0
2024,10,Vercelli,25-29,Driver,2,1,0,1,0
2024,10,Vercelli,30-44,Driver,1,0,0,0,0
2024,10,Vercelli,30-44,Passenger,1,1,0,1,0
2024,10,Vercelli,55-59,Driver,1,1,0,1,0
2024,10,Vercelli,55-59,Pedestrian,1,1,0,1,0
2024,11,Vercelli,18-20,Driver,2,2,0,2,0
2024,11,Vercelli,18-20,Passenger,1,1,1,0,0
2024,11,Vercelli,20-24,Driver,1,0,0,0,0
2024,11,Vercelli,20-24,Passenger,1,1,1,0,0
2024,11,Vercelli,25-29,Driver,1,1,0,1,0
2024,11,Vercelli,30-44,Driver,3,3,0,3,0
2024,11,Vercelli,30-44,Passenger,1,1,0,1,0
2024,11,Vercelli,45-54,Driver,1,1,0,1,0
2024,11,Vercelli,45-54,Passenger,1,1,0,1,0
2024,11,Vercelli,60-64,Driver,1,1,0,1,0
2024,11,Vercelli,65+,Driver,1,1,0,1,0
2024,12,Vercelli,45-54,Driver,1,1,0,1,0
2024,1,Verona,18-20,Driver,7,4,1,3,0
2024,1,Verona,18-20,Passenger,2,2,0,2,0
2024,1,Verona,18-20,Pedestrian,1,0,0,0,0
2024,1,Verona,20-24,Driver,8,5,0,5,0
2024,1,Verona,20-24,Passenger,3,2,1,1,0
2024,1,Verona,20-24,Pedestrian,1,1,0,1,0
2024,1,Verona,25-29,Driver,5,4,0,4,0
2024,1,Verona,25-29,Pedestrian,1,1,0,1,0
2024,1,Verona,30-44,Driver,14,12,4,8,1
2024,1,Verona,30-44,Passenger,5,5,0,5,0
2024,1,Verona,30-44,Pedestrian,1,1,0,1,0
2024,1,Verona,45-54,Driver,8,7,2,5,0
2024,1,Verona,45-54,Passenger,1,1,0,1,0
2024,1,Verona,45-54,Pedestrian,1,1,0,1,0
2024,1,Verona,55-59,Driver,3,3,1,2,0
2024,1,Verona,55-59,Passenger,1,1,0,1,1
2024,1,Verona,60-64,Driver,7,6,0,6,0
2024,1,Verona,65+,Driver,3,2,0,2,0
2024,1,Verona,65+,Pedestrian,2,2,2,0,0
2024,2,Verona,45-54,Driver,1,1,0,1,0
2024,3,Verona,18-20,Driver,4,4,1,3,0
2024,3,Verona,18-20,Passenger,3,2,0,2,0
2024,3,Verona,20-24,Driver,8,8,2,6,0
2024,3,Verona,20-24,Passenger,3,3,1,2,0
2024,3,Verona,25-29,Driver,7,5,1,4,1
2024,3,Verona,25-29,Passenger,2,1,0,1,0
2024,3,Verona,30-44,Driver,13,11,1,10,0
2024,3,Verona,30-44,Passenger,4,3,0,3,0
2024,3,Verona,30-44,Pedestrian,1,1,0,1,0
2024,3,Verona,45-54,Driver,10,8,1,7,2
2024,3,Verona,45-54,Passenger,2,1,0,1,0
2024,3,Verona,55-59,Driver,10,8,0,8,0
2024,3,Verona,55-59,Passenger,1,0,0,0,0
2024,3,Verona,55-59,Pedestrian,1,1,0,1,0
2024,3,Verona,60-64,Driver,1,1,1,0,0
2024,3,Verona,60-64,Passenger,1,1,0,1,0
2024,3,Verona,65+,Driver,2,2,0,2,0
2024,4,Verona,18-20,Driver,7,5,0,5,0
2024,4,Verona,20-24,Driver,9,6,4,2,0
2024,4,Verona,20-24,Passenger,3,3,0,3,0
2024,4,Verona,20-24,Pedestrian,4,3,0,3,0
2024,4,Verona,25-29,Driver,9,7,0,7,0
2024,4,Verona,25-29,Passenger,2,2,0,2,0
2024,4,Verona,30-44,Driver,31,24,2,22,0
2024,4,Verona,30-44,Passenger,5,4,0,4,0
2024,4,Verona,30-44,Pedestrian,3,2,0,2,0
2024,4,Verona,45-54,Driver,9,7,1,6,0
2024,4,Verona,45-54,Passenger,6,5,2,3,0
2024,4,Verona,45-54,Pedestrian,2,2,0,2,0
2024,4,Verona,55-59,Driver,2,1,0,1,0
2024,4,Verona,55-59,Passenger,4,4,2,2,0
2024,4,Verona,55-59,Pedestrian,2,2,0,2,0
2024,4,Verona,60-64,Driver,7,4,1,3,0
2024,4,Verona,60-64,Passenger,2,2,1,1,0
2024,4,Verona,65+,Driver,3,3,0,3,0
2024,5,Verona,18-20,Driver,3,3,0,3,0
2024,5,Verona,18-20,Passenger,1,1,0,1,0
2024,5,Verona,20-24,Passenger,2,1,0,1,0
2024,5,Verona,25-29,Driver,1,1,1,0,0
2024,5,Verona,25-29,Passenger,1,1,0,1,0
2024,5,Verona,30-44,Driver,4,4,1,3,0
2024,5,Verona,45-54,Driver,2,2,0,2,0
2024,5,Verona,45-54,Passenger,1,1,0,1,0
2024,5,Verona,55-59,Driver,1,1,0,1,0
2024,5,Verona,55-59,Passenger,1,0,0,0,0
2024,5,Verona,60-64,Driver,1,1,1,0,0
2024,5,Verona,65+,Driver,1,0,0,0,0
2024,6,Verona,18-20,Driver,3,3,1,2,0
2024,6,Verona,20-24,Driver,11,10,0,10,0
2024,6,Verona,20-24,Passenger,3,2,0,2,0
2024,6,Verona,20-24,Pedestrian,1,1,1,0,0
2024,6,Verona,25-29,Driver,3,2,0,2,0
2024,6,Verona,25-29,Passenger,1,1,0,1,1
2024,6,Verona,30-44,Driver,16,13,4,9,0
2024,6,Verona,30-44,Passenger,10,9,0,9,0
2024,6,Verona,30-44,Pedestrian,2,2,2,0,0
2024,6,Verona,45-54,Driver,11,7,2,5,0
2024,6,Verona,45-54,Passenger,3,3,0,3,0
2024,6,Verona,45-54,Pedestrian,1,1,0,1,0
2024,6,Verona,55-59,Driver,5,2,0,2,0
2024,6,Verona,55-59,Pedestrian,1,0,0,0,0
2024,6,Verona,60-64,Driver,4,4,1,3,0
2024,6,Verona,60-64,Passenger,2,2,1,1,0
2024,6,Verona,65+,Driver,4,3,0,3,0
2024,6,Verona,65+,Passenger,1,1,0,1,0
2024,6,Verona,65+,Pedestrian,1,1,0,1,0
2024,7,Verona,18-20,Driver,5,4,0,4,0
2024,7,Verona,18-20,Passenger,2,2,2,0,0
2024,7,Verona,20-24,Driver,4,2,0,2,0
2024,7,Verona,20-24,Passenger,1,1,0,1,0
2024,7,Verona,25-29,Driver,5,4,3,1,0
2024,7,Verona,25-29,Passenger,2,1,0,1,0
2024,7,Verona,25-29,Pedestrian,1,1,0,1,0
2024,7,Verona,30-44,Driver,12,11,1,10,0
2024,7,Verona,30-44,Passenger,6,5,0,5,0
2024,7,Verona,30-44,Pedestrian,3,1,1,0,1
2024,7,Verona,45-54,Driver,2,1,1,0,0
2024,7,Verona,45-54,Passenger,2,1,0,1,0
2024,7,Verona,45-54,Pedestrian,1,1,0,1,0
2024,7,Verona,55-59,Driver,1,0,0,0,0
2024,7,Verona,60-64,Driver,4,3,1,2,0
2024,7,Verona,65+,Driver,3,3,1,2,0
2024,7,Verona,65+,Passenger,1,1,0,1,0
2024,8,Verona,20-24,Driver,2,2,0,2,0
2024,8,Verona,20-24,Passenger,1,1,0,1,0
2024,8,Verona,25-29,Driver,2,2,0,2,0
2024,8,Verona,25-29,Passenger,3,1,0,1,0
2024,8,Verona,25-29,Pedestrian,1,1,0,1,0
2024,8,Verona,30-44,Driver,9,9,2,7,0
2024,8,Verona,30-44,Passenger,1,1,0,1,0
2024,8,Verona,45-54,Driver,4,4,1,3,0
2024,8,Verona,45-54,Passenger,2,1,1,0,0
2024,8,Verona,45-54,Pedestrian,2,2,0,2,0
2024,8,Verona,55-59,Passenger,1,1,0,1,0
2024,8,Verona,60-64,Driver,4,4,0,4,0
2024,8,Verona,65+,Driver,1,0,0,0,0
2024,8,Verona,65+,Passenger,2,2,0,2,0
2024,9,Verona,18-20,Driver,3,2,0,2,0
2024,9,Verona,18-20,Passenger,1,1,0,1,0
2024,9,Verona,18-20,Pedestrian,2,1,0,1,0
2024,9,Verona,20-24,Driver,5,4,1,3,0
2024,9,Verona,20-24,Passenger,1,1,1,0,0
2024,9,Verona,20-24,Pedestrian,1,1,0,1,0
2024,9,Verona,25-29,Driver,3,3,0,3,0
2024,9,Verona,25-29,Pedestrian,1,1,0,1,0
2024,9,Verona,30-44,Driver,7,6,0,6,0
2024,9,Verona,30-44,Passenger,11,8,1,7,0
2024,9,Verona,30-44,Pedestrian,1,1,0,1,0
2024,9,Verona,45-54,Driver,4,2,0,2,0
2024,9,Verona,45-54,Pedestrian,1,1,0,1,0
2024,9,Verona,55-59,Driver,5,5,1,4,0
2024,9,Verona,55-59,Passenger,2,0,0,0,0
2024,9,Verona,60-64,Driver,4,3,1,2,0
2024,9,Verona,65+,Driver,1,1,0,1,0
2024,9,Verona,65+,Pedestrian,1,1,1,0,0
2024,10,Verona,18-20,Driver,8,6,1,5,1
2024,10,Verona,18-20,Passenger,1,1,0,1,0
2024,10,Verona,20-24,Driver,7,7,3,4,0
2024,10,Verona,20-24,Passenger,1,1,0,1,1
2024,10,Verona,25-29,Driver,6,5,1,4,0
2024,10,Verona,25-29,Passenger,1,0,0,0,0
2024,10,Verona,25-29,Pedestrian,1,1,0,1,0
2024,10,Verona,30-44,Driver,10,10,4,6,0
2024,10,Verona,30-44,Passenger,3,3,1,2,0
2024,10,Verona,45-54,Driver,6,6,1,5,0
2024,10,Verona,45-54,Passenger,5,4,0,4,0
2024,10,Verona,45-54,Pedestrian,1,1,0,1,0
2024,10,Verona,55-59,Driver,5,5,0,5,0
2024,10,Verona,55-59,Passenger,1,1,0,1,0
2024,10,Verona,60-64,Driver,3,2,0,2,0
2024,10,Verona,65+,Driver,3,1,0,1,0
2024,10,Verona,65+,Passenger,2,2,0,2,0
2024,11,Verona,18-20,Driver,5,4,0,4,0
2024,11,Verona,18-20,Passenger,1,1,0,1,0
2024,11,Verona,20-24,Driver,8,7,1,6,1
2024,11,Verona,25-29,Driver,5,5,0,5,0
2024,11,Verona,25-29,Passenger,4,3,0,3,0
2024,11,Verona,25-29,Pedestrian,1,1,0,1,0
2024,11,Verona,30-44,Driver,26,21,4,17,0
2024,11,Verona,30-44,Passenger,3,3,1,2,0
2024,11,Verona,30-44,Pedestrian,1,1,0,1,0
2024,11,Verona,45-54,Driver,14,13,1,12,0
2024,11,Verona,45-54,Passenger,2,2,1,1,0
2024,11,Verona,45-54,Pedestrian,1,1,0,1,0
2024,11,Verona,55-59,Driver,4,2,0,2,0
2024,11,Verona,55-59,Passenger,2,2,0,2,0
2024,11,Verona,55-59,Pedestrian,1,0,0,0,0
2024,11,Verona,60-64,Driver,7,6,2,4,0
2024,11,Verona,60-64,Passenger,1,1,0,1,0
2024,11,Verona,65+,Driver,4,4,0,4,0
2024,12,Verona,18-20,Driver,4,2,2,0,0
2024,12,Verona,18-20,Passenger,1,0,0,0,0
2024,12,Verona,20-24,Driver,6,6,0,6,0
2024,12,Verona,20-24,Passenger,2,2,1,1,0
2024,12,Verona,25-29,Driver,3,2,0,2,0
2024,12,Verona,25-29,Passenger,2,2,1,1,0
2024,12,Verona,30-44,Driver,11,10,1,9,0
2024,12,Verona,30-44,Pedestrian,1,1,0,1,0
2024,12,Verona,45-54,Driver,7,7,1,6,0
2024,12,Verona,55-59,Passenger,1,1,0,1,0
2024,12,Verona,60-64,Driver,4,2,1,1,0
2024,12,Verona,60-64,Passenger,1,0,0,0,0
2024,12,Verona,65+,Driver,4,2,0,2,0
2024,1,Vibo Valentia,25-29,Driver,2,2,1,1,0
2024,1,Vibo Valentia,25-29,Passenger,1,1,0,1,0
2024,1,Vibo Valentia,30-44,Driver,4,2,0,2,0
2024,1,Vibo Valentia,30-44,Passenger,2,1,1,0,0
2024,1,Vibo Valentia,30-44,Pedestrian,1,1,0,1,0
2024,1,Vibo Valentia,45-54,Driver,2,2,1,1,0
2024,1,Vibo Valentia,55-59,Driver,1,1,0,1,0
2024,1,Vibo Valentia,60-64,Driver,1,1,0,1,0
2024,1,Vibo Valentia,65+,Passenger,1,1,0,1,0
2024,1,Vibo Valentia,65+,Pedestrian,1,0,0,0,0
2024,2,Vibo Valentia,18-20,Passenger,1,0,0,0,0
2024,2,Vibo Valentia,25-29,Driver,1,1,0,1,0
2024,2,Vibo Valentia,30-44,Driver,1,1,0,1,0
2024,2,Vibo Valentia,55-59,Driver,2,1,0,1,0
2024,2,Vibo Valentia,55-59,Pedestrian,1,1,0,1,0
2024,3,Vibo Valentia,18-20,Driver,2,2,1,1,0
2024,3,Vibo Valentia,25-29,Driver,1,1,0,1,0
2024,3,Vibo Valentia,30-44,Driver,3,3,0,3,0
2024,3,Vibo Valentia,45-54,Driver,1,1,0,1,0
2024,4,Vibo Valentia,20-24,Driver,1,1,1,0,0
2024,4,Vibo Valentia,20-24,Passenger,1,0,0,0,0
2024,4,Vibo Valentia,25-29,Driver,1,0,0,0,0
2024,4,Vibo Valentia,30-44,Driver,1,1,0,1,0
2024,4,Vibo Valentia,45-54,Passenger,2,1,0,1,0
2024,4,Vibo Valentia,55-59,Driver,1,1,0,1,0
2024,4,Vibo Valentia,55-59,Passenger,1,1,1,0,0
2024,4,Vibo Valentia,60-64,Passenger,1,1,0,1,0
2024,5,Vibo Valentia,18-20,Driver,1,1,0,1,0
2024,5,Vibo Valentia,20-24,Driver,1,1,0,1,0
2024,5,Vibo Valentia,20-24,Passenger,2,2,1,1,0
2024,5,Vibo Valentia,30-44,Driver,1,0,0,0,0
2024,5,Vibo Valentia,30-44,Passenger,1,1,0,1,0
2024,5,Vibo Valentia,45-54,Driver,4,3,0,3,0
2024,5,Vibo Valentia,55-59,Driver,1,1,0,1,0
2024,5,Vibo Valentia,60-64,Driver,4,3,0,3,0
2024,5,Vibo Valentia,65+,Pedestrian,1,1,0,1,1
2024,6,Vibo Valentia,18-20,Pedestrian,1,1,1,0,0
2024,6,Vibo Valentia,25-29,Driver,2,2,0,2,0
2024,6,Vibo Valentia,30-44,Driver,1,1,0,1,0
2024,6,Vibo Valentia,30-44,Passenger,1,1,0,1,0
2024,6,Vibo Valentia,45-54,Driver,1,1,0,1,0
2024,6,Vibo Valentia,45-54,Passenger,1,1,0,1,0
2024,6,Vibo Valentia,60-64,Driver,2,1,0,1,0
2024,7,Vibo Valentia,18-20,Driver,1,1,0,1,0
2024,7,Vibo Valentia,20-24,Driver,1,1,0,1,0
2024,7,Vibo Valentia,25-29,Driver,1,1,0,1,0
2024,7,Vibo Valentia,30-44,Driver,2,2,1,1,1
2024,7,Vibo Valentia,45-54,Driver,1,1,1,0,0
2024,7,Vibo Valentia,45-54,Passenger,1,0,0,0,0
2024,7,Vibo Valentia,65+,Driver,1,1,0,1,0
2024,8,Vibo Valentia,18-20,Driver,1,1,0,1,0
2024,8,Vibo Valentia,30-44,Driver,1,1,0,1,0
2024,8,Vibo Valentia,45-54,Driver,1,0,0,0,0
2024,8,Vibo Valentia,60-64,Driver,1,1,0,1,0
2024,8,Vibo Valentia,65+,Passenger,1,1,0,1,0
2024,9,Vibo Valentia,20-24,Driver,3,2,1,1,0
2024,9,Vibo Valentia,20-24,Passenger,1,1,0,1,0
2024,9,Vibo Valentia,25-29,Driver,1,0,0,0,0
2024,9,Vibo Valentia,25-29,Pedestrian,1,0,0,0,0
2024,9,Vibo Valentia,30-44,Driver,1,0,0,0,0
2024,9,Vibo Valentia,45-54,Passenger,1,0,0,0,0
2024,9,Vibo Valentia,55-59,Pedestrian,1,1,0,1,0
2024,9,Vibo Valentia,65+,Driver,1,1,0,1,0
2024,10,Vibo Valentia,18-20,Driver,2,1,1,0,1
2024,10,Vibo Valentia,20-24,Driver,2,2,0,2,0
2024,10,Vibo Valentia,30-44,Driver,5,3,0,3,0
2024,10,Vibo Valentia,45-54,Driver,1,1,0,1,0
2024,11,Vibo Valentia,18-20,Driver,2,1,0,1,0
2024,11,Vibo Valentia,20-24,Passenger,1,1,0,1,0
2024,11,Vibo Valentia,30-44,Driver,2,2,0,2,0
2024,11,Vibo Valentia,30-44,Passenger,2,2,0,2,0
2024,11,Vibo Valentia,45-54,Driver,2,2,0,2,0
2024,11,Vibo Valentia,45-54,Passenger,2,2,0,2,0
2024,11,Vibo Valentia,55-59,Driver,2,2,0,2,0
2024,11,Vibo Valentia,55-59,Passenger,1,1,0,1,0
2024,12,Vibo Valentia,18-20,Pedestrian,1,1,1,0,0
2024,12,Vibo Valentia,20-24,Driver,1,1,0,1,0
2024,12,Vibo Valentia,25-29,Passenger,1,1,0,1,0
2024,12,Vibo Valentia,30-44,Driver,3,3,0,3,0
2024,12,Vibo Valentia,30-44,Passenger,1,1,0,1,0
2024,12,Vibo Valentia,45-54,Driver,3,3,1,2,0
2024,12,Vibo Valentia,45-54,Passenger,1,1,0,1,0
2024,12,Vibo Valentia,55-59,Driver,2,2,1,1,0
2024,12,Vibo Valentia,55-59,Passenger,1,0,0,0,0
2024,12,Vibo Valentia,60-64,Passenger,1,1,1,0,0
2024,12,Vibo Valentia,65+,Passenger,1,1,0,1,0
2024,1,Vicenza,18-20,Driver,2,2,0,2,0
2024,1,Vicenza,18-20,Passenger,1,1,0,1,0
2024,1,Vicenza,20-24,Driver,8,6,0,6,0
2024,1,Vicenza,20-24,Pedestrian,1,1,1,0,0
2024,1,Vicenza,25-29,Driver,3,3,1,2,0
2024,1,Vicenza,25-29,Pedestrian,2,1,0,1,0
2024,1,Vicenza,30-44,Driver,3,2,0,2,0
2024,1,Vicenza,30-44,Passenger,2,2,1,1,0
2024,1,Vicenza,45-54,Driver,8,7,2,5,1
2024,1,Vicenza,45-54,Passenger,2,1,0,1,0
2024,1,Vicenza,45-54,Pedestrian,2,2,0,2,0
2024,1,Vicenza,55-59,Driver,3,2,1,1,0
2024,1,Vicenza,60-64,Driver,1,1,0,1,0
2024,1,Vicenza,60-64,Passenger,1,1,0,1,0
2024,1,Vicenza,60-64,Pedestrian,1,1,0,1,0
2024,1,Vicenza,65+,Driver,1,0,0,0,0
2024,1,Vicenza,65+,Passenger,2,1,0,1,0
2024,1,Vicenza,65+,Pedestrian,1,1,1,0,0
2024,2,Vicenza,20-24,Passenger,1,1,0,1,0
2024,3,Vicenza,18-20,Driver,1,0,0,0,0
2024,3,Vicenza,20-24,Driver,2,2,1,1,0
2024,3,Vicenza,20-24,Pedestrian,2,2,0,2,0
2024,3,Vicenza,25-29,Driver,2,2,0,2,0
2024,3,Vicenza,30-44,Driver,5,4,0,4,0
2024,3,Vicenza,30-44,Passenger,3,3,0,3,0
2024,3,Vicenza,30-44,Pedestrian,1,1,0,1,0
2024,3,Vicenza,45-54,Driver,2,2,1,1,0
2024,3,Vicenza,55-59,Pedestrian,1,1,0,1,0
2024,4,Vicenza,18-20,Driver,10,10,2,8,0
2024,4,Vicenza,18-20,Passenger,3,3,1,2,0
2024,4,Vicenza,20-24,Driver,8,6,1,5,0
2024,4,Vicenza,20-24,Passenger,7,5,0,5,0
2024,4,Vicenza,25-29,Driver,1,1,0,1,0
2024,4,Vicenza,25-29,Passenger,2,2,1,1,0
2024,4,Vicenza,30-44,Driver,11,9,1,8,0
2024,4,Vicenza,30-44,Passenger,1,0,0,0,0
2024,4,Vicenza,30-44,Pedestrian,2,1,0,1,0
2024,4,Vicenza,45-54,Driver,8,7,0,7,0
2024,4,Vicenza,45-54,Passenger,3,3,2,1,0
2024,4,Vicenza,45-54,Pedestrian,1,1,0,1,0
2024,4,Vicenza,55-59,Driver,7,5,1,4,0
2024,4,Vicenza,55-59,Passenger,3,3,0,3,0
2024,4,Vicenza,55-59,Pedestrian,1,1,0,1,0
2024,4,Vicenza,60-64,Driver,4,4,1,3,0
2024,4,Vicenza,65+,Driver,2,2,0,2,0
2024,4,Vicenza,65+,Passenger,2,2,0,2,0
2024,4,Vicenza,65+,Pedestrian,1,1,0,1,0
2024,5,Vicenza,18-20,Driver,3,1,0,1,0
2024,5,Vicenza,18-20,Pedestrian,1,0,0,0,0
2024,5,Vicenza,20-24,Driver,3,3,1,2,0
2024,5,Vicenza,20-24,Passenger,4,3,1,2,0
2024,5,Vicenza,25-29,Driver,2,1,0,1,0
2024,5,Vicenza,30-44,Driver,7,4,0,4,0
2024,5,Vicenza,30-44,Passenger,4,4,2,2,0
2024,5,Vicenza,45-54,Driver,5,5,0,5,0
2024,5,Vicenza,45-54,Passenger,4,4,0,4,0
2024,5,Vicenza,55-59,Driver,3,3,1,2,0
2024,5,Vicenza,55-59,Passenger,1,1,0,1,0
2024,5,Vicenza,60-64,Driver,2,2,0,2,0
2024,5,Vicenza,65+,Driver,1,1,0,1,0
2024,6,Vicenza,18-20,Driver,2,2,1,1,0
2024,6,Vicenza,20-24,Driver,1,1,0,1,0
2024,6,Vicenza,20-24,Passenger,2,2,0,2,0
2024,6,Vicenza,20-24,Pedestrian,1,1,0,1,0
2024,6,Vicenza,25-29,Driver,6,5,1,4,0
2024,6,Vicenza,25-29,Pedestrian,1,1,0,1,0
2024,6,Vicenza,30-44,Driver,9,7,0,7,0
2024,6,Vicenza,30-44,Passenger,3,2,0,2,0
2024,6,Vicenza,45-54,Driver,4,2,1,1,0
2024,6,Vicenza,45-54,Passenger,3,2,0,2,0
2024,6,Vicenza,55-59,Driver,5,5,1,4,0
2024,6,Vicenza,55-59,Passenger,3,3,2,1,1
2024,6,Vicenza,65+,Driver,3,3,1,2,0
2024,7,Vicenza,18-20,Driver,4,4,0,4,0
2024,7,Vicenza,18-20,Passenger,3,3,0,3,0
2024,7,Vicenza,18-20,Pedestrian,1,1,0,1,0
2024,7,Vicenza,20-24,Driver,2,2,1,1,0
2024,7,Vicenza,20-24,Passenger,1,0,0,0,0
2024,7,Vicenza,30-44,Driver,6,5,2,3,0
2024,7,Vicenza,45-54,Driver,1,1,0,1,0
2024,7,Vicenza,45-54,Passenger,1,0,0,0,0
2024,7,Vicenza,60-64,Pedestrian,1,1,0,1,0
2024,7,Vicenza,65+,Driver,2,2,0,2,0
2024,7,Vicenza,65+,Passenger,1,1,1,0,0
2024,7,Vicenza,65+,Pedestrian,1,1,0,1,0
2024,8,Vicenza,18-20,Driver,4,3,0,3,0
2024,8,Vicenza,20-24,Driver,3,3,2,1,0
2024,8,Vicenza,20-24,Passenger,1,1,0,1,0
2024,8,Vicenza,25-29,Driver,1,1,0,1,0
2024,8,Vicenza,25-29,Passenger,2,1,0,1,0
2024,8,Vicenza,30-44,Driver,2,2,0,2,0
2024,8,Vicenza,45-54,Passenger,2,2,1,1,0
2024,8,Vicenza,60-64,Driver,3,3,1,2,0
2024,9,Vicenza,18-20,Driver,2,1,0,1,0
2024,9,Vicenza,18-20,Passenger,1,0,0,0,0
2024,9,Vicenza,20-24,Driver,2,2,0,2,0
2024,9,Vicenza,30-44,Driver,1,0,0,0,0
2024,9,Vicenza,45-54,Driver,2,2,0,2,0
2024,9,Vicenza,55-59,Driver,1,1,0,1,0
2024,9,Vicenza,60-64,Passenger,1,1,0,1,0
2024,10,Vicenza,20-24,Driver,1,1,0,1,0
2024,11,Vicenza,18-20,Driver,2,2,0,2,0
2024,11,Vicenza,18-20,Passenger,1,1,0,1,0
2024,11,Vicenza,20-24,Driver,3,2,1,1,0
2024,11,Vicenza,20-24,Passenger,1,1,0,1,0
2024,11,Vicenza,25-29,Driver,1,1,0,1,0
2024,11,Vicenza,25-29,Passenger,1,1,1,0,0
2024,11,Vicenza,25-29,Pedestrian,1,1,1,0,0
2024,11,Vicenza,30-44,Driver,5,5,2,3,0
2024,11,Vicenza,30-44,Passenger,1,0,0,0,0
2024,11,Vicenza,45-54,Driver,4,4,1,3,0
2024,11,Vicenza,45-54,Passenger,4,4,1,3,0
2024,11,Vicenza,55-59,Driver,4,4,1,3,0
2024,11,Vicenza,55-59,Pedestrian,1,0,0,0,0
2024,11,Vicenza,60-64,Driver,1,0,0,0,0
2024,11,Vicenza,65+,Driver,1,1,0,1,0
2024,12,Vicenza,18-20,Driver,1,1,0,1,0
2024,12,Vicenza,18-20,Passenger,3,3,1,2,0
2024,12,Vicenza,20-24,Driver,8,6,1,5,0
2024,12,Vicenza,20-24,Passenger,1,1,0,1,0
2024,12,Vicenza,20-24,Pedestrian,1,1,0,1,0
2024,12,Vicenza,25-29,Driver,3,3,1,2,0
2024,12,Vicenza,25-29,Passenger,3,3,2,1,0
2024,12,Vicenza,30-44,Driver,9,7,2,5,0
2024,12,Vicenza,30-44,Passenger,3,3,0,3,0
2024,12,Vicenza,30-44,Pedestrian,1,1,0,1,0
2024,12,Vicenza,45-54,Driver,7,3,1,2,0
2024,12,Vicenza,45-54,Passenger,3,3,0,3,0
2024,12,Vicenza,45-54,Pedestrian,1,1,0,1,0
2024,12,Vicenza,55-59,Driver,1,1,0,1,0
2024,12,Vicenza,55-59,Passenger,1,1,0,1,0
2024,12,Vicenza,60-64,Driver,3,1,0,1,0
2024,12,Vicenza,60-64,Passenger,2,2,0,2,0
2024,12,Vicenza,65+,Driver,1,0,0,0,0
2024,12,Vicenza,65+,Passenger,2,2,0,2,0
2024,1,Viterbo,18-20,Driver,1,1,0,1,0
2024,1,Viterbo,18-20,Pedestrian,1,1,0,1,0
2024,1,Viterbo,20-24,Driver,2,1,0,1,0
2024,1,Viterbo,20-24,Passenger,1,1,0,1,0
2024,1,Viterbo,25-29,Driver,3,3,0,3,0
2024,1,Viterbo,30-44,Driver,1,1,0,1,0
2024,1,Viterbo,55-59,Passenger,1,1,0,1,0
2024,2,Viterbo,25-29,Passenger,1,1,1,0,0
2024,2,Viterbo,30-44,Driver,2,2,0,2,0
2024,2,Viterbo,55-59,Driver,1,1,0,1,0
2024,2,Viterbo,55-59,Passenger,1,1,1,0,0
2024,3,Viterbo,20-24,Driver,2,2,1,1,1
2024,3,Viterbo,30-44,Driver,1,0,0,0,0
2024,4,Viterbo,18-20,Driver,2,2,0,2,0
2024,4,Viterbo,20-24,Driver,2,2,0,2,0
2024,4,Viterbo,20-24,Passenger,2,2,1,1,0
2024,4,Viterbo,25-29,Driver,3,3,0,3,0
2024,4,Viterbo,25-29,Pedestrian,1,1,0,1,0
2024,4,Viterbo,30-44,Driver,1,1,1,0,0
2024,4,Viterbo,30-44,Passenger,2,2,1,1,0
2024,4,Viterbo,45-54,Driver,2,1,0,1,0
2024,4,Viterbo,45-54,Pedestrian,1,1,0,1,0
2024,4,Viterbo,55-59,Driver,2,1,0,1,0
2024,4,Viterbo,65+,Passenger,1,1,0,1,0
2024,5,Viterbo,25-29,Pedestrian,1,1,1,0,0
2024,5,Viterbo,30-44,Driver,1,0,0,0,0
2024,5,Viterbo,30-44,Passenger,2,2,2,0,0
2024,5,Viterbo,45-54,Driver,1,1,1,0,0
2024,5,Viterbo,65+,Driver,1,1,0,1,0
2024,6,Viterbo,30-44,Passenger,1,1,0,1,0
2024,6,Viterbo,45-54,Passenger,1,1,0,1,0
2024,6,Viterbo,55-59,Driver,1,1,1,0,0
2024,6,Viterbo,65+,Driver,1,1,0,1,0
2024,7,Viterbo,20-24,Passenger,1,1,1,0,0
2024,7,Viterbo,25-29,Driver,2,2,0,2,0
2024,7,Viterbo,25-29,Passenger,1,1,0,1,0
2024,7,Viterbo,25-29,Pedestrian,2,2,0,2,0
2024,7,Viterbo,30-44,Driver,3,3,0,3,0
2024,7,Viterbo,30-44,Passenger,2,1,0,1,0
2024,7,Viterbo,30-44,Pedestrian,1,1,0,1,0
2024,7,Viterbo,45-54,Passenger,2,2,0,2,0
2024,7,Viterbo,55-59,Driver,1,1,0,1,0
2024,7,Viterbo,55-59,Passenger,1,1,0,1,0
2024,7,Viterbo,60-64,Driver,1,1,0,1,0
2024,7,Viterbo,60-64,Passenger,1,1,0,1,0
2024,8,Viterbo,20-24,Driver,1,1,0,1,0
2024,8,Viterbo,25-29,Driver,1,1,1,0,0
2024,8,Viterbo,45-54,Driver,2,2,0,2,0
2024,8,Viterbo,55-59,Driver,1,0,0,0,0
2024,8,Viterbo,55-59,Passenger,1,1,0,1,0
2024,9,Viterbo,20-24,Passenger,1,1,0,1,0
2024,9,Viterbo,25-29,Pedestrian,2,1,0,1,0
2024,9,Viterbo,30-44,Passenger,1,1,0,1,0
2024,9,Viterbo,55-59,Driver,1,1,0,1,0
2024,9,Viterbo,65+,Driver,1,1,0,1,0
2024,10,Viterbo,20-24,Driver,1,0,0,0,0
2024,10,Viterbo,20-24,Passenger,3,3,0,3,0
2024,10,Viterbo,25-29,Driver,1,0,0,0,0
2024,10,Viterbo,25-29,Pedestrian,1,0,0,0,0
2024,10,Viterbo,30-44,Driver,1,1,0,1,0
2024,10,Viterbo,30-44,Passenger,2,1,1,0,0
2024,10,Viterbo,45-54,Driver,4,4,0,4,0
2024,10,Viterbo,45-54,Passenger,1,1,0,1,0
2024,10,Viterbo,55-59,Driver,4,3,1,2,0
2024,10,Viterbo,55-59,Pedestrian,1,1,0,1,0
2024,10,Viterbo,60-64,Driver,2,2,0,2,0
2024,11,Viterbo,18-20,Passenger,1,1,0,1,0
2024,11,Viterbo,30-44,Driver,2,2,1,1,0
2024,11,Viterbo,30-44,Passenger,1,1,0,1,0
2024,11,Viterbo,45-54,Driver,1,1,0,1,0
2024,11,Viterbo,45-54,Passenger,1,1,0,1,0
2024,11,Viterbo,55-59,Driver,1,1,0,1,0
2024,11,Viterbo,55-59,Passenger,1,1,0,1,0
2024,11,Viterbo,55-59,Pedestrian,1,1,0,1,0
2024,12,Viterbo,18-20,Driver,2,2,0,2,0
2024,12,Viterbo,20-24,Driver,2,2,0,2,0
2024,12,Viterbo,20-24,Passenger,2,2,0,2,0
2024,12,Viterbo,25-29,Driver,2,2,0,2,0
2024,12,Viterbo,30-44,Driver,1,1,1,0,0
2024,12,Viterbo,30-44,Passenger,1,1,1,0,0
2024,12,Viterbo,30-44,Pedestrian,1,1,1,0,0
2024,12,Viterbo,45-54,Driver,2,2,0,2,0
2024,12,Viterbo,45-54,Passenger,2,2,0,2,0
2024,12,Viterbo,55-59,Driver,1,1,1,0,0
2024,12,Viterbo,60-64,Driver,1,1,0,1,0
